asset_id,display_symbol,ticker,yahoo_ticker_norm,name,asset_class,region,n_total,n_weekday,n_weekend,nan_frac_total_calendar,nan_frac_weekday_only,max_abs_return,passes_current_25pct_calendar_nan,passes_40pct_calendar_nan,passes_weekday_25pct_nan,passes_min_1000_obs,passes_min_1260_obs
CRYPTO:AAVE-USD,AAVE-USD,AAVE-USD,,AAVE-USD,crypto,Coinbase,1824,1303,521,0.0,0.0,0.31742823123931885,True,True,True,True,True
CRYPTO:ADA-USD,ADA-USD,ADA-USD,,ADA-USD,crypto,Coinbase,1824,1303,521,0.0,0.0,0.713276207447052,True,True,True,True,True
CRYPTO:ATOM-USD,ATOM-USD,ATOM-USD,,ATOM-USD,crypto,Coinbase,1824,1303,521,0.0,0.0,0.31538546085357666,True,True,True,True,True
CRYPTO:AVAX-USD,AVAX-USD,AVAX-USD,,AVAX-USD,crypto,Coinbase,1824,1303,521,0.0,0.0,0.30514657497406006,True,True,True,True,True
CRYPTO:BCH-USD,BCH-USD,BCH-USD,,BCH-USD,crypto,Binance,1824,1303,521,0.0,0.0,0.5842024683952332,True,True,True,True,True
CRYPTO:BTC-USD,BTC-USD,BTC-USD,,BTC-USD,crypto,Coinbase,1824,1303,521,0.0,0.0,0.15974725782871246,True,True,True,True,True
CRYPTO:DOGE-USD,DOGE-USD,DOGE-USD,,DOGE-USD,crypto,Binance,1824,1303,521,0.0,0.0,0.44943198561668396,True,True,True,True,True
CRYPTO:DOT-USD,DOT-USD,DOT-USD,,DOT-USD,crypto,Coinbase,1824,1303,521,0.0,0.0,2.4092140197753906,True,True,True,True,True
CRYPTO:ETC-USD,ETC-USD,ETC-USD,,ETC-USD,crypto,Binance,1824,1303,521,0.0,0.0,0.32505887746810913,True,True,True,True,True
CRYPTO:ETH-USD,ETH-USD,ETH-USD,,ETH-USD,crypto,Binance,1824,1303,521,0.0,0.0,0.21798768639564514,True,True,True,True,True
CRYPTO:FIL-USD,FIL-USD,FIL-USD,,FIL-USD,crypto,Coinbase,1824,1303,521,0.0,0.0,0.765937864780426,True,True,True,True,True
CRYPTO:HBAR-USD,HBAR-USD,HBAR-USD,,HBAR-USD,crypto,Coinbase,1824,1303,521,0.0,0.0,0.7308763861656189,True,True,True,True,True
CRYPTO:INJ-USD,INJ-USD,INJ-USD,,INJ-USD,crypto,Binance,1824,1303,521,0.0,0.0,0.49285197257995605,True,True,True,True,True
CRYPTO:LINK-USD,LINK-USD,LINK-USD,,LINK-USD,crypto,Binance,1824,1303,521,0.0,0.0,0.3283202648162842,True,True,True,True,True
CRYPTO:LTC-USD,LTC-USD,LTC-USD,,LTC-USD,crypto,Binance,1824,1303,521,0.0,0.0,0.2758975923061371,True,True,True,True,True
CRYPTO:MANA-USD,MANA-USD,MANA-USD,,MANA-USD,crypto,Binance,1824,1303,521,0.0,0.0,1.5473840236663818,True,True,True,True,True
CRYPTO:NEAR-USD,NEAR-USD,NEAR-USD,,NEAR-USD,crypto,Binance,1824,1303,521,0.0,0.0,0.43480053544044495,True,True,True,True,True
CRYPTO:NEO-USD,NEO-USD,NEO-USD,,NEO-USD,crypto,Binance,1824,1303,521,0.0,0.0,0.4311036765575409,True,True,True,True,True
CRYPTO:RUNE-USD,RUNE-USD,RUNE-USD,,RUNE-USD,crypto,Binance,1824,1303,521,0.0,0.0,0.4495040476322174,True,True,True,True,True
CRYPTO:SAND-USD,SAND-USD,SAND-USD,,SAND-USD,crypto,Binance,1824,1303,521,0.0,0.0,0.7600244879722595,True,True,True,True,True
CRYPTO:SOL-USD,SOL-USD,SOL-USD,,SOL-USD,crypto,Coinbase,1824,1303,521,0.0,0.0,0.42280903458595276,True,True,True,True,True
CRYPTO:THETA-USD,THETA-USD,THETA-USD,,THETA-USD,crypto,Binance,1824,1303,521,0.0,0.0,7.3956298828125,True,True,True,True,True
CRYPTO:UNI-USD,UNI7083-USD,UNI-USD,,UNI-USD,crypto,Coinbase,1824,1303,521,0.0,0.0,0.5430884957313538,True,True,True,True,True
CRYPTO:XLM-USD,XLM-USD,XLM-USD,,XLM-USD,crypto,Binance,1824,1303,521,0.0,0.0,0.47557055950164795,True,True,True,True,True
CRYPTO:XRP-USD,XRP-USD,XRP-USD,,XRP-USD,crypto,Binance,1824,1303,521,0.0,0.0,0.7307500243186951,True,True,True,True,True
CRYPTO:ZEC-USD,ZEC-USD,ZEC-USD,,ZEC-USD,crypto,Coinbase,1824,1303,521,0.0,0.0,0.612197995185852,True,True,True,True,True
EQH0015bcc51afff7e7,IDXX,IDXX,,IDEXX Laboratories Inc.,equity,NASDAQ,1824,1303,521,0.0,0.0,0.27493754029273987,True,True,True,True,True
EQH001c29fe564c5036,MRK.DE,MRK,,Merck KGaA,equity,Cboe Europe,1824,1303,521,0.0,0.0,4.112368583679199,True,True,True,True,True
EQH00560f212a12736e,CFG,CFG,,Citizens Financial Group Inc.,equity,NYSE,1824,1303,521,0.0,0.0,0.1442444622516632,True,True,True,True,True
EQH005b6fe7d726cb09,CE,CE,,Celanese Corporation,equity,NYSE,1824,1303,521,0.0,0.0,0.2631578743457794,True,True,True,True,True
EQH00782fb142fefcf4,PNC,PNC,,PNC Financial Services Group Inc.,equity,NYSE,1824,1303,521,0.0,0.0,0.0888085812330246,True,True,True,True,True
EQH00ab0c0c47ab9865,CRUS,CRUS,,"Cirrus Logic, Inc.",equity,NASDAQ,1824,1303,521,0.0,0.0,0.16531063616275787,True,True,True,True,True
EQH00cda49a7ffbe944,TX,TX,,Ternium SA,equity,NYSE,1824,1303,521,0.0,0.0,1.172174334526062,True,True,True,True,True
EQH00ce176934fce831,PINS,PINS,,Pinterest Inc.,equity,NYSE,1824,1303,521,0.0,0.0,0.23638778924942017,True,True,True,True,True
EQH0110d846623566e0,TTWO,TTWO,,Take-Two Interactive Software Inc.,equity,NASDAQ,1824,1303,521,0.0,0.0,0.14032118022441864,True,True,True,True,True
EQH0123ffb8f790fada,KRN.DE,KRN,,Krones AG,equity,Cboe Europe,1824,1303,521,0.0,0.0,4.102710723876953,True,True,True,True,True
EQH0125004479d192c5,CAP.PA,CAP,,Capgemini SE,equity,Cboe Europe,1824,1303,521,0.0,0.0,4.106962203979492,True,True,True,True,True
EQH014475d6faea4f05,ATKR,ATKR,,Atkore Inc,equity,NYSE,1824,1303,521,0.0,0.0,0.2633573114871979,True,True,True,True,True
EQH014f344a5310d7ed,ROP,ROP,,Roper Technologies Inc.,equity,NASDAQ,1824,1303,521,0.0,0.0,0.07365871965885162,True,True,True,True,True
EQH01752bc5b67515ff,NNI,NNI,,Nelnet Inc.,equity,NYSE,1824,1303,521,0.0,0.0,0.14417889714241028,True,True,True,True,True
EQH01897b5879315268,BRK-B,BRK,,Berkshire Hathaway Inc.,equity,NYSE,1824,1303,521,0.0,0.0,0.06907342374324799,True,True,True,True,True
EQH0198c6d7d97c1097,CSAN,CSAN,,Cosan SA,equity,NYSE,1824,1303,521,0.0,0.0,0.17844519019126892,True,True,True,True,True
EQH01c7356bb0eb0e8c,ETN,ETN,,Eaton Corporation PLC,equity,NYSE,1824,1303,521,0.0,0.0,0.15564538538455963,True,True,True,True,True
EQH01d996422542b786,GBLB.BR,GBLB,,Groupe Bruxelles Lambert SA,equity,Cboe Europe,1824,1303,521,0.0,0.0,4.092746257781982,True,True,True,True,True
EQH01df46954261ef82,AIT,AIT,,Applied Industrial Technologies Inc,equity,NYSE,1824,1303,521,0.0,0.0,0.13734138011932373,True,True,True,True,True
EQH01e3d9d4c84963e1,IAC,IAC,,IAC Inc.,equity,NASDAQ,1824,1303,521,0.0,0.0,2.0682313442230225,True,True,True,True,True
EQH0201771c795aa583,DEC.PA,DEC,,JC Decaux S.A.,equity,Cboe Europe,1824,1303,521,0.0,0.0,4.897983074188232,True,True,True,True,True
EQH02045df052532cea,LSCC,LSCC,,Lattice Semiconductor Corp.,equity,NASDAQ,1824,1303,521,0.0,0.0,0.22727268934249878,True,True,True,True,True
EQH0205ee11b316ff08,NYT,NYT,,The New York Times Company,equity,NYSE,1824,1303,521,0.0,0.0,0.15535253286361694,True,True,True,True,True
EQH0215feba12605c01,KT,KT,,KT Corp,equity,NYSE,1824,1303,521,0.0,0.0,0.07601979374885559,True,True,True,True,True
EQH0223a2a38a2b7b21,KER.PA,KER,,Kering S.A.,equity,Cboe Europe,1824,1303,521,0.0,0.0,4.032108783721924,True,True,True,True,True
EQH024db041ef4f594a,BRKM5.SA,BRKM5,,Braskem SA,equity,B3,1824,1303,521,0.0,0.0,0.25621604919433594,True,True,True,True,True
EQH02729bc62ce2ac56,FLG,FLG,,Flagstar Financial Inc.,equity,NYSE,1824,1303,521,0.0,0.0,0.3766859769821167,True,True,True,True,True
EQH028b839246b50817,HAE,HAE,,Haemonetics Corporation,equity,NYSE,1824,1303,521,0.0,0.0,0.32314667105674744,True,True,True,True,True
EQH028c105fc357c625,MSGS,MSGS,,Madison Square Garden Sports Corp.,equity,NYSE,1824,1303,521,0.0,0.0,0.1164650097489357,True,True,True,True,True
EQH02c292ed670627ff,GFI,GFI,,Gold Fields Limited,equity,NYSE,1824,1303,521,0.0,0.0,0.2344263643026352,True,True,True,True,True
EQH02c501a453b6795d,WCN,WCN,,Waste Connections Inc.,equity,NYSE,1824,1303,521,0.0,0.0,0.07612773776054382,True,True,True,True,True
EQH02f099e824fd9ce4,ALIT,ALIT,,Alight Inc,equity,NYSE,1824,1303,521,0.0,0.0,0.18323591351509094,True,True,True,True,True
EQH031b6fe7246a0340,TMV,TMV,,TeamViewer SE,equity,Cboe Europe,1824,1303,521,0.0,0.0,4.13120698928833,True,True,True,True,True
EQH033a7808951e0dcd,FLO,FLO,,Flowers Foods Inc.,equity,NYSE,1824,1303,521,0.0,0.0,0.12457554787397385,True,True,True,True,True
EQH035c7d72e6ab6f02,CRWD,CRWD,,Crowdstrike Holdings Inc.,equity,NASDAQ,1824,1303,521,0.0,0.0,0.16296455264091492,True,True,True,True,True
EQH036974ccc96266c0,ADSK,ADSK,,Autodesk Inc.,equity,NASDAQ,1824,1303,521,0.0,0.0,0.15493422746658325,True,True,True,True,True
EQH036d4538979f90a6,SAIC,SAIC,,Science Applications International Corp,equity,NASDAQ,1824,1303,521,0.0,0.0,0.16291560232639313,True,True,True,True,True
EQH038f689680f55229,DLTR,DLTR,,Dollar Tree Inc.,equity,NASDAQ,1824,1303,521,0.0,0.0,0.2215554118156433,True,True,True,True,True
EQH03a228321b1096ba,BTU,BTU,,Peabody Energy Corporation,equity,NYSE,1824,1303,521,0.0,0.0,0.24502485990524292,True,True,True,True,True
EQH03c5e70c528f46f5,A,A,,Agilent Technologies Inc.,equity,NYSE,1824,1303,521,0.0,0.0,0.1558757722377777,True,True,True,True,True
EQH03caaf932466d2af,ALL,ALL,,Allstate Corp.,equity,NYSE,1824,1303,521,0.0,0.0,0.12904183566570282,True,True,True,True,True
EQH041088b1370046c9,BMBL,BMBL,,Bumble Inc.,equity,NASDAQ,1824,1303,521,0.0,0.0,0.4189675748348236,True,True,True,True,True
EQH042cb71eefc64cf4,SJM,SJM,,J M Smucker Co.,equity,NYSE,1824,1303,521,0.0,0.0,0.15592315793037415,True,True,True,True,True
EQH043d4da21c2d1e74,WTRG,WTRG,,Essential Utilities Inc.,equity,NYSE,1824,1303,521,0.0,0.0,0.059347186237573624,True,True,True,True,True
EQH044a837543c56d13,AEP,AEP,,American Electric Power Inc.,equity,NASDAQ,1824,1303,521,0.0,0.0,0.060811419039964676,True,True,True,True,True
EQH0466425544f57a4c,AMKR,AMKR,,Amkor Technology Inc.,equity,NASDAQ,1824,1303,521,0.0,0.0,0.20509375631809235,True,True,True,True,True
EQH047fa1742efd5238,AMAT,AMAT,,Applied Materials Inc.,equity,NASDAQ,1824,1303,521,0.0,0.0,0.1610575169324875,True,True,True,True,True
EQH04a56f6af9f781b9,IYW,IYW,,iShares US Technology ETF,equity,NYSE,1824,1303,521,0.0,0.0,0.13584080338478088,True,True,True,True,True
EQH04b1ae4de72adb70,FLEX,FLEX,,Flex Ltd,equity,NASDAQ,1824,1303,521,0.0,0.0,0.33424803614616394,True,True,True,True,True
EQH04c4f85ba988f50a,JLL,JLL,,Jones Lang Lasalle Inc.,equity,NYSE,1824,1303,521,0.0,0.0,0.12501539289951324,True,True,True,True,True
EQH04e4341fd10294b1,VNA.DE,VNA,,Vonovia SE,equity,Cboe Europe,1824,1303,521,0.0,0.0,4.071371555328369,True,True,True,True,True
EQH04e5c26ca3a1956c,BOIL,BOIL,,ProShares Ultra Bloomberg Natural Gas,equity,NYSE,1824,1303,521,0.0,0.0,0.8134408593177795,True,True,True,True,True
EQH04f2a841b3d18728,JACK,JACK,,Jack in the Box Inc.,equity,NASDAQ,1824,1303,521,0.0,0.0,0.16138915717601776,True,True,True,True,True
EQH04fee7d605d3a75a,MGPI,MGPI,,MGP Ingredients Inc.,equity,NASDAQ,1824,1303,521,0.0,0.0,0.24163292348384857,True,True,True,True,True
EQH05123e72c07fcb60,DEI,DEI,,Douglas Emmett Inc.,equity,NYSE,1824,1303,521,0.0,0.0,0.12177098542451859,True,True,True,True,True
EQH05732b0a8a0b7c80,DIOD,DIOD,,Diodes Inc,equity,NASDAQ,1824,1303,521,0.0,0.0,0.1485399603843689,True,True,True,True,True
EQH057a5cfa7be3faca,DVA,DVA,,Davita Inc.,equity,NYSE,1824,1303,521,0.0,0.0,0.27090439200401306,True,True,True,True,True
EQH0586dbe8774c08db,SHW,SHW,,Sherwin-Williams Co,equity,NYSE,1824,1303,521,0.0,0.0,0.0941457748413086,True,True,True,True,True
EQH05913786a3441a40,AIZ,AIZ,,Assurant Inc.,equity,NYSE,1824,1303,521,0.0,0.0,0.118065744638443,True,True,True,True,True
EQH05aa3c1386f42838,ROCK,ROCK,,Gibraltar Industries Inc.,equity,NASDAQ,1824,1303,521,0.0,0.0,1.7890779972076416,True,True,True,True,True
EQH05df1b4fddfe9fdb,XRAY,XRAY,,Dentsply Sirona Inc.,equity,NASDAQ,1824,1303,521,0.0,0.0,0.2802335023880005,True,True,True,True,True
EQH05f47f7407a6ea54,MA,MA,,MasterCard Inc.,equity,NYSE,1824,1303,521,0.0,0.0,0.0912334993481636,True,True,True,True,True
EQH062c87745382a5f2,DSGX,DSGX,,Descartes Systems Group Inc,equity,NASDAQ,1824,1303,521,0.0,0.0,0.14356321096420288,True,True,True,True,True
EQH062f083bf8147d77,GIL,GIL,,Gildan Activewear Inc.,equity,NYSE,1824,1303,521,0.0,0.0,0.27673038840293884,True,True,True,True,True
EQH065a8f255a6449d8,SPCE,SPCE,,Virgin Galactic Holdings Inc,equity,NYSE,1824,1303,521,0.0,0.0,0.49368607997894287,True,True,True,True,True
EQH065d20c67e8058a0,HELE,HELE,,Helen of Troy Limited,equity,NASDAQ,1824,1303,521,0.0,0.0,0.27727222442626953,True,True,True,True,True
EQH066b7c8db4099945,GEF,GEF,,Greif Inc.,equity,NYSE,1824,1303,521,0.0,0.0,0.15634648501873016,True,True,True,True,True
EQH0672dae2e4b69fbd,LHX,LHX,,L3Harris Technologies Inc,equity,NYSE,1824,1303,521,0.0,0.0,1.349144697189331,True,True,True,True,True
EQH068a55b3927b3709,TYL,TYL,,Tyler Technologies Inc.,equity,NYSE,1824,1303,521,0.0,0.0,0.09455081075429916,True,True,True,True,True
EQH068e77480e6d713c,WKL.AS,WKL,,Wolters Kluwer N.V.,equity,Cboe Europe,1824,1303,521,0.0,0.0,4.100974082946777,True,True,True,True,True
EQH06aba4e7ed121677,AVA,AVA,,Avista Corp.,equity,NYSE,1824,1303,521,0.0,0.0,0.08213508129119873,True,True,True,True,True
EQH06ae6737d0a82005,HIMS,HIMS,,"Hims & Hers Health, Inc.",equity,NYSE,1824,1303,521,0.0,0.0,0.3463095724582672,True,True,True,True,True
EQH07048d654a316e96,FRO,FRO,,Frontline Ltd.,equity,NYSE,1824,1303,521,0.0,0.0,0.2568402886390686,True,True,True,True,True
EQH07049612bca7ec19,SSB,SSB,,SouthState Corp.,equity,NYSE,1824,1303,521,0.0,0.0,1.042744755744934,True,True,True,True,True
EQH070b471b56caeb41,BVI.PA,BVI,,Bureau Veritas SA,equity,Cboe Europe,1824,1303,521,0.0,0.0,4.10524320602417,True,True,True,True,True
EQH073f8a2d4dc6bd45,PVH,PVH,,PVH Corp.,equity,NYSE,1824,1303,521,0.0,0.0,1.014103651046753,True,True,True,True,True
EQH073fef53fe2cd007,ZWS,ZWS,,Zurn Elkay Water Solutions Corp.,equity,NYSE,1824,1303,521,0.0,0.0,0.12202757596969604,True,True,True,True,True
EQH07569c48dd2de7a7,BMY,BMY,,Bristol-Myers Squibb Co,equity,NYSE,1824,1303,521,0.0,0.0,0.11442453414201736,True,True,True,True,True
EQH075b65b03df5b6f2,SXT,SXT,,Sensient Technologies Corporation,equity,NYSE,1824,1303,521,0.0,0.0,0.2159627079963684,True,True,True,True,True
EQH076ee029864c5aba,BBAS3.SA,BBAS3,,Banco do Brasil S.A.,equity,B3,1824,1303,521,0.0,0.0,0.1337558925151825,True,True,True,True,True
EQH076f5275a27240a1,SE,SE,,Sea Ltd.,equity,NYSE,1824,1303,521,0.0,0.0,0.360480397939682,True,True,True,True,True
EQH07710302f0453aa5,MLI,MLI,,"Mueller Industries, Inc.",equity,NYSE,1824,1303,521,0.0,0.0,0.1449195146560669,True,True,True,True,True
EQH078bbe0409bd61bd,RNG,RNG,,RingCentral Inc.,equity,NYSE,1824,1303,521,0.0,0.0,0.3011283874511719,True,True,True,True,True
EQH07a5847a0c5184f7,RJF,RJF,,Raymond James Financial Inc,equity,NYSE,1824,1303,521,0.0,0.0,0.09791737794876099,True,True,True,True,True
EQH07c48630a663092e,TEL,TEL,,TE Connectivity Ltd.,equity,NYSE,1824,1303,521,0.0,0.0,0.11952118575572968,True,True,True,True,True
EQH07c8df0f10d9c5ad,AF.PA,AF,,AIR France-KLM SA,equity,Cboe Europe,1824,1303,521,0.0,0.0,4.104654312133789,True,True,True,True,True
EQH07d165e1116b3df5,BAS.DE,BAS,,BASF SE,equity,Cboe Europe,1824,1303,521,0.0,0.0,4.092038631439209,True,True,True,True,True
EQH07fe5a23f8f5c799,MTX,MTX,,MTU Aero Engines AG,equity,Cboe Europe,1824,1303,521,0.0,0.0,0.5009783506393433,True,True,True,True,True
EQH0816028bb3741194,COP,COP,,CompuGroup Medical SE & Co. KGaA,equity,Cboe Europe,1824,1303,521,0.0,0.0,0.1070651262998581,True,True,True,True,True
EQH083357eba1581b6d,RIOT,RIOT,,Riot Platforms Inc.,equity,NASDAQ,1824,1303,521,0.0,0.0,1.3394654989242554,True,True,True,True,True
EQH0843b56030f92a3e,AXTA,AXTA,,Axalta Coating Systems Ltd.,equity,NYSE,1824,1303,521,0.0,0.0,0.11477713286876678,True,True,True,True,True
EQH084a57d644d93b92,ORLY,ORLY,,O'Reilly Automotive Inc.,equity,NASDAQ,1824,1303,521,0.0,0.0,0.1261899322271347,True,True,True,True,True
EQH0853f36b35a102c0,RDN,RDN,,Radian Group Inc,equity,NYSE,1824,1303,521,0.0,0.0,0.09281007945537567,True,True,True,True,True
EQH086d1e7448a63c24,FLRY3.SA,FLRY3,,Fleury S.A.,equity,B3,1824,1303,521,0.0,0.0,0.18017281591892242,True,True,True,True,True
EQH0871c7ebec8a78a3,HPQ,HPQ,,HP Inc.,equity,NYSE,1824,1303,521,0.0,0.0,0.16951227188110352,True,True,True,True,True
EQH0873a79e775052f4,CHRD,CHRD,,Chord Energy Corp,equity,NASDAQ,1824,1303,521,0.0,0.0,0.15799087285995483,True,True,True,True,True
EQH0888b848601714c9,HO.PA,HO,,Thales SA,equity,Cboe Europe,1824,1303,521,0.0,0.0,4.104927062988281,True,True,True,True,True
EQH088e29d8259fb642,CLNX.MC,CLNX,,Cellnex Telecom SA,equity,Cboe Europe,1824,1303,521,0.0,0.0,4.084855079650879,True,True,True,True,True
EQH0895c2dec2cce145,DASH,DASH,,DoorDash Inc,equity,NASDAQ,1824,1303,521,0.0,0.0,0.174537792801857,True,True,True,True,True
EQH089bafade0b5b110,BN.PA,BN,,Danone S.A.,equity,Cboe Europe,1824,1303,521,0.0,0.0,4.112041473388672,True,True,True,True,True
EQH089fa93e6146c258,RWE.DE,RWE,,RWE AG,equity,Cboe Europe,1824,1303,521,0.0,0.0,4.0981621742248535,True,True,True,True,True
EQH08c0bb7ca3f96a00,VALE,VALE,,Vale SA,equity,NYSE,1824,1303,521,0.0,0.0,0.11552338302135468,True,True,True,True,True
EQH08c88b5f29f6c893,FRE.DE,FRE,,Fresenius SE & Co. KGaA,equity,Cboe Europe,1824,1303,521,0.0,0.0,4.10650634765625,True,True,True,True,True
EQH08dd609cb7fabe5a,QCOM,QCOM,,Qualcomm Inc.,equity,NASDAQ,1824,1303,521,0.0,0.0,0.15185286104679108,True,True,True,True,True
EQH08dd75ab17d8f8ca,DIE.BR,DIE,,D'Ieteren Group SA,equity,Cboe Europe,1824,1303,521,0.0,0.0,4.957779884338379,True,True,True,True,True
EQH08e3c64195cd1409,NWE,NWE,,NorthWestern Corp.,equity,NASDAQ,1824,1303,521,0.0,0.0,0.06335333734750748,True,True,True,True,True
EQH08e441d4226505f5,CCJ,CCJ,,Cameco Corp.,equity,NYSE,1824,1303,521,0.0,0.0,0.2342415302991867,True,True,True,True,True
EQH08ec66bd0a8efaf1,LREN3.SA,LREN3,,Lojas Renner S.A.,equity,B3,1824,1303,521,0.0,0.0,0.13717788457870483,True,True,True,True,True
EQH08f4943ca0645787,VIAV,VIAV,,Viavi Solutions Inc.,equity,NASDAQ,1824,1303,521,0.0,0.0,0.23200562596321106,True,True,True,True,True
EQH08feb525c2e9ded3,NDSN,NDSN,,Nordson Corp.,equity,NASDAQ,1824,1303,521,0.0,0.0,0.13934682309627533,True,True,True,True,True
EQH09195842e7917d17,LBRT,LBRT,,Liberty Energy Inc,equity,NYSE,1824,1303,521,0.0,0.0,0.28308215737342834,True,True,True,True,True
EQH093822576d7751c4,ITX.MC,ITX,,Industria de Diseno Textil S.A.,equity,Cboe Europe,1824,1303,521,0.0,0.0,4.025479316711426,True,True,True,True,True
EQH09876e42c6fb7c5f,BG.VI,BG,,BAWAG Group AG,equity,Cboe Europe,1824,1303,521,0.0,0.0,4.100335597991943,True,True,True,True,True
EQH09d223fada5ffb6f,APTV,APTV,,Aptiv PLC,equity,NYSE,1824,1303,521,0.0,0.0,0.17721149325370789,True,True,True,True,True
EQH09dbac0e89987ccc,VAMO3.SA,VAMO3,,"Vamos Locação de Caminhões, Máquinas e Equipamentos S.A.",equity,B3,1824,1303,521,0.0,0.0,0.16379083693027496,True,True,True,True,True
EQH09f1aa74a5e9d711,AGNC,AGNC,,AGNC Investment Corp,equity,NASDAQ,1824,1303,521,0.0,0.0,0.10854777693748474,True,True,True,True,True
EQH09f3d66d9e570002,CRSP,CRSP,,Crispr Therapeutics AG,equity,NASDAQ,1824,1303,521,0.0,0.0,0.18224717676639557,True,True,True,True,True
EQH0a0b3b7d26c74f97,PRU,PRU,,Prudential Financial Inc.,equity,NYSE,1824,1303,521,0.0,0.0,0.09984486550092697,True,True,True,True,True
EQH0a14b10040b65cd6,WF,WF,,Woori Financial Group Inc,equity,NYSE,1824,1303,521,0.0,0.0,0.1047152727842331,True,True,True,True,True
EQH0a1e185eba26e73c,DHR,DHR,,Danaher Corp.,equity,NYSE,1824,1303,521,0.0,0.0,0.0987745076417923,True,True,True,True,True
EQH0a3f1407ca6205ea,OR.PA,OR,,L'Oreal S.A.,equity,Cboe Europe,1824,1303,521,0.0,0.0,4.0918731689453125,True,True,True,True,True
EQH0a4b3cc65fccc29a,SNPS,SNPS,,Synopsys Inc.,equity,NASDAQ,1824,1303,521,0.0,0.0,0.35837316513061523,True,True,True,True,True
EQH0a4bba4b92d35047,MAS,MAS,,Masco Corp.,equity,NYSE,1824,1303,521,0.0,0.0,0.11387331783771515,True,True,True,True,True
EQH0a7da438a39e87f0,GWW,GWW,,WW Grainger Inc,equity,NYSE,1824,1303,521,0.0,0.0,0.1296215057373047,True,True,True,True,True
EQH0a834ab66dec293c,BRBR,BRBR,,Bellring Brands Inc.,equity,NYSE,1824,1303,521,0.0,0.0,0.49048852920532227,True,True,True,True,True
EQH0a977cfecfa1b227,PR,PR,,Permian Resources Corp.,equity,NYSE,1824,1303,521,0.0,0.0,0.15392999351024628,True,True,True,True,True
EQH0aac50ec459e8825,AMD,AMD,,Advanced Micro Devices Inc.,equity,NASDAQ,1824,1303,521,0.0,0.0,0.23820480704307556,True,True,True,True,True
EQH0ae5a849b80a9ff3,IBE.MC,IBE,,Iberdrola SA,equity,Cboe Europe,1824,1303,521,0.0,0.0,4.11447286605835,True,True,True,True,True
EQH0aeae01c84c2e673,PWR,PWR,,Quanta Services Inc.,equity,NYSE,1824,1303,521,0.0,0.0,0.18322479724884033,True,True,True,True,True
EQH0afe4712771d0c03,RVTY,RVTY,,"Revvity, Inc.",equity,NYSE,1824,1303,521,0.0,0.0,0.16133630275726318,True,True,True,True,True
EQH0b02db528861027a,APD,APD,,Air Products & Chemicals Inc.,equity,NYSE,1824,1303,521,0.0,0.0,0.15551763772964478,True,True,True,True,True
EQH0b1e92fcd34dbe3f,NUE,NUE,,Nucor Corporation,equity,NYSE,1824,1303,521,0.0,0.0,0.159947469830513,True,True,True,True,True
EQH0b28b191fee87f4b,RXL,RXL,,Rexel SA,equity,Cboe Europe,1824,1303,521,0.0,0.0,0.11087510734796524,True,True,True,True,True
EQH0b4460721eab6e4e,CAH,CAH,,Cardinal Health Inc.,equity,NYSE,1824,1303,521,0.0,0.0,0.1542530655860901,True,True,True,True,True
EQH0b56509b882f8eaa,RRC,RRC,,Range Resources Corp.,equity,NYSE,1824,1303,521,0.0,0.0,0.1336335390806198,True,True,True,True,True
EQH0b66f8599694e2e0,STNE,STNE,,StoneCo Ltd.,equity,NASDAQ,1824,1303,521,0.0,0.0,0.4203954339027405,True,True,True,True,True
EQH0bbf17379d93860c,TMUS,TMUS,,T-Mobile US Inc.,equity,NASDAQ,1824,1303,521,0.0,0.0,0.112174853682518,True,True,True,True,True
EQH0bc518d5a054f767,HALO,HALO,,Halozyme Therapeutics Inc.,equity,NASDAQ,1824,1303,521,0.0,0.0,0.24556927382946014,True,True,True,True,True
EQH0bd143d8708108c5,CELH,CELH,,Celsius Holdings Inc.,equity,NASDAQ,1824,1303,521,0.0,0.0,0.2777124047279358,True,True,True,True,True
EQH0be399763ad68ea8,MLAB,MLAB,,Mesa Laboratories Inc.,equity,NASDAQ,1824,1303,521,0.0,0.0,0.24915030598640442,True,True,True,True,True
EQH0c0ae3a9499c6993,INDB,INDB,,Independent Bank Corp (Massachusetts),equity,NASDAQ,1824,1303,521,0.0,0.0,0.1539556384086609,True,True,True,True,True
EQH0c2fac5fb9478d1e,UAA,UAA,,Under Armour Inc.,equity,NYSE,1824,1303,521,0.0,0.0,0.2720000147819519,True,True,True,True,True
EQH0c5321b3ab8ed3fa,BAH,BAH,,Booz Allen Hamilton Holding Corp.,equity,NYSE,1824,1303,521,0.0,0.0,0.1652599275112152,True,True,True,True,True
EQH0c620acdaacf7dc9,USIM5.SA,USIM5,,Usinas Siderúrgicas de Minas Gerais S.A.,equity,B3,1824,1303,521,0.0,0.0,0.23408465087413788,True,True,True,True,True
EQH0c721fd61f51eefd,COST,COST,,Costco Wholesale Corp.,equity,NASDAQ,1824,1303,521,0.0,0.0,0.12451321631669998,True,True,True,True,True
EQH0c7dce018c131609,PST,PST,,Poste Italiane SPA,equity,Cboe Europe,1824,1303,521,0.0,0.0,0.041558653116226196,True,True,True,True,True
EQH0c8a06d5d59c7f6a,BDC,BDC,,Belden Inc.,equity,NYSE,1824,1303,521,0.0,0.0,0.2545396685600281,True,True,True,True,True
EQH0ca4773d194f9e98,XLRE,XLRE,,Real Estate Select Sector SPDR Fund,equity,NYSE,1824,1303,521,0.0,0.0,0.07666660100221634,True,True,True,True,True
EQH0ca71360bf2340c0,WING,WING,,Wingstop Inc,equity,NASDAQ,1824,1303,521,0.0,0.0,0.2685498297214508,True,True,True,True,True
EQH0cb69bbae0b6a561,GLOB,GLOB,,Globant S.A.,equity,NYSE,1824,1303,521,0.0,0.0,0.2781081795692444,True,True,True,True,True
EQH0cbbbd9f1c9c6700,SNA,SNA,,Snap-on Incorporated,equity,NYSE,1824,1303,521,0.0,0.0,0.09967143833637238,True,True,True,True,True
EQH0cffea8366d6d32a,DBK.DE,DBK,,Deutsche Bank AG,equity,Cboe Europe,1824,1303,521,0.0,0.0,4.09562873840332,True,True,True,True,True
EQH0d08e7d4e8c196f5,LPG,LPG,,Dorian LPG Ltd.,equity,NYSE,1824,1303,521,0.0,0.0,0.13817109167575836,True,True,True,True,True
EQH0d0c82671fee7866,HMC,HMC,,Honda Motor Co Ltd.,equity,NYSE,1824,1303,521,0.0,0.0,0.13120689988136292,True,True,True,True,True
EQH0d17f785fd4073d9,MCD,MCD,,McDonald's Corp.,equity,NYSE,1824,1303,521,0.0,0.0,0.05705857276916504,True,True,True,True,True
EQH0d1b3491b7c4d7e1,EGIE3.SA,EGIE3,,Engie Brasil Energia S.A.,equity,B3,1824,1303,521,0.0,0.0,0.06502874195575714,True,True,True,True,True
EQH0d2de04e15bb56ac,M,M,,Macy's Inc,equity,NYSE,1824,1303,521,0.0,0.0,0.21173769235610962,True,True,True,True,True
EQH0d3a016ff485da93,AVNT,AVNT,,Avient Corp.,equity,NYSE,1824,1303,521,0.0,0.0,0.18862532079219818,True,True,True,True,True
EQH0d5130ab1e6e6add,CVNA,CVNA,,Carvana Co,equity,NYSE,1824,1303,521,0.0,0.0,1.5824791193008423,True,True,True,True,True
EQH0d52023b415a3e07,LSTR,LSTR,,Landstar System Inc.,equity,NASDAQ,1824,1303,521,0.0,0.0,1.214915156364441,True,True,True,True,True
EQH0d7740f0c973d8fc,MSFT,MSFT,,Microsoft Corp.,equity,NASDAQ,1824,1303,521,0.0,0.0,0.10133666545152664,True,True,True,True,True
EQH0d7ba8aaefe706c1,RUN,RUN,,Sunrun Inc.,equity,NASDAQ,1824,1303,521,0.0,0.0,0.40041494369506836,True,True,True,True,True
EQH0d84a20a4cfd6d43,UBI.PA,UBI,,UBISOFT Entertainment S.A.,equity,Cboe Europe,1824,1303,521,0.0,0.0,4.120450019836426,True,True,True,True,True
EQH0dad4195c2c5ca81,WHD,WHD,,Cactus Inc.,equity,NYSE,1824,1303,521,0.0,0.0,0.14246512949466705,True,True,True,True,True
EQH0db93949593106f0,GNTX,GNTX,,Gentex Corporation,equity,NASDAQ,1824,1303,521,0.0,0.0,0.16186432540416718,True,True,True,True,True
EQH0dc61c5932030985,AMR,AMR,,Alpha Metallurgical Resources Inc.,equity,NYSE,1824,1303,521,0.0,0.0,0.1733272522687912,True,True,True,True,True
EQH0df32599d85cc6c5,AI,AI,,C3.ai Inc.,equity,NYSE,1824,1303,521,0.0,0.0,0.33646175265312195,True,True,True,True,True
EQH0dfe6145a8e81667,ARWR,ARWR,,Arrowhead Pharmaceuticals Inc.,equity,NASDAQ,1824,1303,521,0.0,0.0,0.2684609591960907,True,True,True,True,True
EQH0e020126af0e3f4a,ENEV3.SA,ENEV3,,Eneva S.A.,equity,B3,1824,1303,521,0.0,0.0,0.1481880098581314,True,True,True,True,True
EQH0e222a5bc7088118,APO,APO,,Apollo Global Management Inc.,equity,NYSE,1824,1303,521,0.0,0.0,0.16339099407196045,True,True,True,True,True
EQH0e305f818af2ef0f,RUI.PA,RUI,,Rubis,equity,Cboe Europe,1824,1303,521,0.0,0.0,4.090662956237793,True,True,True,True,True
EQH0e351d8659e214dc,CG,CG,,Carlyle Group Inc.,equity,NASDAQ,1824,1303,521,0.0,0.0,0.1641114354133606,True,True,True,True,True
EQH0e39e765cdd50697,LXS.DE,LXS,,LANXESS Aktiengesellschaft,equity,Cboe Europe,1824,1303,521,0.0,0.0,4.067696571350098,True,True,True,True,True
EQH0e3cb67fc4c55bd6,APPF,APPF,,AppFolio Inc,equity,NASDAQ,1824,1303,521,0.0,0.0,0.2826012074947357,True,True,True,True,True
EQH0e42700c038ba9b4,NWL,NWL,,Newell Brands Inc,equity,NASDAQ,1824,1303,521,0.0,0.0,0.4053630828857422,True,True,True,True,True
EQH0e5545175d1eb466,GGB,GGB,,Gerdau SA,equity,NYSE,1824,1303,521,0.0,0.0,0.1258065402507782,True,True,True,True,True
EQH0e5c2620c8a9df58,ARMK,ARMK,,Aramark,equity,NYSE,1824,1303,521,0.0,0.0,0.11780199408531189,True,True,True,True,True
EQH0e8527482f58009f,FDR.MC,FDR,,Fluidra S.A.,equity,Cboe Europe,1824,1303,521,0.0,0.0,4.077548980712891,True,True,True,True,True
EQH0e91fbdd2227fc20,SIGI,SIGI,,Selective Insurance Group Inc,equity,NASDAQ,1824,1303,521,0.0,0.0,0.18181811273097992,True,True,True,True,True
EQH0e934be784abb9c5,GPK,GPK,,Graphic Packaging Holding Company,equity,NYSE,1824,1303,521,0.0,0.0,0.15566971898078918,True,True,True,True,True
EQH0ed41ebcd5e5f0cd,GRMN,GRMN,,Garmin Ltd.,equity,NYSE,1824,1303,521,0.0,0.0,0.2324531376361847,True,True,True,True,True
EQH0eeeb7c3ea47f801,CATY,CATY,,Cathay General Bancorp,equity,NASDAQ,1824,1303,521,0.0,0.0,0.1353674978017807,True,True,True,True,True
EQH0ef61497fd2a1634,AAON,AAON,,Aaon Inc.,equity,NASDAQ,1824,1303,521,0.0,0.0,0.2737244665622711,True,True,True,True,True
EQH0f232d452fb06a46,RENT3.SA,RENT3,,Localiza Rent a Car S.A.,equity,B3,1824,1303,521,0.0,0.0,1.3788158893585205,True,True,True,True,True
EQH0f28bdd307d6ba35,CMG,CMG,,Chipotle Mexican Grill Inc.,equity,NYSE,1824,1303,521,0.0,0.0,0.18184104561805725,True,True,True,True,True
EQH0f3ebba4ee9242ff,PNFP,PNFP,,Pinnacle Financial Partners Inc,equity,NASDAQ,1824,1303,521,0.0,0.0,1.0853270292282104,True,True,True,True,True
EQH0f5157015a0bd041,CARG,CARG,,CarGurus Inc.,equity,NASDAQ,1824,1303,521,0.0,0.0,0.4395536482334137,True,True,True,True,True
EQH0f74868d59285ac7,TAK,TAK,,Takeda Pharmaceutical Co. Ltd.,equity,NYSE,1824,1303,521,0.0,0.0,0.746945321559906,True,True,True,True,True
EQH0f83ac33a8902921,EMN,EMN,,Eastman Chemical Co.,equity,NYSE,1824,1303,521,0.0,0.0,0.19033192098140717,True,True,True,True,True
EQH0f91feb7d80f8c4d,SBSW,SBSW,,Sibanye Stillwater Ltd,equity,NYSE,1824,1303,521,0.0,0.0,2.0838353633880615,True,True,True,True,True
EQH0fb09df6535b990d,EYE,EYE,,National Vision Holdings Inc.,equity,NASDAQ,1824,1303,521,0.0,0.0,0.39079228043556213,True,True,True,True,True
EQH0fb330363c233a6c,ONB,ONB,,Old National Bancorp,equity,NASDAQ,1824,1303,521,0.0,0.0,0.3164271414279938,True,True,True,True,True
EQH0fc7c103773feea5,ALG,ALG,,Alamo Group Inc.,equity,NYSE,1824,1303,521,0.0,0.0,0.11565510183572769,True,True,True,True,True
EQH0fd0d2784cc45009,EVD.DE,EVD,,CTS Eventim AG & Co. KGaA,equity,Cboe Europe,1824,1303,521,0.0,0.0,4.102697372436523,True,True,True,True,True
EQH0fd9c62572f04e86,DOW,DOW,,Dow Inc,equity,NYSE,1824,1303,521,0.0,0.0,0.17451436817646027,True,True,True,True,True
EQH0fdb95c45e49d9e6,ESLT,ESLT,,Elbit Systems Ltd,equity,NASDAQ,1824,1303,521,0.0,0.0,3.2280757427215576,True,True,True,True,True
EQH0fdd609f6c56b66e,PAGS,PAGS,,PagSeguro Digital Ltd.,equity,NYSE,1824,1303,521,0.0,0.0,0.3180041015148163,True,True,True,True,True
EQH101d37804fdacba1,TDG,TDG,,TransDigm Group Incorporated,equity,NYSE,1824,1303,521,0.0,0.0,0.1193552017211914,True,True,True,True,True
EQH10243e20e862d8f6,ZD,ZD,,Ziff Davis Inc.,equity,NASDAQ,1824,1303,521,0.0,0.0,3.306241512298584,True,True,True,True,True
EQH102b6ecae6c1c689,GATX,GATX,,GATX Corporation,equity,NYSE,1824,1303,521,0.0,0.0,0.08718505501747131,True,True,True,True,True
EQH102fb0f7e9e4570e,MO,MO,,Altria Group Inc.,equity,NYSE,1824,1303,521,0.0,0.0,0.912102222442627,True,True,True,True,True
EQH1037785e62d08dc4,TME,TME,,Tencent Music Entertainment Group,equity,NYSE,1824,1303,521,0.0,0.0,0.3056180775165558,True,True,True,True,True
EQH103e53a8a3b06eaa,LOMA,LOMA,,Loma Negra Compañía Industrial Argentina Sociedad Anónima,equity,NYSE,1824,1303,521,0.0,0.0,0.31974518299102783,True,True,True,True,True
EQH10401c8fcc3cf580,CABO,CABO,,Cable One Inc.,equity,NYSE,1824,1303,521,0.0,0.0,0.41787853837013245,True,True,True,True,True
EQH1054024b7056e8da,EXTR,EXTR,,Extreme Networks Inc,equity,NASDAQ,1824,1303,521,0.0,0.0,0.5351400375366211,True,True,True,True,True
EQH105f7ae9abe4f4ea,SW.PA,SW,,Sodexo SA,equity,Cboe Europe,1824,1303,521,0.0,0.0,4.099242687225342,True,True,True,True,True
EQH106829dadb9d5f92,NEM.DE,NEM,,Nemetschek SE,equity,Cboe Europe,1824,1303,521,0.0,0.0,4.10674524307251,True,True,True,True,True
EQH10723ccd0fdbec28,DWS.DE,DWS,,DWS Group GmbH & Co. KGaA,equity,Cboe Europe,1824,1303,521,0.0,0.0,4.138102054595947,True,True,True,True,True
EQH1089ae27396382d5,VER.VI,VER,,VERBUND AG,equity,Cboe Europe,1824,1303,521,0.0,0.0,4.078514575958252,True,True,True,True,True
EQH108c522701fe4913,TEAM,TEAM,,Atlassian Corporation PLC,equity,NASDAQ,1824,1303,521,0.0,0.0,0.2896021008491516,True,True,True,True,True
EQH109a84b29fa4da00,PDD,PDD,,PDD Holdings Inc.,equity,NASDAQ,1824,1303,521,0.0,0.0,0.5606005191802979,True,True,True,True,True
EQH10b270828b966654,HLAG.DE,HLAG,,Hapag-Lloyd Aktiengesellschaft,equity,Cboe Europe,1824,1303,521,0.0,0.0,4.104387283325195,True,True,True,True,True
EQH10b5f5addac76cd3,CMIG4.SA,CMIG4,,Companhia Energética de Minas Gerais SA,equity,B3,1824,1303,521,0.0,0.0,0.10829362273216248,True,True,True,True,True
EQH10ccbeb8fd28b3e8,EG,EG,,Everest Group Ltd.,equity,NYSE,1824,1303,521,0.0,0.0,3.4435365200042725,True,True,True,True,True
EQH10eee390fc4a6fee,SHLS,SHLS,,Shoals Technologies Group Inc.,equity,NASDAQ,1824,1303,521,0.0,0.0,0.25040918588638306,True,True,True,True,True
EQH10fb2fe74d55f4cc,DAR,DAR,,Darling Ingredients Inc.,equity,NYSE,1824,1303,521,0.0,0.0,0.14924950897693634,True,True,True,True,True
EQH11036af2e6712142,RDY,RDY,,Dr Reddy's Laboratories Ltd,equity,NYSE,1824,1303,521,0.0,0.0,0.12381230294704437,True,True,True,True,True
EQH11139193b82689a5,TXN,TXN,,Texas Instruments Inc.,equity,NASDAQ,1824,1303,521,0.0,0.0,3.0093259811401367,True,True,True,True,True
EQH1119876208283ed3,DELL,DELL,,Dell Technologies Inc.,equity,NYSE,1824,1303,521,0.0,0.0,0.31618425250053406,True,True,True,True,True
EQH1119fb5af0c46378,SHEL,SHEL,,Shell PLC,equity,Cboe Europe,1824,1303,521,0.0,0.0,1.6421066522598267,True,True,True,True,True
EQH111ed1ee649edf4e,SYY,SYY,,Sysco Corporation,equity,NYSE,1824,1303,521,0.0,0.0,0.16583232581615448,True,True,True,True,True
EQH112933f78aa2fa40,DKS,DKS,,DICK'S Sporting Goods Inc,equity,NYSE,1824,1303,521,0.0,0.0,0.24149863421916962,True,True,True,True,True
EQH113b15beb2bfdebd,SQM,SQM,,Sociedad Quimica y Minera de Chile,equity,NYSE,1824,1303,521,0.0,0.0,0.18572719395160675,True,True,True,True,True
EQH11463665923604a1,GIS,GIS,,General Mills Inc.,equity,NYSE,1824,1303,521,0.0,0.0,0.07324077934026718,True,True,True,True,True
EQH115e636349597b3e,EC,EC,,Ecopetrol S.A.,equity,NYSE,1824,1303,521,0.0,0.0,0.10964907705783844,True,True,True,True,True
EQH115e63c1828337d8,BC8.DE,BC8,,Bechtle AG,equity,Cboe Europe,1824,1303,521,0.0,0.0,4.123043060302734,True,True,True,True,True
EQH1175eb735e8130ee,DMP.DE,DMP,,Dermapharm Holding SE,equity,Cboe Europe,1824,1303,521,0.0,0.0,4.097442626953125,True,True,True,True,True
EQH118c3a409bed21ff,LND,LND,,BrasilAgro - Companhia Brasileira de Propriedades Agrícolas,equity,NYSE,1824,1303,521,0.0,0.0,2.6072165966033936,True,True,True,True,True
EQH118c9ecad4e8723f,AMP,AMP,,"Ameriprise Financial, Inc.",equity,NYSE,1824,1303,521,0.0,0.0,0.11027659475803375,True,True,True,True,True
EQH11902989dcd1e492,CTVA,CTVA,,Corteva Inc.,equity,NYSE,1824,1303,521,0.0,0.0,0.18865442276000977,True,True,True,True,True
EQH1193212f4e8bb727,AAL,AAL,,American Airlines Group Inc.,equity,NASDAQ,1824,1303,521,0.0,0.0,0.22601987421512604,True,True,True,True,True
EQH11b63a0e39d8027c,BIO,BIO,,Bio-Rad Laboratories Inc.,equity,NYSE,1824,1303,521,0.0,0.0,0.17627613246440887,True,True,True,True,True
EQH11e513f361f8116e,FNTN.DE,FNTN,,freenet AG,equity,Cboe Europe,1824,1303,521,0.0,0.0,4.900920391082764,True,True,True,True,True
EQH11f89efff2766340,UHS,UHS,,Universal Health Services Inc.,equity,NYSE,1824,1303,521,0.0,0.0,0.1395559310913086,True,True,True,True,True
EQH11f97bdc8d8dfe85,TRAXIONA.MX,TRAXIONA,,Grupo Traxion,equity,BMV,1824,1303,521,0.0,0.0,9.254584312438965,True,True,True,True,True
EQH120cf43742b7eef8,VRTS,VRTS,,Virtus Investment Partners Inc.,equity,NYSE,1824,1303,521,0.0,0.0,0.12345787137746811,True,True,True,True,True
EQH122c966722592e18,DE,DE,,Deere & Co,equity,NYSE,1824,1303,521,0.0,0.0,0.1407218873500824,True,True,True,True,True
EQH123d9a071d56b58d,ADI,ADI,,Analog Devices Inc.,equity,NASDAQ,1824,1303,521,0.0,0.0,0.18387632071971893,True,True,True,True,True
EQH1244120626374265,PAA,PAA,,"Plains All American Pipeline, L.P.",equity,NASDAQ,1824,1303,521,0.0,0.0,0.09875264018774033,True,True,True,True,True
EQH1264c4b633c0dd03,TKA.DE,TKA,,Thyssenkrupp AG,equity,Cboe Europe,1824,1303,521,0.0,0.0,4.048553943634033,True,True,True,True,True
EQH1266dea85cdcee36,APPN,APPN,,Appian Corp.,equity,NASDAQ,1824,1303,521,0.0,0.0,0.38586699962615967,True,True,True,True,True
EQH1268689f7e5789b7,PAG,PAG,,"Penske Automotive Group, Inc.",equity,NYSE,1824,1303,521,0.0,0.0,2.1243879795074463,True,True,True,True,True
EQH127ca038a5de0c15,GTES,GTES,,Gates Industrial Corp PLC,equity,NYSE,1824,1303,521,0.0,0.0,0.1529563069343567,True,True,True,True,True
EQH12a226881ace6138,COF,COF,,Capital One Financial Corp.,equity,NYSE,1824,1303,521,0.0,0.0,0.15007531642913818,True,True,True,True,True
EQH12b34f2390c3fc59,ASH,ASH,,Ashland Inc,equity,NYSE,1824,1303,521,0.0,0.0,0.15909379720687866,True,True,True,True,True
EQH12baa018503e1297,OC,OC,,Owens Corning,equity,NYSE,1824,1303,521,0.0,0.0,0.11874609440565109,True,True,True,True,True
EQH12d60a8d3dced9b6,ENX.PA,ENX,,Euronext NV,equity,Cboe Europe,1824,1303,521,0.0,0.0,4.094693660736084,True,True,True,True,True
EQH12e71869b86d7fcb,KMX,KMX,,CarMax Inc.,equity,NYSE,1824,1303,521,0.0,0.0,0.24600781500339508,True,True,True,True,True
EQH12e872d289b05426,CVS,CVS,,CVS Health Corp.,equity,NYSE,1824,1303,521,0.0,0.0,0.16836507618427277,True,True,True,True,True
EQH12f0e224a64da191,DOCN,DOCN,,DigitalOcean Holdings Inc,equity,NYSE,1824,1303,521,0.0,0.0,0.3393303453922272,True,True,True,True,True
EQH1304f14bcbb7d925,IRS,IRS,,IRSA Inversiones y Representaciones Sociedad Anónima,equity,NYSE,1824,1303,521,0.0,0.0,0.30279895663261414,True,True,True,True,True
EQH1317a53a5e8daab2,RELX,RELX,,Relx PLC,equity,NYSE,1824,1303,521,0.0,0.0,0.07128667086362839,True,True,True,True,True
EQH1329a9df8d2e159e,CBT,CBT,,Cabot Corp.,equity,NYSE,1824,1303,521,0.0,0.0,0.1637534350156784,True,True,True,True,True
EQH13574d6fe60f6ae0,SID,SID,,Companhia Siderurgica Nacional SA,equity,NYSE,1824,1303,521,0.0,0.0,0.17200002074241638,True,True,True,True,True
EQH135b1d19fb66dfd7,SKY,SKY,,Skyline Champion Corp.,equity,NYSE,1824,1303,521,0.0,0.0,4.527668476104736,True,True,True,True,True
EQH136873ed971e7e0b,FGR.PA,FGR,,Eiffage SA,equity,Cboe Europe,1824,1303,521,0.0,0.0,4.094746112823486,True,True,True,True,True
EQH138610864309e4c5,CI,CI,,Cigna Corp.,equity,NYSE,1824,1303,521,0.0,0.0,0.17391012609004974,True,True,True,True,True
EQH13d5be75dffaa8dd,NVT,NVT,,nVent Electric PLC,equity,NYSE,1824,1303,521,0.0,0.0,0.15515154600143433,True,True,True,True,True
EQH13d6b3e58c9dc365,EQIX,EQIX,,Equinix Inc,equity,NASDAQ,1824,1303,521,0.0,0.0,0.11508425325155258,True,True,True,True,True
EQH13d93eda5f9ea776,TMDX,TMDX,,TransMedics Group Inc.,equity,NASDAQ,1824,1303,521,0.0,0.0,0.5118188858032227,True,True,True,True,True
EQH14011b0d7842716f,BESI.AS,BESI,,BE Semiconductor Industries NV,equity,Cboe Europe,1824,1303,521,0.0,0.0,4.0566020011901855,True,True,True,True,True
EQH1407922f9c4e6a7f,OXY,OXY,,Occidental Petroleum Corp,equity,NYSE,1824,1303,521,0.0,0.0,0.17591631412506104,True,True,True,True,True
EQH141c3c7811f2d544,AEE,AEE,,Ameren Corp.,equity,NYSE,1824,1303,521,0.0,0.0,0.07747139781713486,True,True,True,True,True
EQH141fc9380bee88d7,FTS,FTS,,Fortis Inc.,equity,NYSE,1824,1303,521,0.0,0.0,0.04542883485555649,True,True,True,True,True
EQH1472fe5b651fd6cf,HESM,HES,,Hess Corp.,equity,NYSE,1824,1303,521,0.0,0.0,0.42963385581970215,True,True,True,True,True
EQH1476f5b9c94c075e,PHG,PHG,,Koninklijke Philips N.V.,equity,NYSE,1824,1303,521,0.0,0.0,0.2676791846752167,True,True,True,True,True
EQH14771395c412bbb4,AVB,AVB,,AvalonBay Communities Inc.,equity,NYSE,1824,1303,521,0.0,0.0,0.08076484501361847,True,True,True,True,True
EQH14a0c5eb33f905cf,GL,GL,,Globe Life Inc.,equity,NYSE,1824,1303,521,0.0,0.0,0.5314019918441772,True,True,True,True,True
EQH14aa80a59c125568,URNM,URNM,,Sprott Uranium Miners ETF,equity,NYSE,1824,1303,521,0.0,0.0,1.213930606842041,True,True,True,True,True
EQH14c91900d23ed8a0,SPIE.PA,SPIE,,Spie SA,equity,Cboe Europe,1824,1303,521,0.0,0.0,4.087609767913818,True,True,True,True,True
EQH14d51f69590c5cb0,VFC,VFC,,VF Corp,equity,NYSE,1824,1303,521,0.0,0.0,0.28737035393714905,True,True,True,True,True
EQH14e52290cfcb80be,AZO,AZO,,Autozone Inc,equity,NYSE,1824,1303,521,0.0,0.0,0.09461727738380432,True,True,True,True,True
EQH14fff294366546dd,MCHP,MCHP,,Microchip Technology Inc.,equity,NASDAQ,1824,1303,521,0.0,0.0,0.2705150842666626,True,True,True,True,True
EQH1504ce0e2a382fe6,BFAM,BFAM,,Bright Horizons Family Solutions Inc,equity,NYSE,1824,1303,521,0.0,0.0,0.20636707544326782,True,True,True,True,True
EQH150dc21228cec574,WK,WK,,Workiva Inc.,equity,NYSE,1824,1303,521,0.0,0.0,0.3206956088542938,True,True,True,True,True
EQH152fa4862aaa5718,PUK,PUK,,Prudential PLC,equity,NYSE,1824,1303,521,0.0,0.0,0.11780386418104172,True,True,True,True,True
EQH1533da20a9ab8a89,STEP,STEP,,Stepstone Group Inc.,equity,NASDAQ,1824,1303,521,0.0,0.0,0.3945237100124359,True,True,True,True,True
EQH153cac73482da7af,FDS,FDS,,FactSet Research Systems Inc.,equity,NYSE,1824,1303,521,0.0,0.0,0.10404768586158752,True,True,True,True,True
EQH153f1601c2588bc3,AOF.DE,AOF,,ATOSS Software AG,equity,Cboe Europe,1824,1303,521,0.0,0.0,4.096039295196533,True,True,True,True,True
EQH1564c6dcaa572a69,SHOP,SHOP,,Shopify Inc.,equity,NYSE,1824,1303,521,0.0,0.0,0.23838336765766144,True,True,True,True,True
EQH1569f77eb265f413,CEPU,CEPU,,Central Puerto S.A.,equity,NYSE,1824,1303,521,0.0,0.0,0.3925926089286804,True,True,True,True,True
EQH157164e87d9eb871,RPM,RPM,,RPM International Inc.,equity,NYSE,1824,1303,521,0.0,0.0,0.13109567761421204,True,True,True,True,True
EQH1584a6aa66c427c1,ZTS,ZTS,,Zoetis Inc,equity,NYSE,1824,1303,521,0.0,0.0,0.24204525351524353,True,True,True,True,True
EQH15865ea9ac67f4be,LDO.MI,LDO,,Leonardo S.p.A.,equity,Cboe Europe,1824,1303,521,0.0,0.0,4.10440731048584,True,True,True,True,True
EQH1596cd48f06a012b,ENS,ENS,,EnerSys,equity,NYSE,1824,1303,521,0.0,0.0,0.14987246692180634,True,True,True,True,True
EQH159c8e703890a481,PGNY,PGNY,,Progyny Inc,equity,NASDAQ,1824,1303,521,0.0,0.0,0.38226404786109924,True,True,True,True,True
EQH15bd774745d5717e,TROW,TROW,,T Rowe Price Group Inc.,equity,NASDAQ,1824,1303,521,0.0,0.0,0.16364842653274536,True,True,True,True,True
EQH15c43ede91722089,IHG,IHG,,InterContinental Hotels Group PLC,equity,NYSE,1824,1303,521,0.0,0.0,0.0894605964422226,True,True,True,True,True
EQH15d27cddcaad0e37,INCY,INCY,,Incyte Corporation,equity,NASDAQ,1824,1303,521,0.0,0.0,0.12041400372982025,True,True,True,True,True
EQH16181b995860d3aa,LEN,LEN,,Lennar Corporation,equity,NYSE,1824,1303,521,0.0,0.0,0.1256844848394394,True,True,True,True,True
EQH16381ac28c29c87f,AHCO,AHCO,,Adapthealth Corp.,equity,NASDAQ,1824,1303,521,0.0,0.0,0.3106159567832947,True,True,True,True,True
EQH164a15e46ad9d7a7,KCR.HE,KCR,,Konecranes Plc,equity,Cboe Europe,1824,1303,521,0.0,0.0,5.106287479400635,True,True,True,True,True
EQH165e06fd3d51d55f,TOL,TOL,,Toll Brothers Inc.,equity,NYSE,1824,1303,521,0.0,0.0,0.1102626770734787,True,True,True,True,True
EQH166a9d85fce16741,PECO,PECO,,Phillips Edison & Co Inc.,equity,NASDAQ,1824,1303,521,0.0,0.0,2.8175580501556396,True,True,True,True,True
EQH16874abccfe22222,FRA,FRA,,Fraport AG,equity,Cboe Europe,1824,1303,521,0.0,0.0,0.07553118467330933,True,True,True,True,True
EQH1687d97ed85ed858,PPLT,PPLT,,abrdn Physical Platinum Shares ETF,equity,NYSE,1824,1303,521,0.0,0.0,2.306110143661499,True,True,True,True,True
EQH16a44f1c65eda286,LOPE,LOPE,,Grand Canyon Education Inc.,equity,NASDAQ,1824,1303,521,0.0,0.0,0.14859764277935028,True,True,True,True,True
EQH16a49522e7586b9a,ITUB,ITUB,,Itau Unibanco Holding SA,equity,NYSE,1824,1303,521,0.0,0.0,0.10896124690771103,True,True,True,True,True
EQH16ba77248e6a6606,XPEV,XPEV,,Xpeng Inc.,equity,NYSE,1824,1303,521,0.0,0.0,0.47275206446647644,True,True,True,True,True
EQH16c2f37fe04220b5,HFG.DE,HFG,,Hellofresh SE,equity,Cboe Europe,1824,1303,521,0.0,0.0,4.115075588226318,True,True,True,True,True
EQH16d9ffdd3289a90c,VIV.PA,VIV,,Vivendi S.A.,equity,Cboe Europe,1824,1303,521,0.0,0.0,4.101136207580566,True,True,True,True,True
EQH16ea023127587e17,TOTS3.SA,TOTS3,,TOTVS S.A.,equity,B3,1824,1303,521,0.0,0.0,0.10414820909500122,True,True,True,True,True
EQH16fe873eb1ec14a3,XRX,XRX,,Xerox Corp.,equity,NASDAQ,1824,1303,521,0.0,0.0,0.3598545491695404,True,True,True,True,True
EQH170a91b881d4a929,IDA,IDA,,IDACORP Inc.,equity,NYSE,1824,1303,521,0.0,0.0,0.052313923835754395,True,True,True,True,True
EQH1743cce7d1ffd309,CAG,CAG,,ConAgra Foods Inc.,equity,NYSE,1824,1303,521,0.0,0.0,0.08439507335424423,True,True,True,True,True
EQH1749ac1caa3521d2,FME.DE,FME,,Fresenius Medical Care AG & Co. KGaA,equity,Cboe Europe,1824,1303,521,0.0,0.0,4.104689121246338,True,True,True,True,True
EQH175efb734e42fbff,CME,CME,,CME Group Inc.,equity,NASDAQ,1824,1303,521,0.0,0.0,0.0594189390540123,True,True,True,True,True
EQH177e45e1a105e02d,WHR,WHR,,Whirlpool Corp.,equity,NYSE,1824,1303,521,0.0,0.0,0.17097553610801697,True,True,True,True,True
EQH17a31191ac0f60c8,CALX,CALX,,Calix Inc,equity,NYSE,1824,1303,521,0.0,0.0,0.2570461928844452,True,True,True,True,True
EQH17a409f657c3704d,NEX.PA,NEX,,Nexans S.A.,equity,Cboe Europe,1824,1303,521,0.0,0.0,4.069704055786133,True,True,True,True,True
EQH17a670f3f260b110,BBAJIOO.MX,BBAJIOO,,Banco del Bajio SA Institucion de Banca Multiple,equity,BMV,1824,1303,521,0.0,0.0,9.280974388122559,True,True,True,True,True
EQH17a6f8f4d5415880,PINFRA.MX,PINFRA,,Promotora y Operadora de Infraestructura,equity,BMV,1824,1303,521,0.0,0.0,9.24026107788086,True,True,True,True,True
EQH17dc7f213c4abe08,KEP,KEP,,Korea Electric Power Corporation,equity,NYSE,1824,1303,521,0.0,0.0,0.21483618021011353,True,True,True,True,True
EQH17e0cf39f4477f41,FIX,FIX,,"Comfort Systems USA, Inc.",equity,NYSE,1824,1303,521,0.0,0.0,0.2571302056312561,True,True,True,True,True
EQH185d921cb963f958,BRAV3.SA,BRAV3,,Brava Energia,equity,B3,1824,1303,521,0.0,0.0,0.18011371791362762,True,True,True,True,True
EQH1862735a107476ad,KPN.AS,KPN,,Koninklijke KPN N.V.,equity,Cboe Europe,1824,1303,521,0.0,0.0,4.10019063949585,True,True,True,True,True
EQH1872fd1389adaa25,UCG.MI,UCG,,UniCredit S.p.A.,equity,Cboe Europe,1824,1303,521,0.0,0.0,4.082843780517578,True,True,True,True,True
EQH18c13cca79f1823f,HAL,HAL,,Halliburton Company,equity,NYSE,1824,1303,521,0.0,0.0,0.14589828252792358,True,True,True,True,True
EQH18df450482b3ccaf,EWJ,EWJ,,iShares MSCI Japan ETF,equity,NYSE,1824,1303,521,0.0,0.0,0.0760745257139206,True,True,True,True,True
EQH18e2487eba08cff4,IRDM,IRDM,,Iridium Communications Inc,equity,NASDAQ,1824,1303,521,0.0,0.0,0.2207832932472229,True,True,True,True,True
EQH18f801b22d7dd9ab,GGBR4.SA,GGBR4,,Gerdau SA,equity,B3,1824,1303,521,0.0,0.0,0.105802021920681,True,True,True,True,True
EQH19049a997912b53e,MAA,MAA,,Mid-America Apartment Communities Inc.,equity,NYSE,1824,1303,521,0.0,0.0,0.07598813623189926,True,True,True,True,True
EQH191a25979ee430d2,DIS,DIS,,Walt Disney Company,equity,NYSE,1824,1303,521,0.0,0.0,0.13163155317306519,True,True,True,True,True
EQH192ec0c4548dc4b4,PD,PD,,Pagerduty Inc.,equity,NYSE,1824,1303,521,0.0,0.0,0.290701687335968,True,True,True,True,True
EQH19358e8df2be46be,UL,UL,,Unilever PLC,equity,NYSE,1824,1303,521,0.0,0.0,0.1444096565246582,True,True,True,True,True
EQH19520f572cfd9ad1,SNN,SNN,,Smith & Nephew PLC,equity,NYSE,1824,1303,521,0.0,0.0,0.1523221880197525,True,True,True,True,True
EQH1955eb4a1c4858d9,WY,WY,,Weyerhaeuser Co,equity,NYSE,1824,1303,521,0.0,0.0,1.9481289386749268,True,True,True,True,True
EQH19c9a3d3622f3815,WBS,WBS,,Webster Financial Corporation,equity,NYSE,1824,1303,521,0.0,0.0,0.18210436403751373,True,True,True,True,True
EQH19e40b510afc14e0,ENTG,ENTG,,Entegris Inc.,equity,NASDAQ,1824,1303,521,0.0,0.0,0.24729837477207184,True,True,True,True,True
EQH19ed2ca32848cdd6,OGS,OGS,,ONE Gas Inc,equity,NYSE,1824,1303,521,0.0,0.0,0.176423117518425,True,True,True,True,True
EQH19f7f86807d8c9ce,WBD,WBD,,Warner Bros. Discovery Inc.,equity,NASDAQ,1824,1303,521,0.0,0.0,0.28947368264198303,True,True,True,True,True
EQH1a13e812893e9172,MNSO,MNSO,,MINISO Group Holding Limited,equity,NYSE,1824,1303,521,0.0,0.0,0.2899574339389801,True,True,True,True,True
EQH1a2a8df2115ae4cd,JKHY,JKHY,,Jack Henry & Associates Inc.,equity,NASDAQ,1824,1303,521,0.0,0.0,0.10633864253759384,True,True,True,True,True
EQH1a43f605c052f4bd,GCO,GCO,,Grupo Catalana Occidente SA,equity,Cboe Europe,1824,1303,521,0.0,0.0,0.32180047035217285,True,True,True,True,True
EQH1a4d702f5ed396f9,CON.DE,CON,,Continental AG O.N.,equity,Cboe Europe,1824,1303,521,0.0,0.0,4.085391044616699,True,True,True,True,True
EQH1a697dbcc4d91909,SHO,SHO,,Sunstone Hotel Investors Inc.,equity,NYSE,1824,1303,521,0.0,0.0,1.8479115962982178,True,True,True,True,True
EQH1abada545a299429,VOW3.DE,VOW3,,Volkswagen AG,equity,Cboe Europe,1824,1303,521,0.0,0.0,4.124561786651611,True,True,True,True,True
EQH1ac1fcbc4f992f50,CYTK,CYTK,,Cytokinetics Inc.,equity,NASDAQ,1824,1303,521,0.0,0.0,0.8254212141036987,True,True,True,True,True
EQH1ac97126c4360a91,SMFG,SMFG,,Sumitomo Mitsui Financial Group Inc.,equity,NYSE,1824,1303,521,0.0,0.0,0.11008522659540176,True,True,True,True,True
EQH1ad5a038f5fe65cf,STM,STM,,STMicroelectronics N.V.,equity,Cboe Europe,1824,1303,521,0.0,0.0,0.21484817564487457,True,True,True,True,True
EQH1ae69bc295e02e3f,LCID,LCID,,Lucid Group Inc.,equity,NASDAQ,1824,1303,521,0.0,0.0,0.429999977350235,True,True,True,True,True
EQH1aeedbde64d500e6,NOVT,NOVT,,Novanta Inc,equity,NASDAQ,1824,1303,521,0.0,0.0,0.19036830961704254,True,True,True,True,True
EQH1b17b6d9e5a731cb,LOGI,LOGI,,Logitech International S.A.,equity,NASDAQ,1824,1303,521,0.0,0.0,0.16859868168830872,True,True,True,True,True
EQH1b1c13c4999b2961,WTFC,WTFC,,Wintrust Financial Corp.,equity,NASDAQ,1824,1303,521,0.0,0.0,0.14138048887252808,True,True,True,True,True
EQH1b208e6f9349c23e,DD,DD,,DuPont de Nemours Inc.,equity,NYSE,1824,1303,521,0.0,0.0,1.066562294960022,True,True,True,True,True
EQH1b429c1368439a59,LMND,LMND,,Lemonade Inc.,equity,NYSE,1824,1303,521,0.0,0.0,0.4699999988079071,True,True,True,True,True
EQH1bc9aa5b0ebf487f,BNR,BNR,,Brenntag SE,equity,Cboe Europe,1824,1303,521,0.0,0.0,0.41410666704177856,True,True,True,True,True
EQH1bd77a887af8f75f,GCARSOA1.MX,GCARSOA1,,Grupo Carso,equity,BMV,1824,1303,521,0.0,0.0,9.269156455993652,True,True,True,True,True
EQH1bdc0cf5b7b99a90,MELI,MELI,,MercadoLibre Inc.,equity,NASDAQ,1824,1303,521,0.0,0.0,0.16878874599933624,True,True,True,True,True
EQH1be276c527b5f27f,ADT,ADT,,ADT Inc.,equity,NYSE,1824,1303,521,0.0,0.0,0.17630060017108917,True,True,True,True,True
EQH1be4c45d3cc75a0c,RES,RES,,RPC Inc.,equity,NYSE,1824,1303,521,0.0,0.0,0.20104004442691803,True,True,True,True,True
EQH1bf6b359d6178dac,ACE.MI,ACE,,ACEA SpA,equity,Cboe Europe,1824,1303,521,0.0,0.0,4.100247859954834,True,True,True,True,True
EQH1c0b926b791c5f6d,JHX,JHX,,James Hardie Industries plc.,equity,NYSE,1824,1303,521,0.0,0.0,0.3443545699119568,True,True,True,True,True
EQH1c1af0469d206115,HLI,HLI,,Houlihan Lokey Inc,equity,NYSE,1824,1303,521,0.0,0.0,0.10140994936227798,True,True,True,True,True
EQH1c1e39a718ef99b7,VICR,VICR,,Vicor Corp.,equity,NASDAQ,1824,1303,521,0.0,0.0,0.577175498008728,True,True,True,True,True
EQH1c22f964953edb96,BAX,BAX,,Baxter International Inc.,equity,NYSE,1824,1303,521,0.0,0.0,0.22424238920211792,True,True,True,True,True
EQH1c295c33353bf420,CHDN,CHDN,,"Churchill Downs, Inc.",equity,NASDAQ,1824,1303,521,0.0,0.0,0.1623191088438034,True,True,True,True,True
EQH1c3345428b4f0d4d,MUR,MUR,,Murphy Oil Corp,equity,NYSE,1824,1303,521,0.0,0.0,0.18144744634628296,True,True,True,True,True
EQH1c3c9ff065fc0680,QFIN,QFIN,,Qifu Technology Inc.,equity,NASDAQ,1824,1303,521,0.0,0.0,0.43703097105026245,True,True,True,True,True
EQH1c5355ed60889243,QLYS,QLYS,,Qualys Inc,equity,NASDAQ,1824,1303,521,0.0,0.0,0.24175310134887695,True,True,True,True,True
EQH1c5a3848255a9d5a,LBTYA,LBTYA,,Liberty Global PLC,equity,NASDAQ,1824,1303,521,0.0,0.0,0.1139705628156662,True,True,True,True,True
EQH1c69ccdeb0fe8bf8,BXP,BXP,,Boston Properties Inc.,equity,NYSE,1824,1303,521,0.0,0.0,0.11154048889875412,True,True,True,True,True
EQH1c71ce84078c9431,SUZ,SUZ,,Suzano SA,equity,NYSE,1824,1303,521,0.0,0.0,0.1302931010723114,True,True,True,True,True
EQH1c873eb04d6e6f56,BF-B,BF,,Brown-Forman Corp.,equity,NYSE,1824,1303,521,0.0,0.0,0.17921680212020874,True,True,True,True,True
EQH1cad95771a6fbfbd,ABM,ABM,,ABM Industries Inc.,equity,NYSE,1824,1303,521,0.0,0.0,0.17899028956890106,True,True,True,True,True
EQH1cb94d612c5e6046,HST,HST,,Host Hotels & Resorts Inc.,equity,NASDAQ,1824,1303,521,0.0,0.0,0.11968515813350677,True,True,True,True,True
EQH1cba16baf0e66fcc,COGN3.SA,COGN3,,Cogna Educação S.A.,equity,B3,1824,1303,521,0.0,0.0,0.19428488612174988,True,True,True,True,True
EQH1cd05f5c9bb25f2a,HOT.DE,HOT,,HOCHTIEF Aktiengesellschaft,equity,Cboe Europe,1824,1303,521,0.0,0.0,4.073376655578613,True,True,True,True,True
EQH1ce0a5083234813a,CPR.MI,CPR,,Davide Campari Milano NV,equity,Cboe Europe,1824,1303,521,0.0,0.0,4.086081027984619,True,True,True,True,True
EQH1ce1bca068c4db4e,CNA,CNA,,CNA Financial Corp.,equity,NYSE,1824,1303,521,0.0,0.0,0.08285681158304214,True,True,True,True,True
EQH1ce32283a878d5c1,TWLO,TWLO,,Twilio Inc.,equity,NYSE,1824,1303,521,0.0,0.0,0.34608322381973267,True,True,True,True,True
EQH1cecfd6bf9d02df5,SPGI,SPGI,,S&P Global Inc,equity,NYSE,1824,1303,521,0.0,0.0,0.10222864151000977,True,True,True,True,True
EQH1d131e37dfa410e6,DG,DG,,Dollar General Corporation,equity,NYSE,1824,1303,521,0.0,0.0,0.32146307826042175,True,True,True,True,True
EQH1d1934d27c75bac4,CRH,CRH,,CRH PLC,equity,NYSE,1824,1303,521,0.0,0.0,0.10802734643220901,True,True,True,True,True
EQH1d1f8317afb92fd1,UPST,UPST,,Upstart Holdings Inc.,equity,NASDAQ,1824,1303,521,0.0,0.0,0.5642421841621399,True,True,True,True,True
EQH1d212f622154b126,RRTL.DE,RRTL,,RTL Group SA,equity,Cboe Europe,1824,1303,521,0.0,0.0,4.092654228210449,True,True,True,True,True
EQH1d2560bae9cb9297,BSX,BSX,,Boston Scientific Corp.,equity,NYSE,1824,1303,521,0.0,0.0,0.1330358386039734,True,True,True,True,True
EQH1d4210ebb62b7413,TPL,TPL,,Texas Pacific Land Corporation,equity,NYSE,1824,1303,521,0.0,0.0,2.1794066429138184,True,True,True,True,True
EQH1d570f8c6ca2fe8f,PIPR,PIPR,,Piper Sandler Companies,equity,NYSE,1824,1303,521,0.0,0.0,1.3776493072509766,True,True,True,True,True
EQH1d5e44ec3e003a04,BBY,BBY,,Best Buy Co Inc.,equity,NYSE,1824,1303,521,0.0,0.0,0.17839692533016205,True,True,True,True,True
EQH1d8cbfda74cc592f,PB,PB,,Prosperity Bancshares Inc.,equity,NYSE,1824,1303,521,0.0,0.0,0.09459999203681946,True,True,True,True,True
EQH1d950ce3e134f54b,AI.PA,AI,,Air Liquide S.A.,equity,Cboe Europe,1824,1303,521,0.0,0.0,4.0140838623046875,True,True,True,True,True
EQH1d9611668aa363ba,APP,APP,,Applovin Corp,equity,NASDAQ,1824,1303,521,0.0,0.0,0.4626519978046417,True,True,True,True,True
EQH1d9aab68b79e898e,VMI,VMI,,Valmont Industries Inc.,equity,NYSE,1824,1303,521,0.0,0.0,0.17751562595367432,True,True,True,True,True
EQH1dc2c977fc8b8caf,ICL,ICL,,Icl Group Ltd.,equity,NYSE,1824,1303,521,0.0,0.0,0.17142854630947113,True,True,True,True,True
EQH1dc67d38f70eca50,BPOP,BPOP,,Popular Inc.,equity,NASDAQ,1824,1303,521,0.0,0.0,0.10576051473617554,True,True,True,True,True
EQH1dcc7c4d7d203f4c,GDS,GDS,,GDS Holdings Ltd.,equity,NASDAQ,1824,1303,521,0.0,0.0,0.5223634243011475,True,True,True,True,True
EQH1dfcfc1772946995,SAH,SAH,,Sonic Automotive Inc.,equity,NYSE,1824,1303,521,0.0,0.0,1.0394608974456787,True,True,True,True,True
EQH1e0e75b5f76852f1,FMX,FMX,,Fomento Economico Mexicano,equity,NYSE,1824,1303,521,0.0,0.0,0.10962092876434326,True,True,True,True,True
EQH1e2eaf1a092d61e4,ABN.AS,ABN,,ABN Amro Bank NV,equity,Cboe Europe,1824,1303,521,0.0,0.0,5.072588920593262,True,True,True,True,True
EQH1e443ca57904efc4,BRSL,IGT,,International Game Technology PLC,equity,NYSE,1824,1303,521,0.0,0.0,0.22355897724628448,True,True,True,True,True
EQH1e4a2ab4c61b0284,KMB,KMB,,Kimberly-Clark Corp.,equity,NYSE,1824,1303,521,0.0,0.0,2.2671430110931396,True,True,True,True,True
EQH1e90dc194c2c9730,WCH.DE,WCH,,Wacker Chemie AG,equity,Cboe Europe,1824,1303,521,0.0,0.0,4.0697174072265625,True,True,True,True,True
EQH1ea2d332d622daa0,TEVA,TEVA,,Teva Pharmaceutical Industries Ltd.,equity,NYSE,1824,1303,521,0.0,0.0,0.28370794653892517,True,True,True,True,True
EQH1ec7cc357eb07072,PLTR,PLTR,,Palantir Technologies Inc.,equity,NASDAQ,1824,1303,521,0.0,0.0,0.308014452457428,True,True,True,True,True
EQH1ef5845b5bfba875,DB1.MU,DB1,,Deutsche Boerse AG,equity,Cboe Europe,1824,1303,521,0.0,0.0,4.095391750335693,True,True,True,True,True
EQH1f07b0b11e5b8cef,PEN,PEN,,Penumbra Inc,equity,NYSE,1824,1303,521,0.0,0.0,0.1732286661863327,True,True,True,True,True
EQH1f1f1e1dd63ddb5a,ORA,ORA,,ORANGE S.A.,equity,Cboe Europe,1824,1303,521,0.0,0.0,0.10521306097507477,True,True,True,True,True
EQH1f58f5a42738c24b,ALOS3.SA,ALOS3,,Allos S.A.,equity,B3,1824,1303,521,0.0,0.0,0.09984710812568665,True,True,True,True,True
EQH1f5ac5c6bacaae7f,JMT.LS,JMT,,Jeronimo Martins,equity,Cboe Europe,1824,1303,521,0.0,0.0,4.111856460571289,True,True,True,True,True
EQH1f6359516b8faae3,CXW,CXW,,Corecivic Inc.,equity,NYSE,1824,1303,521,0.0,0.0,0.2898018956184387,True,True,True,True,True
EQH1f669809820b94e7,KDP,KDP,,Keurig Dr Pepper Inc,equity,NASDAQ,1824,1303,521,0.0,0.0,0.11496864259243011,True,True,True,True,True
EQH1f6d63f328fcaa18,IRM,IRM,,Iron Mountain Inc.,equity,NYSE,1824,1303,521,0.0,0.0,0.09843356907367706,True,True,True,True,True
EQH1fa3570dd4459a19,RI.PA,RI,,Pernod Ricard S.A.,equity,Cboe Europe,1824,1303,521,0.0,0.0,4.113072872161865,True,True,True,True,True
EQH1fa84df94e93603b,TFX,TFX,,Teleflex Incorporated,equity,NYSE,1824,1303,521,0.0,0.0,0.6613398194313049,True,True,True,True,True
EQH1fae050dc5d46af6,OCI.AS,OCI,,Oci NV,equity,Cboe Europe,1824,1303,521,0.0,0.0,4.109016418457031,True,True,True,True,True
EQH1feb4531faca76af,KGX.DE,KGX,,KION GROUP AG,equity,Cboe Europe,1824,1303,521,0.0,0.0,4.122810363769531,True,True,True,True,True
EQH20131dcbd5df6c0a,DAVA,DAVA,,Endava PLC - ADR,equity,NYSE,1824,1303,521,0.0,0.0,0.4175807237625122,True,True,True,True,True
EQH202719bf8557ca71,LEG,LEG,,Leggett & Platt Inc,equity,NYSE,1824,1303,521,0.0,0.0,0.31636878848075867,True,True,True,True,True
EQH203fa5012044e357,DBX,DBX,,Drop Box,equity,NASDAQ,1824,1303,521,0.0,0.0,0.22925631701946259,True,True,True,True,True
EQH2054552450368961,INSP,INSP,,Inspire Medical Systems Inc,equity,NYSE,1824,1303,521,0.0,0.0,0.3347311019897461,True,True,True,True,True
EQH205a1dcddf560ec4,KBC.BR,KBC,,KBC Group S.A./N.V.,equity,Cboe Europe,1824,1303,521,0.0,0.0,4.08688497543335,True,True,True,True,True
EQH20601e2e4325b49f,CPNG,CPNG,,Coupang Inc,equity,NYSE,1824,1303,521,0.0,0.0,0.22590535879135132,True,True,True,True,True
EQH20876df66c087cd3,NXST,NXST,,Nexstar Media Group Inc.,equity,NASDAQ,1824,1303,521,0.0,0.0,0.14057405292987823,True,True,True,True,True
EQH20a158fe45a2f205,BB,BB,,Société BIC SA,equity,Cboe Europe,1824,1303,521,0.0,0.0,0.23825503885746002,True,True,True,True,True
EQH20b109eb640936dd,GWRE,GWRE,,Guidewire Software Inc,equity,NYSE,1824,1303,521,0.0,0.0,0.20148387551307678,True,True,True,True,True
EQH20b1fff179847d37,REGN,REGN,,Regeneron Pharmaceuticals Inc.,equity,NASDAQ,1824,1303,521,0.0,0.0,0.19014182686805725,True,True,True,True,True
EQH20c39ac35deed42c,JNJ,JNJ,,Johnson & Johnson,equity,NYSE,1824,1303,521,0.0,0.0,0.07591654360294342,True,True,True,True,True
EQH20d73813a7b424c0,BCH,BCH,,Banco de Chile,equity,NYSE,1824,1303,521,0.0,0.0,0.11442781984806061,True,True,True,True,True
EQH20d86c3c9b155204,EDEN,EDEN,,Edenred SE,equity,Cboe Europe,1824,1303,521,0.0,0.0,1.0354036092758179,True,True,True,True,True
EQH20e30aee703d50bd,SANB11.SA,SANB11,,Banco Santander (Brasil) S.A.,equity,B3,1824,1303,521,0.0,0.0,0.09145891666412354,True,True,True,True,True
EQH20f286b1a505332a,PLXS,PLXS,,Plexus Corp.,equity,NASDAQ,1824,1303,521,0.0,0.0,0.17114092409610748,True,True,True,True,True
EQH2105464f3f476fc5,MAT,MAT,,Mattel Inc.,equity,NASDAQ,1824,1303,521,0.0,0.0,0.1655762791633606,True,True,True,True,True
EQH2106a6609a741e18,TKO,TKO,,TKO Group Holdings Inc.,equity,NYSE,1824,1303,521,0.0,0.0,0.16976691782474518,True,True,True,True,True
EQH210cc17c387f594a,TDOC,TDOC,,Teladoc Health Inc,equity,NYSE,1824,1303,521,0.0,0.0,0.40150031447410583,True,True,True,True,True
EQH214276dacac5edf0,MDT,MDT,,Medtronic PLC,equity,NYSE,1824,1303,521,0.0,0.0,0.07262150198221207,True,True,True,True,True
EQH21478d2882824dbd,JMIA,JMIA,,Jumia Technologies AG,equity,NYSE,1824,1303,521,0.0,0.0,0.5382436513900757,True,True,True,True,True
EQH215fc6b3dab0ba51,HRMY,HRMY,,Harmony Biosciences Holdings Inc.,equity,NASDAQ,1824,1303,521,0.0,0.0,0.3024945855140686,True,True,True,True,True
EQH2161bef9a2f32961,WMB,WMB,,Williams Companies Inc,equity,NYSE,1824,1303,521,0.0,0.0,0.08427057415246964,True,True,True,True,True
EQH2171b33c12a00071,CIEN,CIEN,,Ciena Corporation,equity,NYSE,1824,1303,521,0.0,0.0,0.2330731749534607,True,True,True,True,True
EQH2194a5c4c28d511d,HLIO,HLIO,,Helios Technologies Inc.,equity,NYSE,1824,1303,521,0.0,0.0,0.3108145296573639,True,True,True,True,True
EQH21c088654a8301a0,ROBT,ROBT,,First Trust Nasdaq AI and Robotics ETF,equity,NASDAQ,1824,1303,521,0.0,0.0,0.11644993722438812,True,True,True,True,True
EQH21c5ec97f29595f8,BKU,BKU,,BankUnited Inc.,equity,NYSE,1824,1303,521,0.0,0.0,0.15218017995357513,True,True,True,True,True
EQH2210a561ab933098,SO,SO,,Southern Co,equity,NYSE,1824,1303,521,0.0,0.0,0.04849137365818024,True,True,True,True,True
EQH2225f7e345d1c16b,FSK,FSK,,FS KKR Capital Corp,equity,NYSE,1824,1303,521,0.0,0.0,0.09136492758989334,True,True,True,True,True
EQH2226dbc6830f3107,SUZB3.SA,SUZB3,,Suzano SA,equity,B3,1824,1303,521,0.0,0.0,1.4378595352172852,True,True,True,True,True
EQH222866426aecb4cc,INFY,INFY,,Infosys Ltd.,equity,NYSE,1824,1303,521,0.0,0.0,0.10156905651092529,True,True,True,True,True
EQH2231252fa0d5084f,EMR,EMR,,Emerson Electric Co,equity,NYSE,1824,1303,521,0.0,0.0,0.10918743163347244,True,True,True,True,True
EQH2248fb4c8940d53d,GEO,GEO,,The GEO Group Inc.,equity,NYSE,1824,1303,521,0.0,0.0,0.4210178256034851,True,True,True,True,True
EQH2254ec31a70e4817,PFE,PFE,,Pfizer Inc.,equity,NYSE,1824,1303,521,0.0,0.0,0.1085514947772026,True,True,True,True,True
EQH226806e5ed5684d8,CLFD,CLFD,,Clearfield Inc.,equity,NASDAQ,1824,1303,521,0.0,0.0,0.2672182619571686,True,True,True,True,True
EQH22792a1faf447ec6,EHC,EHC,,Encompass Health Corp,equity,NYSE,1824,1303,521,0.0,0.0,0.11793715506792068,True,True,True,True,True
EQH22b0e23a34abaaf4,LGND,LGND,,Ligand Pharmaceuticals Inc.,equity,NASDAQ,1824,1303,521,0.0,0.0,0.28831106424331665,True,True,True,True,True
EQH22b88ce45364852b,SPG,SPG,,Simon Property Group Inc,equity,NYSE,1824,1303,521,0.0,0.0,0.10110916942358017,True,True,True,True,True
EQH22c3f9176900bc75,CSX,CSX,,CSX Corp.,equity,NASDAQ,1824,1303,521,0.0,0.0,0.08406825363636017,True,True,True,True,True
EQH22c992a49d07976c,DRI,DRI,,"Darden Restaurants, Inc.",equity,NYSE,1824,1303,521,0.0,0.0,0.1474323570728302,True,True,True,True,True
EQH22cd29aceba158b5,NTNX,NTNX,,Nutanix Inc.,equity,NASDAQ,1824,1303,521,0.0,0.0,0.2913295328617096,True,True,True,True,True
EQH22cf6f45eedca446,PPG,PPG,,PPG Industries Inc.,equity,NYSE,1824,1303,521,0.0,0.0,0.124918133020401,True,True,True,True,True
EQH22daaf6ed1cc0cd2,PAYX,PAYX,,Paychex Inc.,equity,NASDAQ,1824,1303,521,0.0,0.0,0.09399016201496124,True,True,True,True,True
EQH22dd2a178968defd,IBN,IBN,,ICICI Bank Limited,equity,NYSE,1824,1303,521,0.0,0.0,0.09899507462978363,True,True,True,True,True
EQH23091fa37bfa4b90,BBWI,BBWI,,Bath & Body Works Inc,equity,NYSE,1824,1303,521,0.0,0.0,0.2518470585346222,True,True,True,True,True
EQH23130d331c79e088,CIGI,CIGI,,Colliers International Group Inc,equity,NASDAQ,1824,1303,521,0.0,0.0,0.10934994369745255,True,True,True,True,True
EQH231eadd1978f0ba3,AKAM,AKAM,,Akamai Technologies Inc.,equity,NASDAQ,1824,1303,521,0.0,0.0,0.23573006689548492,True,True,True,True,True
EQH2324c4a5d5c16e37,APA,APA,,APA Corp,equity,NASDAQ,1824,1303,521,0.0,0.0,0.19101931154727936,True,True,True,True,True
EQH2325a2fe8044198c,LOG.MC,LOG,,Logista Integral S.A.,equity,Cboe Europe,1824,1303,521,0.0,0.0,4.043987274169922,True,True,True,True,True
EQH2363aa06b9298942,LYB,LYB,,Lyondellbasell Industries N.V.,equity,NYSE,1824,1303,521,0.0,0.0,0.12761008739471436,True,True,True,True,True
EQH2376a950ac221eac,BDX,BDX,,Becton Dickinson & Co.,equity,NYSE,1824,1303,521,0.0,0.0,0.1813221275806427,True,True,True,True,True
EQH23998b7bdf1264e0,LRCX,LRCX,,Lam Research Corp.,equity,NASDAQ,1824,1303,521,0.0,0.0,0.1802489161491394,True,True,True,True,True
EQH23cccda5483985c1,TRN.MI,TRN,,Terna Rete Elettrica Nazionale SpA,equity,Cboe Europe,1824,1303,521,0.0,0.0,4.097936153411865,True,True,True,True,True
EQH23d771d0f42547b8,COR,COR,,Cencora Inc,equity,NYSE,1824,1303,521,0.0,0.0,0.1908969134092331,True,True,True,True,True
EQH23fcdeb0d9783128,IOSP,IOSP,,Innospec Inc.,equity,NASDAQ,1824,1303,521,0.0,0.0,0.12390898913145065,True,True,True,True,True
EQH24071980b5b7521f,PRY.MI,PRY,,Prysmian S.p.A.,equity,Cboe Europe,1824,1303,521,0.0,0.0,4.879034042358398,True,True,True,True,True
EQH241905aca55171f4,CCL,CCL,,Carnival Corp.,equity,NYSE,1824,1303,521,0.0,0.0,0.23253270983695984,True,True,True,True,True
EQH24336c6607ce9dc3,PCG,PCG,,PG&E Corporation,equity,NYSE,1824,1303,521,0.0,0.0,0.10805186629295349,True,True,True,True,True
EQH2442dee0e741c0c6,NEE,NEE,,NextEra Energy Inc.,equity,NYSE,1824,1303,521,0.0,0.0,0.08971905708312988,True,True,True,True,True
EQH2449b172e0210d0e,CTAS,CTAS,,Cintas Corporation,equity,NASDAQ,1824,1303,521,0.0,0.0,0.10568021982908249,True,True,True,True,True
EQH247ade74f5c0e9d9,ESNT,ESNT,,Essent Group Ltd,equity,NYSE,1824,1303,521,0.0,0.0,0.10398266464471817,True,True,True,True,True
EQH249169da0ca9c453,SNEX,SNEX,,Stonex Group Inc.,equity,NASDAQ,1824,1303,521,0.0,0.0,0.42031994462013245,True,True,True,True,True
EQH2521ac8638bb5663,HQY,HQY,,Healthequity Inc.,equity,NASDAQ,1824,1303,521,0.0,0.0,0.2459855079650879,True,True,True,True,True
EQH25264f1fda71ec80,DTE,DTE,,DTE Energy Co,equity,NYSE,1824,1303,521,0.0,0.0,0.055129487067461014,True,True,True,True,True
EQH2528ac880739de86,GLW,GLW,,Corning Inc.,equity,NYSE,1824,1303,521,0.0,0.0,0.41144755482673645,True,True,True,True,True
EQH25328ec827a72f29,PHIA.AS,PHIA,,Royal Philips N.V.,equity,Cboe Europe,1824,1303,521,0.0,0.0,4.085975170135498,True,True,True,True,True
EQH254d10da7f364db2,KFY,KFY,,Korn/Ferry International,equity,NYSE,1824,1303,521,0.0,0.0,0.11605504155158997,True,True,True,True,True
EQH2551178ba4cea827,PII,PII,,Polaris Inc,equity,NYSE,1824,1303,521,0.0,0.0,0.182913139462471,True,True,True,True,True
EQH2567b3e677a2f6c3,EWBC,EWBC,,East West Bancorp Inc,equity,NASDAQ,1824,1303,521,0.0,0.0,0.17365650832653046,True,True,True,True,True
EQH25da4a755179b862,UNG,UNG,,United States Natural Gas Fund,equity,NYSE,1824,1303,521,0.0,0.0,0.1594695895910263,True,True,True,True,True
EQH25e09e0359070f90,CRM,CRM,,Salesforce.com Inc.,equity,NYSE,1824,1303,521,0.0,0.0,0.19737142324447632,True,True,True,True,True
EQH25f09fbe749ae3bd,NRG,NRG,,NRG Energy Inc.,equity,NYSE,1824,1303,521,0.0,0.0,0.26213011145591736,True,True,True,True,True
EQH25f595955343382e,BEN,BEN,,Franklin Resources Inc.,equity,NYSE,1824,1303,521,0.0,0.0,0.1281939446926117,True,True,True,True,True
EQH25fe3c2f9c5f9a35,BAK,BAK,,Braskem SA,equity,NYSE,1824,1303,521,0.0,0.0,0.2315293550491333,True,True,True,True,True
EQH26188e683fff23f7,BX,BX,,Blackstone Inc,equity,NYSE,1824,1303,521,0.0,0.0,0.15034976601600647,True,True,True,True,True
EQH262d0ea08f6ad3d0,VNOM,VNOM,,Viper Energy Partners LP,equity,NASDAQ,1824,1303,521,0.0,0.0,0.10046160966157913,True,True,True,True,True
EQH262d81b0f54dcf76,EA,EA,,Electronic Arts Inc.,equity,NASDAQ,1824,1303,521,0.0,0.0,0.16698287427425385,True,True,True,True,True
EQH264042696e9fe6ae,NTAP,NTAP,,NetApp Inc.,equity,NASDAQ,1824,1303,521,0.0,0.0,0.20208057761192322,True,True,True,True,True
EQH264849d277b7e30c,WSO,WSO,,Watsco Inc.,equity,NYSE,1824,1303,521,0.0,0.0,0.11280706524848938,True,True,True,True,True
EQH2651647e0a7d291f,CC,CC,,Chemours Co.,equity,NYSE,1824,1303,521,0.0,0.0,0.3151113986968994,True,True,True,True,True
EQH265d205dda242490,PLD,PLD,,Prologis Inc.,equity,NYSE,1824,1303,521,0.0,0.0,0.0956917330622673,True,True,True,True,True
EQH26754be4305e7015,PRX.AS,PRX,,Prosus NV,equity,Cboe Europe,1824,1303,521,0.0,0.0,4.073380947113037,True,True,True,True,True
EQH26a38cd7f6f5bc3c,BSY,BSY,,Bentley Systems Inc.,equity,NASDAQ,1824,1303,521,0.0,0.0,0.13626310229301453,True,True,True,True,True
EQH26b29335648a76cb,BMI,BMI,,Badger Meter Inc.,equity,NYSE,1824,1303,521,0.0,0.0,0.2761697471141815,True,True,True,True,True
EQH26cae571b9de874a,J,J,,Jacobs Solutions Inc.,equity,NYSE,1824,1303,521,0.0,0.0,0.12448671460151672,True,True,True,True,True
EQH2708ebca63f01a87,FTI,FTI,,TechnipFMC PLC,equity,NYSE,1824,1303,521,0.0,0.0,0.14682941138744354,True,True,True,True,True
EQH27157cc176061150,NEU,NEU,,NewMarket Corporation,equity,NYSE,1824,1303,521,0.0,0.0,0.11819087713956833,True,True,True,True,True
EQH271f6b975a68d01f,CASY,CASY,,Casey's General Stores Inc,equity,NASDAQ,1824,1303,521,0.0,0.0,0.18470971286296844,True,True,True,True,True
EQH272b96f835b7941c,UBER,UBER,,Uber Technologies Inc.,equity,NYSE,1824,1303,521,0.0,0.0,0.18902437388896942,True,True,True,True,True
EQH272fff4855629062,DDS,DDS,,Dillard's Inc,equity,NYSE,1824,1303,521,0.0,0.0,0.19422219693660736,True,True,True,True,True
EQH273a4d84ac70f156,GLPG,GLPG,,Galapagos N.V.,equity,Cboe Europe,1824,1303,521,0.0,0.0,0.22468122839927673,True,True,True,True,True
EQH279e81070e0a3247,DXCO3.SA,DXCO3,,Dexco S.A.,equity,B3,1824,1303,521,0.0,0.0,0.11958295851945877,True,True,True,True,True
EQH27c3c3d924387e40,PAGS34.SA,PAGS34,,PagSeguro Digital Ltd.,equity,B3,1824,1303,521,0.0,0.0,0.2645777463912964,True,True,True,True,True
EQH27f7da9e60156510,BBVA,BBVA,,Banco Bilbao Vizcaya Argentaria SA,equity,NYSE,1824,1303,521,0.0,0.0,0.10541724413633347,True,True,True,True,True
EQH2834655e74af1b24,REY.MI,REY,,Reply SpA,equity,Cboe Europe,1824,1303,521,0.0,0.0,4.105632781982422,True,True,True,True,True
EQH2855fc2ded642611,MSCI,MSCI,,Msci Inc.,equity,NYSE,1824,1303,521,0.0,0.0,0.1348854899406433,True,True,True,True,True
EQH285da8d0d2be0514,NVDA,NVDA,,NVIDIA Corp.,equity,NASDAQ,1824,1303,521,0.0,0.0,0.2436964213848114,True,True,True,True,True
EQH2860dbfaa1d8d62a,ACX.MC,ACX,,Acerinox SA,equity,Cboe Europe,1824,1303,521,0.0,0.0,4.080972194671631,True,True,True,True,True
EQH287238372960f80b,SOFI,SOFI,,SoFi Technologies Inc,equity,NASDAQ,1824,1303,521,0.0,0.0,0.28393131494522095,True,True,True,True,True
EQH287e1cb2b8de3a26,LI.PA,LI,,Klepierre SA,equity,Cboe Europe,1824,1303,521,0.0,0.0,4.097999572753906,True,True,True,True,True
EQH28a4d8aaa9a714ac,CIG,CIG,,Companhia Energética de Minas Gerais SA,equity,NYSE,1824,1303,521,0.0,0.0,0.20557472109794617,True,True,True,True,True
EQH28be6c16520d1455,LAZ,LAZ,,Lazard Ltd.,equity,NYSE,1824,1303,521,0.0,0.0,0.15083561837673187,True,True,True,True,True
EQH28bf88d6cc06554d,TM,TM,,Toyota Motor Corporation,equity,NYSE,1824,1303,521,0.0,0.0,0.13641971349716187,True,True,True,True,True
EQH28c2bbeb5ac9b6f6,TSEM,TSEM,,Tower Semiconductor Ltd.,equity,NASDAQ,1824,1303,521,0.0,0.0,0.4207666218280792,True,True,True,True,True
EQH28d9da5401ed0274,PROX.BR,PROX,,Proximus S.A.,equity,Cboe Europe,1824,1303,521,0.0,0.0,5.051579475402832,True,True,True,True,True
EQH28f38790ee96eca1,ENGI11.SA,ENGI11,,Energisa S.A.,equity,B3,1824,1303,521,0.0,0.0,0.07971703261137009,True,True,True,True,True
EQH29124938bcad47f1,IG,IG,,Italgas SpA,equity,Cboe Europe,1824,1303,521,0.0,0.0,0.8312508463859558,True,True,True,True,True
EQH292ab1af04a7222e,WALMEX.MX,WALMEX,,Wal-Mart de México,equity,BMV,1824,1303,521,0.0,0.0,9.251984596252441,True,True,True,True,True
EQH292e98f793cf5652,CAE,CAE,,Cae Inc,equity,NYSE,1824,1303,521,0.0,0.0,0.20146313309669495,True,True,True,True,True
EQH294306ca81315dff,FHI,FHI,,Federated Hermes Inc.,equity,NYSE,1824,1303,521,0.0,0.0,0.0813954547047615,True,True,True,True,True
EQH294db1b5f8a7179e,CVLT,CVLT,,CommVault Systems Inc.,equity,NASDAQ,1824,1303,521,0.0,0.0,0.23961445689201355,True,True,True,True,True
EQH294db803ee1be0a0,BHIA3.SA,BHIA3,,Grupo Casas Bahia S.A.,equity,B3,1824,1303,521,0.0,0.0,0.36056840419769287,True,True,True,True,True
EQH296dcffb137ce991,CLX,CLX,,Clorox Co,equity,NYSE,1824,1303,521,0.0,0.0,0.1447320133447647,True,True,True,True,True
EQH2975928d8c997cfd,GPI,GPI,,Group 1 Automotive Inc.,equity,NYSE,1824,1303,521,0.0,0.0,0.10957583039999008,True,True,True,True,True
EQH2975ec323a9886df,BG,BG,,Bunge Global SA,equity,NYSE,1824,1303,521,0.0,0.0,0.14476433396339417,True,True,True,True,True
EQH2979912a756aa726,ISRG,ISRG,,Intuitive Surgical Inc.,equity,NASDAQ,1824,1303,521,0.0,0.0,0.14336153864860535,True,True,True,True,True
EQH29882b9b27735437,PBR,PBR,,Petróleo Brasileiro S.A.,equity,NYSE,1824,1303,521,0.0,0.0,0.12641803920269012,True,True,True,True,True
EQH2993407c508180e4,MKC,MKC,,McCormick & Co Inc.,equity,NYSE,1824,1303,521,0.0,0.0,0.10523326694965363,True,True,True,True,True
EQH29aa583ced48809a,TSM,TSM,,Taiwan Semiconductor Manufacturing,equity,NYSE,1824,1303,521,0.0,0.0,0.13327017426490784,True,True,True,True,True
EQH29c0ab492c56077b,DRVN,DRVN,,Driven Brands Holdings Inc.,equity,NASDAQ,1824,1303,521,0.0,0.0,0.4115369915962219,True,True,True,True,True
EQH29e201861c98fdb1,PG,PG,,Procter & Gamble Co,equity,NYSE,1824,1303,521,0.0,0.0,0.062322113662958145,True,True,True,True,True
EQH2a0de4183ae9e0bb,ENPH,ENPH,,Enphase Energy Inc.,equity,NASDAQ,1824,1303,521,0.0,0.0,0.2573436200618744,True,True,True,True,True
EQH2a20d4974ebd0424,AZTA,AZTA,,Azenta Inc.,equity,NASDAQ,1824,1303,521,0.0,0.0,0.29188981652259827,True,True,True,True,True
EQH2a36c1d714e7b9dc,O,O,,Realty Income Corp.,equity,NYSE,1824,1303,521,0.0,0.0,0.056734733283519745,True,True,True,True,True
EQH2a45450cfa9ab283,ATE.PA,ATE,,Alten S.A.,equity,Cboe Europe,1824,1303,521,0.0,0.0,4.08561897277832,True,True,True,True,True
EQH2a4f3f12492150dd,FN,FN,,Fabrinet,equity,NYSE,1824,1303,521,0.0,0.0,0.3158075511455536,True,True,True,True,True
EQH2a55e053f0f524a5,SRPT,SRPT,,Sarepta Therapeutics Inc,equity,NASDAQ,1824,1303,521,0.0,0.0,0.42122718691825867,True,True,True,True,True
EQH2a6ef2e835632dd8,RBI.VI,RBI,,Raiffeisen Bank International AG,equity,Cboe Europe,1824,1303,521,0.0,0.0,4.910317897796631,True,True,True,True,True
EQH2a87b0e39e97886d,ARGX,ARGX,,argenx SE,equity,NASDAQ,1824,1303,521,0.0,0.0,0.27790969610214233,True,True,True,True,True
EQH2aaf3143a57150d7,GPC,GPC,,Genuine Parts Company,equity,NYSE,1824,1303,521,0.0,0.0,0.2096841037273407,True,True,True,True,True
EQH2aafb527cc48416b,EXC,EXC,,Exelon Corp,equity,NASDAQ,1824,1303,521,0.0,0.0,0.07560976594686508,True,True,True,True,True
EQH2ab4f316d0718005,EN.PA,EN,,Bouygues S.A.,equity,Cboe Europe,1824,1303,521,0.0,0.0,4.089478015899658,True,True,True,True,True
EQH2acf28bb4bfddeb7,NBIX,NBIX,,Neurocrine Biosciences Inc.,equity,NASDAQ,1824,1303,521,0.0,0.0,0.18872500956058502,True,True,True,True,True
EQH2b199ec72c6c524c,BILI,BILI,,Bilibili Inc.,equity,NASDAQ,1824,1303,521,0.0,0.0,0.475609689950943,True,True,True,True,True
EQH2b1f57c964146af2,BWA,BWA,,BorgWarner Inc,equity,NYSE,1824,1303,521,0.0,0.0,0.1306925266981125,True,True,True,True,True
EQH2b2b949f9faea6ee,UQA.VI,UQA,,UNIQA Insurance Group AG,equity,Cboe Europe,1824,1303,521,0.0,0.0,4.103212833404541,True,True,True,True,True
EQH2b30224c9f59dec0,RHI,RHI,,Robert Half International Inc.,equity,NYSE,1824,1303,521,0.0,0.0,0.11137484014034271,True,True,True,True,True
EQH2b4678d7ca6f5ff4,WAB,WAB,,Westinghouse Air Brake Technologies Corp.,equity,NYSE,1824,1303,521,0.0,0.0,0.10035032033920288,True,True,True,True,True
EQH2b4e3ae891b64259,IX,IX,,ORIX Corporation,equity,NYSE,1824,1303,521,0.0,0.0,0.08547849208116531,True,True,True,True,True
EQH2b5ef41ec12f14bc,MMS,MMS,,Maximus Inc,equity,NYSE,1824,1303,521,0.0,0.0,0.37716758251190186,True,True,True,True,True
EQH2b687a6a8ec55c0b,LYFT,LYFT,,LYFT Inc.,equity,NASDAQ,1824,1303,521,0.0,0.0,0.3643649220466614,True,True,True,True,True
EQH2b7d0c4822497cc2,YELP,YELP,,Yelp Inc.,equity,NYSE,1824,1303,521,0.0,0.0,0.18378709256649017,True,True,True,True,True
EQH2b92e42e3fba1078,MIDD,MIDD,,The Middleby Corp.,equity,NASDAQ,1824,1303,521,0.0,0.0,0.18250295519828796,True,True,True,True,True
EQH2b9beae675b7cb04,LNT,LNT,,Alliant Energy Corp.,equity,NASDAQ,1824,1303,521,0.0,0.0,0.05381643399596214,True,True,True,True,True
EQH2bc1dc5575bca403,APH,APH,,Amphenol Corporation,equity,NYSE,1824,1303,521,0.0,0.0,0.12566402554512024,True,True,True,True,True
EQH2be2db421f416778,ERG.MI,ERG,,ERG SpA,equity,Cboe Europe,1824,1303,521,0.0,0.0,4.037589073181152,True,True,True,True,True
EQH2bf7298ef4988458,AMZN,AMZN,,Amazon.com Inc.,equity,NASDAQ,1824,1303,521,0.0,0.0,0.14049437642097473,True,True,True,True,True
EQH2c0d638ba05adfa7,KLAC,KLAC,,KLA-Tencor Corp.,equity,NASDAQ,1824,1303,521,0.0,0.0,2.3043301105499268,True,True,True,True,True
EQH2c395840959df95a,TSN,TSN,,Tyson Foods Inc.,equity,NYSE,1824,1303,521,0.0,0.0,0.16411277651786804,True,True,True,True,True
EQH2c535cf371d8d3f9,STX,STX,,Seagate Technology PLC,equity,NASDAQ,1824,1303,521,0.0,0.0,0.19112111628055573,True,True,True,True,True
EQH2c56ea5452301f13,CGNX,CGNX,,Cognex Corporation,equity,NASDAQ,1824,1303,521,0.0,0.0,0.2124142199754715,True,True,True,True,True
EQH2c5eae5ae0c990b5,SCHW,SCHW,,Charles Schwab Corp.,equity,NYSE,1824,1303,521,0.0,0.0,0.12769033014774323,True,True,True,True,True
EQH2c5fd385b2c7ff84,ANA.MC,ANA,,Acciona SA,equity,Cboe Europe,1824,1303,521,0.0,0.0,4.891088008880615,True,True,True,True,True
EQH2c6a76fb04a93161,ICE,ICE,,Intercontinental Exchange Inc,equity,NYSE,1824,1303,521,0.0,0.0,0.07491353154182434,True,True,True,True,True
EQH2c74c2be6a2d6486,HSY,HSY,,The Hershey Co,equity,NYSE,1824,1303,521,0.0,0.0,0.10847155004739761,True,True,True,True,True
EQH2c78709c512c7885,NVCR,NVCR,,Novocure Ltd,equity,NASDAQ,1824,1303,521,0.0,0.0,0.6845313906669617,True,True,True,True,True
EQH2c9352347355e66b,CINF,CINF,,Cincinnati Financial Corporation,equity,NASDAQ,1824,1303,521,0.0,0.0,0.13907983899116516,True,True,True,True,True
EQH2cb1564efdb60c03,UNI.MC,UNI,,Unicaja Banco SA,equity,Cboe Europe,1824,1303,521,0.0,0.0,4.18887996673584,True,True,True,True,True
EQH2ce961eef24c9d9b,ADUS,ADUS,,Addus Homecare Corporation,equity,NASDAQ,1824,1303,521,0.0,0.0,0.2831082344055176,True,True,True,True,True
EQH2d24c00f9e426d12,TECH,TECH,,BIO-TECHNE Corp.,equity,NASDAQ,1824,1303,521,0.0,0.0,0.18294404447078705,True,True,True,True,True
EQH2d4a887495d33448,ABEV,ABEV,,Ambev SA,equity,NYSE,1824,1303,521,0.0,0.0,0.1502019464969635,True,True,True,True,True
EQH2d65e0f03ea82ee4,NET,NET,,Cloudflare Inc.,equity,NYSE,1824,1303,521,0.0,0.0,0.27058014273643494,True,True,True,True,True
EQH2d675bf0828ee8de,SBMO.AS,SBMO,,SBM Offshore N.V.,equity,Cboe Europe,1824,1303,521,0.0,0.0,4.101105690002441,True,True,True,True,True
EQH2d783bc318b36fbf,ELV,ELV,,Elevance Health Inc.,equity,NYSE,1824,1303,521,0.0,0.0,0.12218821048736572,True,True,True,True,True
EQH2d7b68000b3ebbc0,COL.MC,COL,,Inmobiliaria Colonial SOCIMI SA,equity,Cboe Europe,1824,1303,521,0.0,0.0,4.09065055847168,True,True,True,True,True
EQH2d8adb4bd7c1d090,CSMG3.SA,CSMG3,,Companhia de Saneamento de Minas Gerais,equity,B3,1824,1303,521,0.0,0.0,0.18390768766403198,True,True,True,True,True
EQH2db86e12a01f3eb6,SNAP,SNAP,,Snap Inc.,equity,NYSE,1824,1303,521,0.0,0.0,0.5881632566452026,True,True,True,True,True
EQH2dea64b7904460c4,LESL,LESL,,Leslie's Inc.,equity,NASDAQ,1824,1303,521,0.0,0.0,0.8950885534286499,True,True,True,True,True
EQH2df34339dbcc7f74,COLM,COLM,,Columbia Sportswear Company,equity,NASDAQ,1824,1303,521,0.0,0.0,0.13146330416202545,True,True,True,True,True
EQH2e03219973a74dba,TEP.PA,TEP,,Teleperformance SE,equity,Cboe Europe,1824,1303,521,0.0,0.0,4.073081016540527,True,True,True,True,True
EQH2e0b80129b81eead,LIGHT.AS,LIGHT,,Signify NV,equity,Cboe Europe,1824,1303,521,0.0,0.0,4.0641045570373535,True,True,True,True,True
EQH2e0fecfbd46d90ed,ESI,ESI,,Element Solutions Inc.,equity,NYSE,1824,1303,521,0.0,0.0,0.13569331169128418,True,True,True,True,True
EQH2e13df1e7f57fe16,META,META,,Meta Platforms Inc.,equity,NASDAQ,1824,1303,521,0.0,0.0,0.26390084624290466,True,True,True,True,True
EQH2e659d358eabb4fb,BFIT.AS,BFIT,,Basic Fit NV,equity,Cboe Europe,1824,1303,521,0.0,0.0,4.079854488372803,True,True,True,True,True
EQH2e822197c61d1be2,CACI,CACI,,CACI International Inc,equity,NYSE,1824,1303,521,0.0,0.0,0.12382735311985016,True,True,True,True,True
EQH2e8f972995cc0929,VIRT,VIRT,,Virtu Financial Inc.,equity,NASDAQ,1824,1303,521,0.0,0.0,0.18757982552051544,True,True,True,True,True
EQH2ea92ef71839b37f,BCC,BCC,,Boise Cascade Co.,equity,NYSE,1824,1303,521,0.0,0.0,0.20863401889801025,True,True,True,True,True
EQH2ed40385799ac709,TENB,TENB,,Tenable Holdings Inc,equity,NASDAQ,1824,1303,521,0.0,0.0,0.19140973687171936,True,True,True,True,True
EQH2eddf2c7a398566d,EW,EW,,Edwards Lifesciences Corp.,equity,NYSE,1824,1303,521,0.0,0.0,0.31339848041534424,True,True,True,True,True
EQH2f15dca31b6127fa,ALLY,ALLY,,Ally Financial Inc.,equity,NYSE,1824,1303,521,0.0,0.0,0.20007653534412384,True,True,True,True,True
EQH2f25aadd8e3e4885,CSL,CSL,,Carlisle Companies Inc.,equity,NYSE,1824,1303,521,0.0,0.0,0.15396864712238312,True,True,True,True,True
EQH2f39c4a63d1c0c39,BAYN.DE,BAYN,,Bayer AG,equity,Cboe Europe,1824,1303,521,0.0,0.0,5.08582878112793,True,True,True,True,True
EQH2f527beaca6f8a3c,ADS.DE,ADS,,Adidas AG,equity,Cboe Europe,1824,1303,521,0.0,0.0,4.077766418457031,True,True,True,True,True
EQH2f6e31ef75d979f3,HSIC,HSIC,,Henry Schein Inc.,equity,NASDAQ,1824,1303,521,0.0,0.0,0.10782799124717712,True,True,True,True,True
EQH2f8dffc5f07f815c,ROST,ROST,,Ross Stores Inc.,equity,NASDAQ,1824,1303,521,0.0,0.0,0.22470323741436005,True,True,True,True,True
EQH2f97c071524b7a90,RGEN,RGEN,,Repligen Corporation,equity,NASDAQ,1824,1303,521,0.0,0.0,0.17859332263469696,True,True,True,True,True
EQH2f9e81c7d4b6c7fc,KWR,KWR,,Quaker Chemical Corp.,equity,NYSE,1824,1303,521,0.0,0.0,0.2217213660478592,True,True,True,True,True
EQH2fa7092cff6f902a,NTGY.MC,NTGY,,Naturgy Energy Group SA,equity,Cboe Europe,1824,1303,521,0.0,0.0,4.079206466674805,True,True,True,True,True
EQH2fb747a2b2716dc8,ALGN,ALGN,,Align Technology Inc.,equity,NASDAQ,1824,1303,521,0.0,0.0,0.3662622570991516,True,True,True,True,True
EQH2fc13a9563195fce,WDS,WDS,,Woodside Energy Group Ltd.,equity,NYSE,1824,1303,521,0.0,0.0,2.2366044521331787,True,True,True,True,True
EQH2fc2c7a7219c2090,CAT,CAT,,Caterpillar Inc.,equity,NYSE,1824,1303,521,0.0,0.0,0.11634603142738342,True,True,True,True,True
EQH2fd1de94936b80df,BEKB.BR,BEKB,,N.V. Bekaert S.A.,equity,Cboe Europe,1824,1303,521,0.0,0.0,4.873565196990967,True,True,True,True,True
EQH2fd50ce01251cc54,ACA.PA,ACA,,Credit Agricole SA,equity,Cboe Europe,1824,1303,521,0.0,0.0,4.092065811157227,True,True,True,True,True
EQH2fedb342c6d18f96,WSM,WSM,,"Williams-Sonoma, Inc.",equity,NYSE,1824,1303,521,0.0,0.0,2.6175458431243896,True,True,True,True,True
EQH2ff32b79d72e9904,WMT,WMT,,Walmart Inc.,equity,NYSE,1824,1303,521,0.0,0.0,0.11375737935304642,True,True,True,True,True
EQH3028b452fe5fd5d5,DOX,DOX,,Amdocs Limited,equity,NASDAQ,1824,1303,521,0.0,0.0,0.07860890030860901,True,True,True,True,True
EQH307ce443a5017c35,IXN,IXN,,iShares Global Tech ETF,equity,NYSE,1824,1303,521,0.0,0.0,0.13159091770648956,True,True,True,True,True
EQH30a6e576db594c3a,CNP,CNP,,Centerpoint Energy Inc.,equity,NYSE,1824,1303,521,0.0,0.0,0.06666659563779831,True,True,True,True,True
EQH30c5a1fd6229cd7d,HRB,HRB,,H & R Block Inc.,equity,NYSE,1824,1303,521,0.0,0.0,0.21327237784862518,True,True,True,True,True
EQH30fe2be20757aa77,BSAC,BSAC,,Banco Santander-Chile,equity,NYSE,1824,1303,521,0.0,0.0,0.09065642207860947,True,True,True,True,True
EQH30ffdcca3a735af4,BEAM,BEAM,,Beam Therapeutics Inc.,equity,NASDAQ,1824,1303,521,0.0,0.0,0.2589385509490967,True,True,True,True,True
EQH311320639586344c,SBSP3.SA,SBSP3,,Companhia de Saneamento Básico do Estado de São Paulo - SABESP,equity,B3,1824,1303,521,0.0,0.0,1.6173259019851685,True,True,True,True,True
EQH312a8ba8f092328b,FUL,FUL,,H.B. Fuller Company,equity,NYSE,1824,1303,521,0.0,0.0,0.11046870797872543,True,True,True,True,True
EQH3141f6dbeb4831ab,DAC,DAC,,Danaos Corporation,equity,NYSE,1824,1303,521,0.0,0.0,0.13422082364559174,True,True,True,True,True
EQH3164b118dfb5132c,OTIS,OTIS,,Otis Worldwide Corp.,equity,NYSE,1824,1303,521,0.0,0.0,0.12377466261386871,True,True,True,True,True
EQH31790b67dd5d1569,AD,AD,,Koninklijke Ahold Delhaize N.V.,equity,Cboe Europe,1824,1303,521,0.0,0.0,0.9291428327560425,True,True,True,True,True
EQH31b63c13e4ab98a9,TT,TT,,Trane Technologies PLC,equity,NYSE,1824,1303,521,0.0,0.0,0.12185385823249817,True,True,True,True,True
EQH31d697b51e6f9f77,LDOS,LDOS,,Leidos Holdings Inc.,equity,NYSE,1824,1303,521,0.0,0.0,0.145356222987175,True,True,True,True,True
EQH31dcd9a0e003ccf4,KLBN11.SA,KLBN11,,Klabin S.A.,equity,B3,1824,1303,521,0.0,0.0,0.0748288556933403,True,True,True,True,True
EQH31e920a1c8d363fb,CMCSA,CMCSA,,Comcast Corp.,equity,NASDAQ,1824,1303,521,0.0,0.0,0.1380566954612732,True,True,True,True,True
EQH31eacd20dad2609b,ADM,ADM,,Archer Daniels Midland Company,equity,NYSE,1824,1303,521,0.0,0.0,0.24197106063365936,True,True,True,True,True
EQH32296fc646471da2,HUH1V.HE,HUH1V,,Huhtamaki Oyj,equity,Cboe Europe,1824,1303,521,0.0,0.0,4.074186325073242,True,True,True,True,True
EQH32542032744b3311,ORCL,ORCL,,Oracle Corp.,equity,NYSE,1824,1303,521,0.0,0.0,0.3594880998134613,True,True,True,True,True
EQH328a897dc2145193,KOFUBL.MX,KOFUBL,,Coca-Cola FEMSA,equity,BMV,1824,1303,521,0.0,0.0,9.268379211425781,True,True,True,True,True
EQH329b661635a778e5,MMSI,MMSI,,Merit Medical Systems Inc,equity,NASDAQ,1824,1303,521,0.0,0.0,0.11374091356992722,True,True,True,True,True
EQH32b8f4b562860b82,PYPL,PYPL,,PayPal Holdings Inc.,equity,NASDAQ,1824,1303,521,0.0,0.0,0.2459043562412262,True,True,True,True,True
EQH32ba2494f88e8e44,BIOX,BIOX,,Bioceres Crop Solutions Corp.,equity,NASDAQ,1824,1303,521,0.0,0.0,0.285714328289032,True,True,True,True,True
EQH33562d7eecea6264,DIN,DIN,,Dine Brands Global Inc.,equity,NYSE,1824,1303,521,0.0,0.0,0.15500645339488983,True,True,True,True,True
EQH33af01370e07812b,GOLD,GOLD,,Barrick Gold Corp,equity,NYSE,1824,1303,521,0.0,0.0,0.1927894800901413,True,True,True,True,True
EQH3414bc684af8f21d,CALM,CALM,,Cal-Maine Foods Inc.,equity,NASDAQ,1824,1303,521,0.0,0.0,0.14503934979438782,True,True,True,True,True
EQH3416089f0c82ff2d,LII,LII,,Lennox International Inc,equity,NYSE,1824,1303,521,0.0,0.0,1.962018609046936,True,True,True,True,True
EQH341782fd07d43832,COP,COP,,ConocoPhillips,equity,NYSE,1824,1303,521,0.0,0.0,0.1070651262998581,True,True,True,True,True
EQH34382d3a17d18011,BL,BL,,Blackline Inc.,equity,NASDAQ,1824,1303,521,0.0,0.0,0.18083596229553223,True,True,True,True,True
EQH345bd25363f7ef6f,PCAR,PCAR,,Paccar Inc.,equity,NASDAQ,1824,1303,521,0.0,0.0,0.10966435074806213,True,True,True,True,True
EQH347022168e944a19,HXL,HXL,,Hexcel Corporation,equity,NYSE,1824,1303,521,0.0,0.0,0.12382280826568604,True,True,True,True,True
EQH34b8fa21d92458c8,TPR,TPR,,Tapestry Inc.,equity,NYSE,1824,1303,521,0.0,0.0,1.123719334602356,True,True,True,True,True
EQH34c9979f3641f459,EIX,EIX,,Edison International,equity,NYSE,1824,1303,521,0.0,0.0,0.11892315000295639,True,True,True,True,True
EQH34ed74466b165b05,SLV,SLV,,iShares Silver Trust,equity,NYSE,1824,1303,521,0.0,0.0,0.09142859280109406,True,True,True,True,True
EQH34ee068a18539cab,VRSK,VRSK,,Verisk Analytics Inc.,equity,NASDAQ,1824,1303,521,0.0,0.0,0.10395041108131409,True,True,True,True,True
EQH3508892c3cbfd248,OMAB,OMAB,,Grupo Aeroportuario del Centro Norte S.A.B. de C.V.,equity,NASDAQ,1824,1303,521,0.0,0.0,0.26798784732818604,True,True,True,True,True
EQH3517921e48be2b01,SNDR,SNDR,,Schneider National Inc.,equity,NYSE,1824,1303,521,0.0,0.0,0.12971022725105286,True,True,True,True,True
EQH3529dcfd6b264086,STLD,STLD,,Steel Dynamics Inc.,equity,NASDAQ,1824,1303,521,0.0,0.0,0.13763383030891418,True,True,True,True,True
EQH356354db11d9a728,SR,SR,,Spire Inc.,equity,NYSE,1824,1303,521,0.0,0.0,0.05622256547212601,True,True,True,True,True
EQH3570a3d837144713,GIB,GIB,,CGI Group Inc.,equity,NYSE,1824,1303,521,0.0,0.0,0.11399829387664795,True,True,True,True,True
EQH357fdf31d412bf36,PZZA,PZZA,,Papa John's International Inc.,equity,NASDAQ,1824,1303,521,0.0,0.0,0.18402217328548431,True,True,True,True,True
EQH359b777855fab3f7,ACI,ACI,,Albertsons Companies Inc.,equity,NYSE,1824,1303,521,0.0,0.0,0.1718432754278183,True,True,True,True,True
EQH35caeaf601a80d07,AMX,AMX,,America Movil SAB de CV,equity,NYSE,1824,1303,521,0.0,0.0,0.08405772596597672,True,True,True,True,True
EQH35cee4a5a7b872ff,PTON,PTON,,Peloton Interactive Inc.,equity,NASDAQ,1824,1303,521,0.0,0.0,0.35416677594184875,True,True,True,True,True
EQH35e2e4bd46a1096b,FAST,FAST,,Fastenal Company,equity,NASDAQ,1824,1303,521,0.0,0.0,0.0975852981209755,True,True,True,True,True
EQH360c5d80616d227a,AVY,AVY,,Avery Dennison Corp.,equity,NYSE,1824,1303,521,0.0,0.0,0.09484494477510452,True,True,True,True,True
EQH362d6103a852f366,AMS,AMS,,Amadeus It Group SA,equity,Cboe Europe,1824,1303,521,0.0,0.0,0.2217632234096527,True,True,True,True,True
EQH364b43481d049645,PCVX,PCVX,,Vaxcyte Inc.,equity,NASDAQ,1824,1303,521,0.0,0.0,0.6034985184669495,True,True,True,True,True
EQH364fb1ff81960b2f,PPL,PPL,,PPL Corp.,equity,NYSE,1824,1303,521,0.0,0.0,0.07249453663825989,True,True,True,True,True
EQH367627519ba005f4,CYRE3.SA,CYRE3,,Cyrela Brazil Realty S.A. Empreendimentos e Participações,equity,B3,1824,1303,521,0.0,0.0,0.1244892105460167,True,True,True,True,True
EQH36787f4b202587b9,AA,AA,,Alcoa Corp,equity,NYSE,1824,1303,521,0.0,0.0,0.1694469004869461,True,True,True,True,True
EQH36864c5379e2e51d,ASB,ASB,,Associated Banc-Corp.,equity,NYSE,1824,1303,521,0.0,0.0,0.1729888617992401,True,True,True,True,True
EQH36a3e59b8722f97a,ERF.PA,ERF,,Eurofins Scientific SE,equity,Cboe Europe,1824,1303,521,0.0,0.0,4.124790668487549,True,True,True,True,True
EQH36a63677674cebb4,RMBS,RMBS,,Rambus Inc.,equity,NASDAQ,1824,1303,521,0.0,0.0,0.23899638652801514,True,True,True,True,True
EQH36c6ccdfd4129865,CPFE3.SA,CPFE3,,CPFL Energia S.A.,equity,B3,1824,1303,521,0.0,0.0,0.10101821273565292,True,True,True,True,True
EQH36dcf95a4efd24aa,FNB,FNB,,FNB Corp,equity,NYSE,1824,1303,521,0.0,0.0,0.14914070069789886,True,True,True,True,True
EQH3704dc6a62c2f3b5,MDGL,MDGL,,Madrigal Pharmaceuticals Inc.,equity,NASDAQ,1824,1303,521,0.0,0.0,2.6807210445404053,True,True,True,True,True
EQH372f9e289e558385,ATR,ATR,,AptarGroup Inc.,equity,NYSE,1824,1303,521,0.0,0.0,0.10048358887434006,True,True,True,True,True
EQH373583d52dca26c0,RLI,RLI,,RLI Corp,equity,NYSE,1824,1303,521,0.0,0.0,0.0933738723397255,True,True,True,True,True
EQH373e07d3408da58a,BLDR,BLDR,,Builders FirstSource Inc.,equity,NYSE,1824,1303,521,0.0,0.0,0.19046200811862946,True,True,True,True,True
EQH373e9b28a90567ec,NEOG,NEOG,,Neogen Corporation,equity,NASDAQ,1824,1303,521,0.0,0.0,0.2869318127632141,True,True,True,True,True
EQH3741146c1ba4db9b,TLT,TLT,,iShare 20+ Year Treasury Bond ETF,equity,NASDAQ,1824,1303,521,0.0,0.0,0.038473714143037796,True,True,True,True,True
EQH37450c1be481aade,RTO,RTO,,Rentokil Initial PLC,equity,NYSE,1824,1303,521,0.0,0.0,0.21044303476810455,True,True,True,True,True
EQH3746c8145fca162e,COPX,COPX,,Global X Copper Miners ETF,equity,NYSE,1824,1303,521,0.0,0.0,0.11875803768634796,True,True,True,True,True
EQH375f56c8cf39a296,JUN3.DE,JUN3,,Jungheinrich Aktiengesellschaft,equity,Cboe Europe,1824,1303,521,0.0,0.0,4.2408881187438965,True,True,True,True,True
EQH377500745b8c2067,SMCI,SMCI,,Super Micro Computer Inc.,equity,NASDAQ,1824,1303,521,0.0,0.0,0.4053027331829071,True,True,True,True,True
EQH3787181fc4e164f6,IBOC,IBOC,,International Bancshares Corp.,equity,NASDAQ,1824,1303,521,0.0,0.0,0.152941033244133,True,True,True,True,True
EQH3797923b09b4551e,LW,LW,,Lamb Weston Holdings Inc,equity,NYSE,1824,1303,521,0.0,0.0,0.28237101435661316,True,True,True,True,True
EQH37a4a2fc19c0fb97,CBRE,CBRE,,CBRE Group Inc.,equity,NYSE,1824,1303,521,0.0,0.0,0.10156922787427902,True,True,True,True,True
EQH37d0da6a5d9a9ca5,KRX.IR,KRX,,Kingspan Group plc,equity,Cboe Europe,1824,1303,521,0.0,0.0,4.061446189880371,True,True,True,True,True
EQH37df1913057eaba8,CRK,CRK,,Comstock Resources Inc.,equity,NYSE,1824,1303,521,0.0,0.0,0.1665043830871582,True,True,True,True,True
EQH3809b30f7863a803,IWM,IWM,,iShares Russell 2000 ETF,equity,NYSE,1824,1303,521,0.0,0.0,0.0850016325712204,True,True,True,True,True
EQH3817411bbda3214c,G,G,,Genpact Ltd,equity,NYSE,1824,1303,521,0.0,0.0,0.1588956117630005,True,True,True,True,True
EQH382fe5d7569c3c50,VRSN,VRSN,,Verisign Inc.,equity,NASDAQ,1824,1303,521,0.0,0.0,0.14264462888240814,True,True,True,True,True
EQH3862af2e48edda77,JEF,JEF,,Jefferies Financial Group Inc.,equity,NYSE,1824,1303,521,0.0,0.0,0.14953728020191193,True,True,True,True,True
EQH38901cc5b56fb9e4,AR,AR,,Antero Resources Corp.,equity,NYSE,1824,1303,521,0.0,0.0,0.137406587600708,True,True,True,True,True
EQH38dacf3536270c24,MF.PA,MF,,Wendel,equity,Cboe Europe,1824,1303,521,0.0,0.0,4.91549015045166,True,True,True,True,True
EQH38dc8d6b01c3b4ce,CSGP,CSGP,,CoStar Group Inc.,equity,NASDAQ,1824,1303,521,0.0,0.0,0.14998409152030945,True,True,True,True,True
EQH38eedee74eb9026d,NSP,NSP,,Insperity Inc.,equity,NYSE,1824,1303,521,0.0,0.0,0.24353814125061035,True,True,True,True,True
EQH38efdffc763ddfd4,ZLAB,ZLAB,,Zai Lab Ltd.,equity,NASDAQ,1824,1303,521,0.0,0.0,0.41804248094558716,True,True,True,True,True
EQH390aeea5e61321c7,UGPA3.SA,UGPA3,,Ultrapar Participacoes SA,equity,B3,1824,1303,521,0.0,0.0,0.12836629152297974,True,True,True,True,True
EQH390d726cf22acf8a,MCHI,MCHI,,iShares MSCI China ETF,equity,NASDAQ,1824,1303,521,0.0,0.0,0.2093745470046997,True,True,True,True,True
EQH3931ddee0c09c965,OHI,OHI,,Omega Healthcare Investors Inc.,equity,NYSE,1824,1303,521,0.0,0.0,0.1468362808227539,True,True,True,True,True
EQH3939d94811d19c7b,CBU,CBU,,Community Bank System Inc.,equity,NYSE,1824,1303,521,0.0,0.0,0.13810276985168457,True,True,True,True,True
EQH394dee7de45b069e,SLM,SLM,,SLM Corp.,equity,NASDAQ,1824,1303,521,0.0,0.0,0.16807211935520172,True,True,True,True,True
EQH395f138c5a5c6cfd,ABT,ABT,,Abbott Laboratories,equity,NYSE,1824,1303,521,0.0,0.0,0.08524368703365326,True,True,True,True,True
EQH39d3aab6663ff6b4,ULCC,ULCC,,Frontier Group Holdings Inc.,equity,NASDAQ,1824,1303,521,0.0,0.0,0.29607251286506653,True,True,True,True,True
EQH3a1994a6c9cce338,ANDR.VI,ANDR,,Andritz AG,equity,Cboe Europe,1824,1303,521,0.0,0.0,4.092404842376709,True,True,True,True,True
EQH3a229b18dd5dc770,TIMS3.SA,TIMS3,,Tim SA,equity,B3,1824,1303,521,0.0,0.0,0.08407824486494064,True,True,True,True,True
EQH3a24969fbac50bf1,KMT,KMT,,Kennametal Inc.,equity,NYSE,1824,1303,521,0.0,0.0,0.18225227296352386,True,True,True,True,True
EQH3a38072c336c0952,ST,ST,,Sensata Technologies Holding PLC,equity,NYSE,1824,1303,521,0.0,0.0,0.18032772839069366,True,True,True,True,True
EQH3a59be081ab9dd43,DQ,DQ,,Daqo New Energy Corp.,equity,NYSE,1824,1303,521,0.0,0.0,0.22752228379249573,True,True,True,True,True
EQH3aa359c0258cc09c,ADYEN.AS,ADYEN,,Adyen NV,equity,Cboe Europe,1824,1303,521,0.0,0.0,4.089544773101807,True,True,True,True,True
EQH3acc03589e233e81,MAP.MC,MAP,,Mapfre SA,equity,Cboe Europe,1824,1303,521,0.0,0.0,4.109070777893066,True,True,True,True,True
EQH3adb0000fa112524,ELISA.HE,ELISA,,Elisa Oyj,equity,Cboe Europe,1824,1303,521,0.0,0.0,4.113475799560547,True,True,True,True,True
EQH3af3f2167a9d4cd2,OI,OI,,O-I Glass Inc,equity,NYSE,1824,1303,521,0.0,0.0,0.1687423139810562,True,True,True,True,True
EQH3afde6da8a38972a,AGS.BR,AGS,,Ageas S.A./N.V.,equity,Cboe Europe,1824,1303,521,0.0,0.0,4.11815071105957,True,True,True,True,True
EQH3b0d82f1b36124ab,NVS,NVS,,Novartis AG,equity,NYSE,1824,1303,521,0.0,0.0,0.08003362268209457,True,True,True,True,True
EQH3b2d01a3288975c3,ARES,ARES,,Ares Management Corp,equity,NYSE,1824,1303,521,0.0,0.0,0.15550696849822998,True,True,True,True,True
EQH3b63140d143db934,DHER.DE,DHER,,Delivery Hero SE,equity,Cboe Europe,1824,1303,521,0.0,0.0,4.070109844207764,True,True,True,True,True
EQH3b771c9a88cb7974,XLV,XLV,,Health Care Select Sector SPDR Fund,equity,NYSE,1824,1303,521,0.0,0.0,0.05484522134065628,True,True,True,True,True
EQH3b87593e29dca4b0,RMS.PA,RMS,,Hermes International S.A.,equity,Cboe Europe,1824,1303,521,0.0,0.0,4.088140487670898,True,True,True,True,True
EQH3b8868ef8aa9f665,FWONK,FWONK,,Formula One Group,equity,NASDAQ,1824,1303,521,0.0,0.0,0.1009630337357521,True,True,True,True,True
EQH3b88ea1415d16e16,NFG,NFG,,National Fuel Gas Co.,equity,NYSE,1824,1303,521,0.0,0.0,0.07322340458631516,True,True,True,True,True
EQH3ba31d1d9a9356b7,AMRC,AMRC,,Ameresco Inc.,equity,NYSE,1824,1303,521,0.0,0.0,0.4898202419281006,True,True,True,True,True
EQH3bad1be72fa6e564,PLUG,PLUG,,Plug Power Inc.,equity,NASDAQ,1824,1303,521,0.0,0.0,0.404721736907959,True,True,True,True,True
EQH3baeac2a5c8572db,MKSI,MKSI,,MKS Instruments Inc.,equity,NASDAQ,1824,1303,521,0.0,0.0,0.24532154202461243,True,True,True,True,True
EQH3be02945de7a8b43,GDDY,GDDY,,GoDaddy Inc.,equity,NYSE,1824,1303,521,0.0,0.0,0.1427966058254242,True,True,True,True,True
EQH3c015f5e89ad2b15,PHI,PHI,,PLDT Inc,equity,NYSE,1824,1303,521,0.0,0.0,0.2368517965078354,True,True,True,True,True
EQH3c03b55136975fa2,E,E,,Eni SpA,equity,NYSE,1824,1303,521,0.0,0.0,0.06753236800432205,True,True,True,True,True
EQH3c0c721ba06a395b,CHGG,CHGG,,Chegg Inc.,equity,NYSE,1824,1303,521,0.0,0.0,0.4882090389728546,True,True,True,True,True
EQH3c169b11ac471fe1,VNQ,VNQ,,Vanguard Real Estate Index Fund,equity,NYSE,1824,1303,521,0.0,0.0,0.07314671576023102,True,True,True,True,True
EQH3c2a89ee627a75bd,MUFG,MUFG,,Mitsubishi UFJ Financial Group Inc,equity,NYSE,1824,1303,521,0.0,0.0,0.13153144717216492,True,True,True,True,True
EQH3c36c159963c58ee,BCO,BCO,,Brink's Company,equity,NYSE,1824,1303,521,0.0,0.0,0.12812982499599457,True,True,True,True,True
EQH3c5223558e7d604e,FITB,FITB,,Fifth Third Bancorp,equity,NASDAQ,1824,1303,521,0.0,0.0,0.13566020131111145,True,True,True,True,True
EQH3c5965efc17cc040,XPEL,XPEL,,Xpel Inc,equity,NASDAQ,1824,1303,521,0.0,0.0,0.47685036063194275,True,True,True,True,True
EQH3c6cbd63330a7ef7,MSA,MSA,,MSA Safety Inc.,equity,NYSE,1824,1303,521,0.0,0.0,0.12228857725858688,True,True,True,True,True
EQH3c9738131dc77338,DVN,DVN,,Devon Energy Corp.,equity,NYSE,1824,1303,521,0.0,0.0,0.15932856500148773,True,True,True,True,True
EQH3cab51e5bafa722c,MRSH,MMC,,Marsh & McLennan Cos Inc.,equity,NYSE,1824,1303,521,0.0,0.0,0.08520975708961487,True,True,True,True,True
EQH3cac302e9c0656f4,VLY,VLY,,Valley National Bancorp,equity,NASDAQ,1824,1303,521,0.0,0.0,0.1972280889749527,True,True,True,True,True
EQH3cc0f1fe80498d0d,TLK,TLK,,Telkom Indonesia,equity,NYSE,1824,1303,521,0.0,0.0,0.0993724912405014,True,True,True,True,True
EQH3cdb04055f05e3eb,UNM,UNM,,Unum Group,equity,NYSE,1824,1303,521,0.0,0.0,0.1457272320985794,True,True,True,True,True
EQH3d022df0190dbb60,KEY,KEY,,KeyCorp,equity,NYSE,1824,1303,521,0.0,0.0,0.2733076810836792,True,True,True,True,True
EQH3d21f94e9c912007,TGT,TGT,,Target Corp.,equity,NYSE,1824,1303,521,0.0,0.0,0.24930338561534882,True,True,True,True,True
EQH3d2ebdccc86f634a,QSR,QSR,,Restaurant Brands International Inc.,equity,NYSE,1824,1303,521,0.0,0.0,0.07416808605194092,True,True,True,True,True
EQH3d320c8f509d3665,SKM,SKM,,SK Telecom Co Ltd,equity,NYSE,1824,1303,521,0.0,0.0,0.17384977638721466,True,True,True,True,True
EQH3d6b2046ab021e48,ELS,ELS,,Equity LifeStyle Properties Inc.,equity,NYSE,1824,1303,521,0.0,0.0,0.06554459035396576,True,True,True,True,True
EQH3d7321bd1eecf50e,NTES,NTES,,NetEase Inc.,equity,NASDAQ,1824,1303,521,0.0,0.0,0.2568693459033966,True,True,True,True,True
EQH3d81a0668de7af9f,GENTERA.MX,GENTERA,,Gentera,equity,BMV,1824,1303,521,0.0,0.0,9.277457237243652,True,True,True,True,True
EQH3da352833e817b95,SRT3.DE,SRT3,,Sartorius AG,equity,Cboe Europe,1824,1303,521,0.0,0.0,4.095563888549805,True,True,True,True,True
EQH3dd928dec1af80a3,BOH,BOH,,Bank of Hawaii Corp.,equity,NYSE,1824,1303,521,0.0,0.0,0.18349646031856537,True,True,True,True,True
EQH3df34723cb4dfc56,XLB,XLB,,Materials Select Sector SPDR Fund,equity,NYSE,1824,1303,521,0.0,0.0,0.08738401532173157,True,True,True,True,True
EQH3e0e1a57fd8e08a3,FLS,FLS,,Flowserve Corp.,equity,NYSE,1824,1303,521,0.0,0.0,0.3093429505825043,True,True,True,True,True
EQH3e28732fb43c1f8e,ANET,ANET,,Arista Networks Inc.,equity,NYSE,1824,1303,521,0.0,0.0,0.22350387275218964,True,True,True,True,True
EQH3e2b3a9481de32cf,ACHC,ACHC,,Acadia Healthcare Company Inc,equity,NASDAQ,1824,1303,521,0.0,0.0,0.2553402781486511,True,True,True,True,True
EQH3e80b1fef78410b1,ORI,ORI,,Old Republic International Corporation,equity,NYSE,1824,1303,521,0.0,0.0,0.09348238259553909,True,True,True,True,True
EQH3e8a82ed64b0e691,FRVIA.PA,FRVIA,,Forvia SE,equity,Cboe Europe,1824,1303,521,0.0,0.0,4.092193603515625,True,True,True,True,True
EQH3e98baa6bc7703ee,EZA,EZA,,iShares MSCI South Africa ETF,equity,NYSE,1824,1303,521,0.0,0.0,0.09200792014598846,True,True,True,True,True
EQH3e9ef7a4a04015d0,SBS,SBS,,Companhia de Saneamento Básico do Estado de São Paulo - SABESP,equity,NYSE,1824,1303,521,0.0,0.0,1.6196390390396118,True,True,True,True,True
EQH3eb47d8696a1a3e4,PSA,PSA,,Public Storage,equity,NYSE,1824,1303,521,0.0,0.0,0.08002868294715881,True,True,True,True,True
EQH3eb7199c41c8dc0c,DKNG,DKNG,,DraftKings Inc.,equity,NASDAQ,1824,1303,521,0.0,0.0,0.2782386541366577,True,True,True,True,True
EQH3eb8a437a813edb8,SANM,SANM,,Sanmina Corp.,equity,NASDAQ,1824,1303,521,0.0,0.0,0.28204625844955444,True,True,True,True,True
EQH3eb901be41974d6a,LI,LI,,Li Auto Inc.,equity,NASDAQ,1824,1303,521,0.0,0.0,0.31898730993270874,True,True,True,True,True
EQH3ece6ebc5bd1bb4b,DG.PA,DG,,Vinci S.A.,equity,Cboe Europe,1824,1303,521,0.0,0.0,4.085508346557617,True,True,True,True,True
EQH3ed12a76f622ff34,BKH,BKH,,Black Hills Corp,equity,NYSE,1824,1303,521,0.0,0.0,0.09279073774814606,True,True,True,True,True
EQH3ee6f2d5da86b58a,GRUMAB.MX,GRUMAB,,Gruma,equity,BMV,1824,1303,521,0.0,0.0,9.261226654052734,True,True,True,True,True
EQH3f05f4b5e20197f1,MARA,MARA,,Marathon Digital Holdings Inc.,equity,NASDAQ,1824,1303,521,0.0,0.0,0.32172125577926636,True,True,True,True,True
EQH3f2c2faed1939d66,XLE,XLE,,Energy Select Sector SPDR Fund,equity,NYSE,1824,1303,521,0.0,0.0,0.0919991135597229,True,True,True,True,True
EQH3f67294fcad7125f,PK,PK,,Park Hotels & Resorts Inc.,equity,NYSE,1824,1303,521,0.0,0.0,0.13785295188426971,True,True,True,True,True
EQH3f95c813f707a1e1,UPM.HE,UPM,,UPM-Kymmene Corporation,equity,Cboe Europe,1824,1303,521,0.0,0.0,4.083202362060547,True,True,True,True,True
EQH3f984f5a88a83813,TIMB,TIMB,,Tim SA,equity,NYSE,1824,1303,521,0.0,0.0,0.11651476472616196,True,True,True,True,True
EQH3f9c606dd5959dca,USFD,USFD,,US Foods Holding Corp,equity,NYSE,1824,1303,521,0.0,0.0,0.12399019300937653,True,True,True,True,True
EQH3fb23fbe3dc5c9b7,CSAN3.SA,CSAN3,,Cosan SA,equity,B3,1824,1303,521,0.0,0.0,0.18382608890533447,True,True,True,True,True
EQH3fb7d952cc7400fd,BIDU,BIDU,,Baidu Inc.,equity,NASDAQ,1824,1303,521,0.0,0.0,0.3920464813709259,True,True,True,True,True
EQH3fc331c1890ead9a,MTH,MTH,,Meritage Homes Corp.,equity,NYSE,1824,1303,521,0.0,0.0,0.1203903779387474,True,True,True,True,True
EQH3fe26f069d1a7d22,PH,PH,,Parker-Hannifin Corp.,equity,NYSE,1824,1303,521,0.0,0.0,0.13439154624938965,True,True,True,True,True
EQH3feb8c9273a6a72f,VESTA.MX,VESTA,,Corporacion Inmobiliaria Vesta,equity,BMV,1824,1303,521,0.0,0.0,9.257600784301758,True,True,True,True,True
EQH4029fbee2132ad4a,MDLZ,MDLZ,,Mondelez International Inc.,equity,NASDAQ,1824,1303,521,0.0,0.0,0.07273264229297638,True,True,True,True,True
EQH4045ebba16f7f0aa,G24.DE,G24,,Scout24 SE,equity,Cboe Europe,1824,1303,521,0.0,0.0,4.906661510467529,True,True,True,True,True
EQH40688331be98bd07,CHPT,CHPT,,ChargePoint Holdings Inc,equity,NYSE,1824,1303,521,0.0,0.0,0.35463255643844604,True,True,True,True,True
EQH4068f12864121a85,CDNS,CDNS,,Cadence Design Systems Inc.,equity,NASDAQ,1824,1303,521,0.0,0.0,0.14250558614730835,True,True,True,True,True
EQH4075fe0e2d13ad56,STWD,STWD,,"Starwood Property Trust, Inc.",equity,NYSE,1824,1303,521,0.0,0.0,0.07696762681007385,True,True,True,True,True
EQH408a247eef56ef48,MRVE3.SA,MRVE3,,MRV Engenharia e Participações S.A.,equity,B3,1824,1303,521,0.0,0.0,0.15949438512325287,True,True,True,True,True
EQH40bf16fc8ca9eea1,TNL,TNL,,Travel + Leisure Co.,equity,NYSE,1824,1303,521,0.0,0.0,2.677564859390259,True,True,True,True,True
EQH40e5d597ac178c4e,GRF.MC,GRF,,Grifols S.A.,equity,Cboe Europe,1824,1303,521,0.0,0.0,4.911042213439941,True,True,True,True,True
EQH40f3fe5122ac499f,AWR,AWR,,American States Water Co,equity,NYSE,1824,1303,521,0.0,0.0,0.0909195989370346,True,True,True,True,True
EQH40f8214032ae9f68,BNL,BNL,,Broadstone Net Lease Inc.,equity,NYSE,1824,1303,521,0.0,0.0,1.3681720495224,True,True,True,True,True
EQH4113c94384740eeb,ACA,ACA,,Arcosa Inc.,equity,NYSE,1824,1303,521,0.0,0.0,0.14873307943344116,True,True,True,True,True
EQH412f05d4a9c71b1e,ACN,ACN,,Accenture PLC,equity,NYSE,1824,1303,521,0.0,0.0,0.19804604351520538,True,True,True,True,True
EQH412ff6e4e92759a5,DDOG,DDOG,,Datadog Inc.,equity,NASDAQ,1824,1303,521,0.0,0.0,0.28472650051116943,True,True,True,True,True
EQH4148e26911131fae,G1A.DE,G1A,,GEA Group Aktiengesellschaft,equity,Cboe Europe,1824,1303,521,0.0,0.0,4.105982780456543,True,True,True,True,True
EQH416d147aa98b485c,LHA.DE,LHA,,Deutsche Lufthansa AG,equity,Cboe Europe,1824,1303,521,0.0,0.0,4.110686302185059,True,True,True,True,True
EQH41843ce1d71d1f66,GGG,GGG,,Graco Inc.,equity,NYSE,1824,1303,521,0.0,0.0,0.12601517140865326,True,True,True,True,True
EQH41a2378bf32ce414,WOOF,WOOF,,Petco Health and Wellness Company Inc.,equity,NASDAQ,1824,1303,521,0.0,0.0,0.32899022102355957,True,True,True,True,True
EQH41a31c28b417bb5e,ALO.PA,ALO,,Alstom S.A.,equity,Cboe Europe,1824,1303,521,0.0,0.0,4.09528112411499,True,True,True,True,True
EQH41aae74243463df2,EWT,EWT,,iShares MSCI Taiwan ETF,equity,NYSE,1824,1303,521,0.0,0.0,0.09377288818359375,True,True,True,True,True
EQH41c937f35a958f22,EEM,EEM,,iShares MSCI Emerging Markets ETF,equity,NYSE,1824,1303,521,0.0,0.0,0.08052868396043777,True,True,True,True,True
EQH41dfbf26363b9293,SHOO,SHOO,,Steven Madden Ltd.,equity,NASDAQ,1824,1303,521,0.0,0.0,0.163720041513443,True,True,True,True,True
EQH41ff6bfb71480737,FCX,FCX,,Freeport-McMoRan Inc,equity,NYSE,1824,1303,521,0.0,0.0,0.16953277587890625,True,True,True,True,True
EQH421266e53bab9610,EXPD,EXPD,,Expeditors International of Washington,equity,NYSE,1824,1303,521,0.0,0.0,0.10836194455623627,True,True,True,True,True
EQH4221d2dff78e3416,NFLX,NFLX,,Netflix Inc.,equity,NASDAQ,1824,1303,521,0.0,0.0,0.8184554576873779,True,True,True,True,True
EQH4230528e7f75dd33,HLT,HLT,,Hilton Worldwide Holdings Inc.,equity,NYSE,1824,1303,521,0.0,0.0,0.08629768341779709,True,True,True,True,True
EQH4258f1c8f44b2cc7,HESM,HESM,,Hess Midstream LP,equity,NYSE,1824,1303,521,0.0,0.0,0.42963385581970215,True,True,True,True,True
EQH4293548a4643c945,ZAL.DE,ZAL,,Zalando SE,equity,Cboe Europe,1824,1303,521,0.0,0.0,4.107691287994385,True,True,True,True,True
EQH429bdd08019cba40,AYV.PA,AYV,,Ayvens,equity,Cboe Europe,1824,1303,521,0.0,0.0,4.086476802825928,True,True,True,True,True
EQH42cf5d692c2ad73f,CUBE,CUBE,,CubeSmart,equity,NYSE,1824,1303,521,0.0,0.0,0.08634624630212784,True,True,True,True,True
EQH4306673da5a64b7f,ARCC,ARCC,,Ares Capital Corporation,equity,NASDAQ,1824,1303,521,0.0,0.0,0.1031201183795929,True,True,True,True,True
EQH43113a6835778b47,FERG,FERG,,Ferguson PLC,equity,NYSE,1824,1303,521,0.0,0.0,0.17233359813690186,True,True,True,True,True
EQH431b6bc964a36ee5,CLF,CLF,,Cleveland-Cliffs Inc.,equity,NYSE,1824,1303,521,0.0,0.0,0.23156088590621948,True,True,True,True,True
EQH436cd2a86aaf2a8c,SF,SF,,Stifel Financial Corp,equity,NYSE,1824,1303,521,0.0,0.0,0.13857239484786987,True,True,True,True,True
EQH43cab8252412ce97,RAND,RAND,,Randstad Holding N.V.,equity,Cboe Europe,1824,1303,521,0.0,0.0,0.20391340553760529,True,True,True,True,True
EQH43d171b2c593f019,CMBT,CMBT,,Euronav NV,equity,NYSE,1824,1303,521,0.0,0.0,0.17061598598957062,True,True,True,True,True
EQH44111f1535d962da,CVI,CVI,,CVR Energy Inc.,equity,NYSE,1824,1303,521,0.0,0.0,0.24181361496448517,True,True,True,True,True
EQH442c2ace143045a1,GET.PA,GET,,Getlink SE,equity,Cboe Europe,1824,1303,521,0.0,0.0,4.931459903717041,True,True,True,True,True
EQH4484cee3951f5e22,CHT,CHT,,Chunghwa Telecom Co. Ltd,equity,NYSE,1824,1303,521,0.0,0.0,0.048479050397872925,True,True,True,True,True
EQH45022ee9e18489ae,PM,PM,,Philip Morris International Inc.,equity,NYSE,1824,1303,521,0.0,0.0,0.10948257893323898,True,True,True,True,True
EQH451284bbb540dbce,EWU,EWU,,iShares MSCI United Kingdom ETF,equity,NYSE,1824,1303,521,0.0,0.0,0.07135200500488281,True,True,True,True,True
EQH452e448b1649205f,SMTO3.SA,SMTO3,,São Martinho S.A.,equity,B3,1824,1303,521,0.0,0.0,0.1446652114391327,True,True,True,True,True
EQH452f9cd6f94aed60,PRGO,PRGO,,Perrigo Company PLC,equity,NYSE,1824,1303,521,0.0,0.0,0.2521049976348877,True,True,True,True,True
EQH4538bb7aac29e74e,FANG,FANG,,Diamondback Energy Inc,equity,NASDAQ,1824,1303,521,0.0,0.0,0.13148853182792664,True,True,True,True,True
EQH45500ebf6d342f81,AXON,AXON,,Axon Enterprise Inc.,equity,NASDAQ,1824,1303,521,0.0,0.0,0.28678399324417114,True,True,True,True,True
EQH4561ad9433b2a662,GLD,GLD,,SPDR Gold Trust,equity,NYSE,1824,1303,521,0.0,0.0,0.06426889449357986,True,True,True,True,True
EQH456378b4fc9937f7,UMI,UMI,,Umicore S.A.,equity,Cboe Europe,1824,1303,521,0.0,0.0,0.08487419039011002,True,True,True,True,True
EQH456e3ce5449130d0,IVZ,IVZ,,Invesco Ltd.,equity,NYSE,1824,1303,521,0.0,0.0,0.17850390076637268,True,True,True,True,True
EQH4583575cbeabfbda,EFX,EFX,,Equifax Inc.,equity,NYSE,1824,1303,521,0.0,0.0,0.1383715271949768,True,True,True,True,True
EQH45946aaf7b8256dd,KBX.DE,KBX,,Knorr-Bremse AG,equity,Cboe Europe,1824,1303,521,0.0,0.0,4.092623710632324,True,True,True,True,True
EQH45b59c5bb3bbb19f,CIE.MC,CIE,,CIE Automotive SA,equity,Cboe Europe,1824,1303,521,0.0,0.0,4.903331756591797,True,True,True,True,True
EQH45b6234d2ad63fea,SSTK,SSTK,,Shutterstock Inc,equity,NYSE,1824,1303,521,0.0,0.0,0.18565988540649414,True,True,True,True,True
EQH4608154915aeacf7,KEX,KEX,,Kirby Corporation,equity,NYSE,1824,1303,521,0.0,0.0,0.2057500183582306,True,True,True,True,True
EQH468b35e1448bcf55,BPAC11.SA,BPAC11,,Banco BTG Pactual S.A.,equity,B3,1824,1303,521,0.0,0.0,0.12910586595535278,True,True,True,True,True
EQH46a9c58e54329dfe,VTR,VTR,,Ventas Inc.,equity,NYSE,1824,1303,521,0.0,0.0,0.46970629692077637,True,True,True,True,True
EQH46c8388e4c9537e1,CTSH,CTSH,,Cognizant Technology Solutions Corp.,equity,NASDAQ,1824,1303,521,0.0,0.0,0.13773661851882935,True,True,True,True,True
EQH46da9cf4794ea5fb,BKR,BKR,,Baker Hughes Co,equity,NASDAQ,1824,1303,521,0.0,0.0,0.1333821415901184,True,True,True,True,True
EQH46f245a965cef34a,VRT,VRT,,Vertiv Holdings Co,equity,NYSE,1824,1303,521,0.0,0.0,0.36739906668663025,True,True,True,True,True
EQH47019ab824dafe0b,HII,HII,,Huntington Ingalls Industries Inc.,equity,NYSE,1824,1303,521,0.0,0.0,0.26160717010498047,True,True,True,True,True
EQH47496d1ff4cbcc55,PRKS,PRKS,,United Parks & Resorts Inc.,equity,NYSE,1824,1303,521,0.0,0.0,0.2397231012582779,True,True,True,True,True
EQH4754c8bc847a89a4,AALB.AS,AALB,,Aalberts NV,equity,Cboe Europe,1824,1303,521,0.0,0.0,4.0771894454956055,True,True,True,True,True
EQH47593364a50f9ed0,BAMI.MI,BAMI,,Banco BPM S.p.A.,equity,Cboe Europe,1824,1303,521,0.0,0.0,4.0913872718811035,True,True,True,True,True
EQH47a250a52f94d3d8,SOI.PA,SOI,,Soitec SA,equity,Cboe Europe,1824,1303,521,0.0,0.0,4.202420711517334,True,True,True,True,True
EQH47c05138b8fb7ffe,VID.MC,VID,,Vidrala SA,equity,Cboe Europe,1824,1303,521,0.0,0.0,4.106868743896484,True,True,True,True,True
EQH47cea72bac77e9be,ELF,ELF,,e.l.f. Beauty Inc.,equity,NYSE,1824,1303,521,0.0,0.0,0.3504200875759125,True,True,True,True,True
EQH47da48a36c896cbf,SWK,SWK,,Stanley Black & Decker Inc.,equity,NYSE,1824,1303,521,0.0,0.0,0.3140624165534973,True,True,True,True,True
EQH47fe2c426c0e07ae,STN,STN,,Stantec Inc.,equity,NYSE,1824,1303,521,0.0,0.0,0.09650380164384842,True,True,True,True,True
EQH480184271836f3ff,BMA,BMA,,Banco Macro SA,equity,NYSE,1824,1303,521,0.0,0.0,0.37630483508110046,True,True,True,True,True
EQH48351e16754b04b8,AGN.AS,AGN,,AEGON N.V.,equity,Cboe Europe,1824,1303,521,0.0,0.0,4.097442626953125,True,True,True,True,True
EQH4839b80292843c6e,V,V,,Visa Inc.,equity,NYSE,1824,1303,521,0.0,0.0,0.10599071532487869,True,True,True,True,True
EQH48927c97ac845fc2,VALE3.SA,VALE3,,Vale SA,equity,B3,1824,1303,521,0.0,0.0,1.459810495376587,True,True,True,True,True
EQH48ef85574e06e366,CARR,CARR,,Carrier Global Corp.,equity,NYSE,1824,1303,521,0.0,0.0,0.11608560383319855,True,True,True,True,True
EQH492ece7d27f0b86f,LIN,LIN,,Linde PLC,equity,NASDAQ,1824,1303,521,0.0,0.0,1.959694743156433,True,True,True,True,True
EQH4932d7f75e027724,AWK,AWK,,American Water Works Co Inc.,equity,NYSE,1824,1303,521,0.0,0.0,0.06840424239635468,True,True,True,True,True
EQH4954b952178575d0,FHN,FHN,,First Horizon Corp.,equity,NYSE,1824,1303,521,0.0,0.0,1.6469115018844604,True,True,True,True,True
EQH4954eca523689c14,XLK,XLK,,Technology Select Sector SPDR Fund,equity,NYSE,1824,1303,521,0.0,0.0,0.13425695896148682,True,True,True,True,True
EQH496e0faf2255b66b,CHH,CHH,,Choice Hotels International Inc,equity,NYSE,1824,1303,521,0.0,0.0,0.16931851208209991,True,True,True,True,True
EQH49bd9355451f8d42,BYND,BYND,,Beyond Meat,equity,NASDAQ,1824,1303,521,0.0,0.0,1.4625848531723022,True,True,True,True,True
EQH49c14cdf6a2d5d74,CHEF,CHEF,,The Chefs' Warehouse Inc.,equity,NASDAQ,1824,1303,521,0.0,0.0,0.1641520857810974,True,True,True,True,True
EQH49cb1ef7f5c700ab,PGR,PGR,,Progressive Corp.,equity,NYSE,1824,1303,521,0.0,0.0,0.1311785876750946,True,True,True,True,True
EQH49d2ecd6013c0f74,EME,EME,,Emcor Group Inc,equity,NYSE,1824,1303,521,0.0,0.0,0.19119729101657867,True,True,True,True,True
EQH49e6ab80fee23f0a,BBD,BBD,,Banco Bradesco SA,equity,NYSE,1824,1303,521,0.0,0.0,0.18942737579345703,True,True,True,True,True
EQH49e842538c444451,SIX2.DE,SIX2,,Sixt SE,equity,Cboe Europe,1824,1303,521,0.0,0.0,4.088271617889404,True,True,True,True,True
EQH4a14ad4184e7e75f,TW,TW,,Tradeweb Markets Inc.,equity,NASDAQ,1824,1303,521,0.0,0.0,0.1236075907945633,True,True,True,True,True
EQH4a2b8bbdb472f536,WELL,WELL,,Welltower Inc.,equity,NYSE,1824,1303,521,0.0,0.0,0.8722646832466125,True,True,True,True,True
EQH4a6d01c1f8642b90,CQP,CQP,,Cheniere Energy Partners LP,equity,NYSE,1824,1303,521,0.0,0.0,0.10907067358493805,True,True,True,True,True
EQH4ab3c29ef4873b10,UNP,UNP,,Union Pacific Corp.,equity,NYSE,1824,1303,521,0.0,0.0,1.486840009689331,True,True,True,True,True
EQH4b2f4ef528af8662,KRC,KRC,,Kilroy Realty Corp.,equity,NYSE,1824,1303,521,0.0,0.0,0.12709742784500122,True,True,True,True,True
EQH4b5c9c52ce000130,ARRY,ARRY,,Array Technologies Inc.,equity,NASDAQ,1824,1303,521,0.0,0.0,0.28922900557518005,True,True,True,True,True
EQH4b7ae594cb11925b,HGV,HGV,,Hilton Grand Vacations Inc.,equity,NYSE,1824,1303,521,0.0,0.0,2.0257058143615723,True,True,True,True,True
EQH4b8828ff5f915ef2,BAP,BAP,,Credicorp Ltd.,equity,NYSE,1824,1303,521,0.0,0.0,0.16347673535346985,True,True,True,True,True
EQH4ba99ffdbe5f94b4,TEF.MC,TEF,,Telefonica SA,equity,Cboe Europe,1824,1303,521,0.0,0.0,4.645663261413574,True,True,True,True,True
EQH4c11a5b50377e330,FBP,FBP,,First Bancorp,equity,NYSE,1824,1303,521,0.0,0.0,0.13963040709495544,True,True,True,True,True
EQH4c31496200c71c9c,TXRH,TXRH,,Texas Roadhouse Inc.,equity,NASDAQ,1824,1303,521,0.0,0.0,0.32579535245895386,True,True,True,True,True
EQH4c349cbc07202bb8,AMN,AMN,,"AMN Healthcare Services, Inc.",equity,NYSE,1824,1303,521,0.0,0.0,0.29007819294929504,True,True,True,True,True
EQH4ca4e7e9d6325f8f,MTDR,MTDR,,Matador Resources Co,equity,NYSE,1824,1303,521,0.0,0.0,0.15898549556732178,True,True,True,True,True
EQH4cce3c4d460934ed,IFX.DE,IFX,,Infineon Technologies AG,equity,Cboe Europe,1824,1303,521,0.0,0.0,4.069907188415527,True,True,True,True,True
EQH4cd50a24ad2f569a,EXPO,EXPO,,Exponent Inc.,equity,NASDAQ,1824,1303,521,0.0,0.0,0.1949046552181244,True,True,True,True,True
EQH4cd78dccee746086,JD,JD,,JD.Com Inc.,equity,NASDAQ,1824,1303,521,0.0,0.0,0.3936493992805481,True,True,True,True,True
EQH4ce2bc931297266c,BOTZ,BOTZ,,Global X Robotics & Artificial Intelligence ETF,equity,NASDAQ,1824,1303,521,0.0,0.0,0.12158295512199402,True,True,True,True,True
EQH4cec19b7906f6f6f,RGR,RGR,,Sturm Ruger & Company Inc.,equity,NYSE,1824,1303,521,0.0,0.0,0.19813045859336853,True,True,True,True,True
EQH4d069c7f68a2083c,AFRM,AFRM,,Affirm Holdings Inc,equity,NASDAQ,1824,1303,521,0.0,0.0,0.46671566367149353,True,True,True,True,True
EQH4d07962db3183cb9,WTW,WTW,,Willis Towers Watson PLC,equity,NASDAQ,1824,1303,521,0.0,0.0,0.12430167198181152,True,True,True,True,True
EQH4d19d09d761a84a6,ARW,ARW,,Arrow Electronics Inc.,equity,NYSE,1824,1303,521,0.0,0.0,0.12614141404628754,True,True,True,True,True
EQH4d1e4fc1316089cf,NVO,NVO,,Novo Nordisk A/S,equity,NYSE,1824,1303,521,0.0,0.0,0.21826088428497314,True,True,True,True,True
EQH4d44aa7219a23ae1,VEEV,VEEV,,Veeva Systems Inc,equity,NYSE,1824,1303,521,0.0,0.0,0.19674113392829895,True,True,True,True,True
EQH4d4de00294676f08,UTDI.DE,UTDI,,United Internet AG,equity,Cboe Europe,1824,1303,521,0.0,0.0,4.1084089279174805,True,True,True,True,True
EQH4d5d5575171802e2,CHE,CHE,,Chemed Corporation,equity,NYSE,1824,1303,521,0.0,0.0,0.12948726117610931,True,True,True,True,True
EQH4d717aafc04bc675,S92.DE,S92,,SMA Solar Technology AG,equity,Cboe Europe,1824,1303,521,0.0,0.0,4.053584575653076,True,True,True,True,True
EQH4d807aa741c06b8d,MEGACPO.MX,MEGACPO,,Megacable Holdings,equity,BMV,1824,1303,521,0.0,0.0,9.252280235290527,True,True,True,True,True
EQH4d87f53dd83a0ec2,ABCB,ABCB,,Ameris Bancorp,equity,NYSE,1824,1303,521,0.0,0.0,0.13696664571762085,True,True,True,True,True
EQH4d89a49e5c90f2bf,COHR,COHR,,Coherent Corp,equity,NYSE,1824,1303,521,0.0,0.0,1.4985677003860474,True,True,True,True,True
EQH4d8c549ef7af6b41,NDA.DE,NDA,,Aurubis AG,equity,Cboe Europe,1824,1303,521,0.0,0.0,4.0999932289123535,True,True,True,True,True
EQH4d8e6ee83a0afa75,JBHT,JBHT,,J B Hunt Transport Services Inc,equity,NASDAQ,1824,1303,521,0.0,0.0,0.2214219570159912,True,True,True,True,True
EQH4da0e71a4b84f326,RUM,RUM,,Rumble Inc.,equity,NASDAQ,1824,1303,521,0.0,0.0,0.8122391700744629,True,True,True,True,True
EQH4dcac02cf45006c2,EXPE,EXPE,,Expedia Inc.,equity,NASDAQ,1824,1303,521,0.0,0.0,0.18842266499996185,True,True,True,True,True
EQH4e15a66fb83055af,RAIL3.SA,RAIL3,,Rumo S.A.,equity,B3,1824,1303,521,0.0,0.0,0.09426666796207428,True,True,True,True,True
EQH4e2767c9699cacee,BRAP4.SA,BRAP4,,Bradespar S.A.,equity,B3,1824,1303,521,0.0,0.0,0.08271072059869766,True,True,True,True,True
EQH4e32ac0c7afe00f2,VOLARA.MX,VOLARA,,Controladora Vuela Compania de Aviacion,equity,BMV,1824,1303,521,0.0,0.0,9.291857719421387,True,True,True,True,True
EQH4e48f73a16cfd58e,G.MI,G,,Assicurazioni Generali S.p.A.,equity,Cboe Europe,1824,1303,521,0.0,0.0,4.0889997482299805,True,True,True,True,True
EQH4e7dc92f85cd5a5c,VOD,VOD,,Vodafone Group plc.,equity,NASDAQ,1824,1303,521,0.0,0.0,0.09284938871860504,True,True,True,True,True
EQH4e986b7e69b671da,BABA,BABA,,Alibaba Group Holdings Ltd.,equity,NYSE,1824,1303,521,0.0,0.0,0.3676394820213318,True,True,True,True,True
EQH4e9a016fbab27da4,ALLE,ALLE,,Allegion PLC,equity,NYSE,1824,1303,521,0.0,0.0,0.10319463908672333,True,True,True,True,True
EQH4e9ffddcf0a47d2c,TFC,TFC,,Truist Financial Corp,equity,NYSE,1824,1303,521,0.0,0.0,0.1699276715517044,True,True,True,True,True
EQH4ec0e5c1b84c515e,WCC,WCC,,WESCO International Inc.,equity,NYSE,1824,1303,521,0.0,0.0,1.9574439525604248,True,True,True,True,True
EQH4f0d2fad1b3f031d,BTI,BTI,,British American Tobacco PLC,equity,NYSE,1824,1303,521,0.0,0.0,0.08497150242328644,True,True,True,True,True
EQH4f0d6e29bffb305d,MET,MET,,Metlife Inc.,equity,NYSE,1824,1303,521,0.0,0.0,0.29897087812423706,True,True,True,True,True
EQH4f1724340299f79d,IPGP,IPGP,,IPG Photonics Corporation,equity,NASDAQ,1824,1303,521,0.0,0.0,0.2976226508617401,True,True,True,True,True
EQH4f53ff7a9a8e6fc6,CUZ,CUZ,,Cousins Properties Inc,equity,NYSE,1824,1303,521,0.0,0.0,0.10152845829725266,True,True,True,True,True
EQH4fb560c437461be9,INVH,INVH,,Invitation Homes Inc.,equity,NYSE,1824,1303,521,0.0,0.0,0.08319365233182907,True,True,True,True,True
EQH4fc2a1c7a81f4545,ON,ON,,ON Semiconductor Corp,equity,NASDAQ,1824,1303,521,0.0,0.0,1.360521912574768,True,True,True,True,True
EQH4fc52066c603a58b,SON,SON,,Sonoco Products Co,equity,NYSE,1824,1303,521,0.0,0.0,0.1769477277994156,True,True,True,True,True
EQH4ff2e0eb97b4e922,MOH,MOH,,Molina Healthcare Inc.,equity,NYSE,1824,1303,521,0.0,0.0,0.21969377994537354,True,True,True,True,True
EQH500f8ab8cdf86b68,ORNBV.HE,ORNBV,,Orion Oyj,equity,Cboe Europe,1824,1303,521,0.0,0.0,4.124514102935791,True,True,True,True,True
EQH50281759392ec254,INPST.AS,INPST,,InPost SA,equity,Cboe Europe,1824,1303,521,0.0,0.0,4.097532749176025,True,True,True,True,True
EQH5029e63620a73c96,YDUQ3.SA,YDUQ3,,Yduqs Participações S.A.,equity,B3,1824,1303,521,0.0,0.0,0.5731127262115479,True,True,True,True,True
EQH504fe0c0c9d59614,RADL3.SA,RADL3,,Raia Drogasil S.A.,equity,B3,1824,1303,521,0.0,0.0,1.86090087890625,True,True,True,True,True
EQH506493ec795f3d07,LNTH,LNTH,,Lantheus Holdings Inc.,equity,NASDAQ,1824,1303,521,0.0,0.0,0.39119890332221985,True,True,True,True,True
EQH50666ebc0344975a,HHH,HHH,,Howard Hughes Holdings Inc.,equity,NYSE,1824,1303,521,0.0,0.0,0.11299791932106018,True,True,True,True,True
EQH5083d778cf0b124e,ILF,ILF,,iShares Latin America 40 ETF,equity,NYSE,1824,1303,521,0.0,0.0,0.07757183164358139,True,True,True,True,True
EQH50b52a0405fb6dfb,MHK,MHK,,Mohawk Industries Inc.,equity,NYSE,1824,1303,521,0.0,0.0,0.19486993551254272,True,True,True,True,True
EQH50b8e4799af53e6f,TRGP,TRGP,,Targa Resources Corp.,equity,NYSE,1824,1303,521,0.0,0.0,0.12152441591024399,True,True,True,True,True
EQH50c8a54c20997d87,AES,AES,,AES Corp.,equity,NYSE,1824,1303,521,0.0,0.0,0.1978321075439453,True,True,True,True,True
EQH50cdf9bae316e487,KHC,KHC,,The Kraft Heinz Company,equity,NASDAQ,1824,1303,521,0.0,0.0,0.095458984375,True,True,True,True,True
EQH50d73a921c441fa8,BNP.PA,BNP,,BNP Paribas S.A.,equity,Cboe Europe,1824,1303,521,0.0,0.0,4.922241687774658,True,True,True,True,True
EQH50e5f8e976d796a1,MTD,MTD,,Mettler-Toledo International Inc.,equity,NYSE,1824,1303,521,0.0,0.0,0.17035534977912903,True,True,True,True,True
EQH50f230496f11de52,BCPC,BCPC,,Balchem Corp,equity,NASDAQ,1824,1303,521,0.0,0.0,0.0699494332075119,True,True,True,True,True
EQH510beda26bbc3134,MNST,MNST,,Monster Beverage Corp.,equity,NASDAQ,1824,1303,521,0.0,0.0,0.12737518548965454,True,True,True,True,True
EQH51141b4cabb2e880,BMED.MI,BMED,,Banca Mediolanum SpA,equity,Cboe Europe,1824,1303,521,0.0,0.0,4.083861827850342,True,True,True,True,True
EQH5122ffa0bc04e875,RCL,RCL,,Royal Caribbean Cruises Ltd.,equity,NYSE,1824,1303,521,0.0,0.0,0.16653355956077576,True,True,True,True,True
EQH513c7431f4b2f5c2,FFIV,FFIV,,F5 Networks Inc.,equity,NASDAQ,1824,1303,521,0.0,0.0,0.12990601360797882,True,True,True,True,True
EQH514c51fc5cd5084f,JBLU,JBLU,,JetBlue Airways Corporation,equity,NASDAQ,1824,1303,521,0.0,0.0,0.25710752606391907,True,True,True,True,True
EQH51b8a2adfd779394,NDX1.DE,NDX1,,Nordex SE,equity,Cboe Europe,1824,1303,521,0.0,0.0,4.068240165710449,True,True,True,True,True
EQH51c5ced5f99224e5,MT,MT,,ArcelorMittal SA,equity,Cboe Europe,1824,1303,521,0.0,0.0,0.14912648499011993,True,True,True,True,True
EQH51f239c03b7b6e1d,SAB.MC,SAB,,Banco de Sabadell SA,equity,Cboe Europe,1824,1303,521,0.0,0.0,4.10831356048584,True,True,True,True,True
EQH5222657682f28666,FUTU,FUTU,,Futu Holdings Ltd,equity,NASDAQ,1824,1303,521,0.0,0.0,0.3954286575317383,True,True,True,True,True
EQH52510305852da009,BNTX,BNTX,,BioNTech SE,equity,NASDAQ,1824,1303,521,0.0,0.0,0.20916995406150818,True,True,True,True,True
EQH52530b03762fb825,TGS,TGS,,Transportadora de Gas del Sur SA,equity,NYSE,1824,1303,521,0.0,0.0,0.3678825795650482,True,True,True,True,True
EQH529987024d2c4498,OXM,OXM,,Oxford Industries Inc.,equity,NYSE,1824,1303,521,0.0,0.0,0.2764168083667755,True,True,True,True,True
EQH52b783971fc7629b,ICUI,ICUI,,ICU Medical Inc.,equity,NASDAQ,1824,1303,521,0.0,0.0,0.26225849986076355,True,True,True,True,True
EQH52bd93d2d3583f6b,8TRA.DE,8TRA,,Traton SE,equity,Cboe Europe,1824,1303,521,0.0,0.0,4.07046365737915,True,True,True,True,True
EQH52bf37d5272016be,BAC,BAC,,Bank of America Corp.,equity,NYSE,1824,1303,521,0.0,0.0,0.11063319444656372,True,True,True,True,True
EQH52bf3c8ddea13bb7,ABNB,ABNB,,Airbnb Inc.,equity,NASDAQ,1824,1303,521,0.0,0.0,0.1478852927684784,True,True,True,True,True
EQH52cdc2d465fd9748,JJSF,JJSF,,J & J Snack Foods Corp.,equity,NASDAQ,1824,1303,521,0.0,0.0,0.16366934776306152,True,True,True,True,True
EQH52d280fabaad596b,H,H,,Hyatt Hotels Corporation,equity,NYSE,1824,1303,521,0.0,0.0,0.14280246198177338,True,True,True,True,True
EQH52db8adf31fc629e,TRIP,TRIP,,TripAdvisor Inc.,equity,NASDAQ,1824,1303,521,0.0,0.0,0.28728413581848145,True,True,True,True,True
EQH52ebf03afe8cd02b,XLC,XLC,,Communication Services Select Sector SPDR Fund,equity,NYSE,1824,1303,521,0.0,0.0,0.08835482597351074,True,True,True,True,True
EQH52f7e612e263b340,MPC,MPC,,Marathon Petroleum Corp.,equity,NYSE,1824,1303,521,0.0,0.0,0.13056117296218872,True,True,True,True,True
EQH5304f86eb7618f4d,BBSE3.SA,BBSE3,,BB Seguridade Participações S.A.,equity,B3,1824,1303,521,0.0,0.0,0.07754996418952942,True,True,True,True,True
EQH532bb6a1be4d639d,ITSA4.SA,ITSA4,,Itaúsa S.A.,equity,B3,1824,1303,521,0.0,0.0,0.07131735235452652,True,True,True,True,True
EQH532d85b5f5c112b1,UNH,UNH,,UnitedHealth Group Inc.,equity,NYSE,1824,1303,521,0.0,0.0,0.22379666566848755,True,True,True,True,True
EQH53342911ffbfe1f9,VICI,VICI,,VICI Properties Inc,equity,NYSE,1824,1303,521,0.0,0.0,0.058897364884614944,True,True,True,True,True
EQH533ef843af74fc1b,AAPL,AAPL,,Apple Inc.,equity,NASDAQ,1824,1303,521,0.0,0.0,0.15328848361968994,True,True,True,True,True
EQH535fecf5547e0940,AM.PA,AM,,Dassault Aviation SA,equity,Cboe Europe,1824,1303,521,0.0,0.0,4.109654426574707,True,True,True,True,True
EQH537d930a66d253c9,XLU,XLU,,Utilities Select Sector SPDR Fund,equity,NYSE,1824,1303,521,0.0,0.0,0.05562605708837509,True,True,True,True,True
EQH53988d9f713fe353,WM,WM,,Waste Management Inc.,equity,NYSE,1824,1303,521,0.0,0.0,0.08032025396823883,True,True,True,True,True
EQH53a56984c2d8e236,SK.PA,SK,,SEB SA,equity,Cboe Europe,1824,1303,521,0.0,0.0,4.1018829345703125,True,True,True,True,True
EQH53b75301f39edc1b,COTY,COTY,,Coty Inc,equity,NYSE,1824,1303,521,0.0,0.0,0.2160494178533554,True,True,True,True,True
EQH53ec9ff500ed007e,ISAE4.SA,ISAE4,,ISA Energia Brasil S.A,equity,B3,1824,1303,521,0.0,0.0,2.674513578414917,True,True,True,True,True
EQH541a0befc1bc7f1b,CCOI,CCOI,,Cogent Communications Holdings Inc.,equity,NASDAQ,1824,1303,521,0.0,0.0,0.34856390953063965,True,True,True,True,True
EQH54282abda0e6c6d6,HD,HD,,The Home Depot Inc.,equity,NYSE,1824,1303,521,0.0,0.0,0.08850596845149994,True,True,True,True,True
EQH543ed75a739fe37f,STT,STT,,State Street Corp.,equity,NYSE,1824,1303,521,0.0,0.0,0.12083662301301956,True,True,True,True,True
EQH544c9f908ca1b595,VALMT.HE,VALMT,,Valmet Corp,equity,Cboe Europe,1824,1303,521,0.0,0.0,4.083431243896484,True,True,True,True,True
EQH544f8342f9b62290,TRMB,TRMB,,Trimble Inc.,equity,NASDAQ,1824,1303,521,0.0,0.0,0.17883804440498352,True,True,True,True,True
EQH5459b3756232a478,WSFS,WSFS,,WSFS Financial Corporation,equity,NASDAQ,1824,1303,521,0.0,0.0,0.16198015213012695,True,True,True,True,True
EQH545f7340625fb2b3,BEI.DE,BEI,,Beiersdorf AG,equity,Cboe Europe,1824,1303,521,0.0,0.0,4.09828519821167,True,True,True,True,True
EQH546537be86a2f323,ACLS,ACLS,,Axcelis Technologies Inc.,equity,NASDAQ,1824,1303,521,0.0,0.0,0.20216631889343262,True,True,True,True,True
EQH54762194295e6f18,BZU.MI,BZU,,Buzzi SpA,equity,Cboe Europe,1824,1303,521,0.0,0.0,4.096153259277344,True,True,True,True,True
EQH54969b813ff58f96,KEYS,KEYS,,Keysight Technologies Inc.,equity,NYSE,1824,1303,521,0.0,0.0,0.13884671032428741,True,True,True,True,True
EQH5498615d3a738c71,MPWR,MPWR,,Monolithic Power Systems Inc.,equity,NASDAQ,1824,1303,521,0.0,0.0,0.23429788649082184,True,True,True,True,True
EQH54b9bc81b06c8bc7,IMAX,IMAX,,Imax Corp,equity,NYSE,1824,1303,521,0.0,0.0,0.14380891621112823,True,True,True,True,True
EQH54bab57353b5391d,NDA-FI.HE,NDA,,Nordea Bank Abp,equity,Cboe Europe,1824,1303,521,0.0,0.0,4.074584484100342,True,True,True,True,True
EQH54c3b8fb05db51c2,BC.MI,BCU,,Brunello Cucinelli S.p.A.,equity,Cboe Europe,1824,1303,521,0.0,0.0,4.931047439575195,True,True,True,True,True
EQH54cf1170ade20279,ITUB4.SA,ITUB4,,Itau Unibanco Holding SA,equity,B3,1824,1303,521,0.0,0.0,0.16836415231227875,True,True,True,True,True
EQH54d8e0c7d045a7aa,EWZ,EWZ,,iShares MSCI Brazil ETF,equity,NYSE,1824,1303,521,0.0,0.0,0.0985487774014473,True,True,True,True,True
EQH5501d5b517ceb75e,CSCO,CSCO,,Cisco Systems Inc.,equity,NASDAQ,1824,1303,521,0.0,0.0,0.1373032182455063,True,True,True,True,True
EQH5514dcbfc1c9b54d,NI,NI,,NiSource Inc.,equity,NYSE,1824,1303,521,0.0,0.0,0.8669440150260925,True,True,True,True,True
EQH55432bf889d44d40,OLLI,OLLI,,Ollie's Bargain Outlet Holdings Inc.,equity,NASDAQ,1824,1303,521,0.0,0.0,0.20474067330360413,True,True,True,True,True
EQH5544fc1903510b70,LVS,LVS,,Las Vegas Sands Corp.,equity,NYSE,1824,1303,521,0.0,0.0,0.15063057839870453,True,True,True,True,True
EQH558d85295134a4e1,ACAD,ACAD,,ACADIA Pharmaceuticals Inc.,equity,NASDAQ,1824,1303,521,0.0,0.0,0.3448275625705719,True,True,True,True,True
EQH55cad0ff82e10c64,ALGM,ALGM,,Allegro MicroSystems Inc,equity,NASDAQ,1824,1303,521,0.0,0.0,0.8654130697250366,True,True,True,True,True
EQH55d88a30d206a0a7,GAP,GAP,,Gap Inc.,equity,NYSE,1824,1303,521,0.0,0.0,0.30577903985977173,True,True,True,True,True
EQH55e403283f0fb8c0,BSBR,BSBR,,Banco Santander Brasil SA,equity,NYSE,1824,1303,521,0.0,0.0,0.10463110357522964,True,True,True,True,True
EQH561b3463ca3cc228,AC.PA,AC,,Accor S.A.,equity,Cboe Europe,1824,1303,521,0.0,0.0,4.110377788543701,True,True,True,True,True
EQH562cac046694a627,HAPV3.SA,HAPV3,,Hapvida Participações e Investimentos S.A.,equity,B3,1824,1303,521,0.0,0.0,0.42439714074134827,True,True,True,True,True
EQH567c0f496ae2a171,QQQ,QQQ,,Invesco QQQ,equity,NASDAQ,1824,1303,521,0.0,0.0,0.1200307309627533,True,True,True,True,True
EQH569ed3733128f96e,GGAL,GGAL,,Grupo Financiero Galicia S.A.,equity,NASDAQ,1824,1303,521,0.0,0.0,0.38696038722991943,True,True,True,True,True
EQH56c2901ad5e64fdc,SNOW,SNOW,,Snowflake Inc.,equity,NYSE,1824,1303,521,0.0,0.0,0.32706019282341003,True,True,True,True,True
EQH56f0dca61a9b9fb6,ARCAD.AS,ARCAD,,ARCADIS NV,equity,Cboe Europe,1824,1303,521,0.0,0.0,4.076076984405518,True,True,True,True,True
EQH56f166f4030062c3,VBR,VBR,,Vanguard Small-Cap Value ETF,equity,NYSE,1824,1303,521,0.0,0.0,0.08595483750104904,True,True,True,True,True
EQH56fdbb470d5093c2,GCC,GCC,,GCC,equity,BMV,1824,1303,521,0.0,0.0,0.09630432724952698,True,True,True,True,True
EQH57055933f38214b5,TR,TR,,Tootsie Roll Industries Inc.,equity,NYSE,1824,1303,521,0.0,0.0,0.09859579801559448,True,True,True,True,True
EQH5719f22cdf002d49,MAC,MAC,,Macerich Co.,equity,NYSE,1824,1303,521,0.0,0.0,0.14053714275360107,True,True,True,True,True
EQH5742d4d5ccf6e3aa,CHDRAUIB.MX,CHDRAUIB,,Grupo Comercial Chedraui,equity,BMV,1824,1303,521,0.0,0.0,9.244778633117676,True,True,True,True,True
EQH5742d8581b4d6a5c,MAIN,MAIN,,Main Street Capital Corp,equity,NYSE,1824,1303,521,0.0,0.0,0.07956385612487793,True,True,True,True,True
EQH57474455ebe7f2a9,GM,GM,,General Motors Co,equity,NYSE,1824,1303,521,0.0,0.0,0.14862066507339478,True,True,True,True,True
EQH574759cac33d626d,UNF,UNF,,UniFirst Corp.,equity,NYSE,1824,1303,521,0.0,0.0,0.20882312953472137,True,True,True,True,True
EQH576bbdb8cee3937d,VIST,VIST,,"Vista Energy, S.A.B. de C.V.",equity,NYSE,1824,1303,521,0.0,0.0,0.18661007285118103,True,True,True,True,True
EQH57db8652dd11a0a1,ARE,ARE,,Alexandria Real Estate Equities Inc,equity,NYSE,1824,1303,521,0.0,0.0,0.19172987341880798,True,True,True,True,True
EQH57dfa0c2582bca76,ASND,ASND,,Ascendis Pharma A/S,equity,NASDAQ,1824,1303,521,0.0,0.0,0.3207423985004425,True,True,True,True,True
EQH57f251f2d5f83e9b,APLS,APLS,,Apellis Pharmaceuticals Inc,equity,NASDAQ,1824,1303,521,0.0,0.0,0.8561194539070129,True,True,True,True,True
EQH58082b90173ca55a,NSIT,NSIT,,Insight Enterprises Inc.,equity,NASDAQ,1824,1303,521,0.0,0.0,0.17988792061805725,True,True,True,True,True
EQH5829ef09553736a8,LEVI,LEVI,,Levi Strauss & Co,equity,NYSE,1824,1303,521,0.0,0.0,0.2020934373140335,True,True,True,True,True
EQH585199f5da7118d7,COIN,COIN,,Coinbase Global Inc.,equity,NASDAQ,1824,1303,521,0.0,0.0,0.3111465573310852,True,True,True,True,True
EQH585d10f2815715c0,PUB.PA,PUB,,Publicis Groupe S.A.,equity,Cboe Europe,1824,1303,521,0.0,0.0,4.102673053741455,True,True,True,True,True
EQH586aa2fa8fd69d07,VIV,VIVT3,,Telefonica Brasil SA,equity,B3,1824,1303,521,0.0,0.0,0.08111697435379028,True,True,True,True,True
EQH58737c21d4453afa,LLY,LLY,,Eli Lilly & Co,equity,NYSE,1824,1303,521,0.0,0.0,0.1486961841583252,True,True,True,True,True
EQH58b3aefa7e9a5e98,HEN.DE,HEN,,Henkel AG & Co. KGaA,equity,Cboe Europe,1824,1303,521,0.0,0.0,4.101220607757568,True,True,True,True,True
EQH58c0145bf436373b,RDOR3.SA,RDOR3,,Rede D'Or São Luiz S.A.,equity,B3,1824,1303,521,0.0,0.0,1.6581865549087524,True,True,True,True,True
EQH58c4a0ee93ee8a01,SOLB.BR,SOLB,,Solvay S.A.,equity,Cboe Europe,1824,1303,521,0.0,0.0,4.086602210998535,True,True,True,True,True
EQH58dc8e80db97ea0d,DTE.DE,DTE,,Deutsche Telekom AG,equity,Cboe Europe,1824,1303,521,0.0,0.0,4.084016799926758,True,True,True,True,True
EQH58e6d4042898e180,NBR,NBR,,Nabors Industries Ltd.,equity,NYSE,1824,1303,521,0.0,0.0,0.2238958477973938,True,True,True,True,True
EQH59187710e917ae40,DPZ,DPZ,,Domino's Pizza Inc.,equity,NASDAQ,1824,1303,521,0.0,0.0,0.1455237716436386,True,True,True,True,True
EQH5920e49f51ca04ef,GXI.DE,GXI,,Gerresheimer AG,equity,Cboe Europe,1824,1303,521,0.0,0.0,4.153742790222168,True,True,True,True,True
EQH5938976b30139c7e,RKLB,RKLB,,Rocket Lab USA Inc.,equity,NASDAQ,1824,1303,521,0.0,0.0,1.134057879447937,True,True,True,True,True
EQH594c277a98ec2766,AAP,AAP,,Advance Auto Parts Inc.,equity,NYSE,1824,1303,521,0.0,0.0,0.5704247355461121,True,True,True,True,True
EQH596625cbf78b66be,RMD,RMD,,Resmed Inc.,equity,NYSE,1824,1303,521,0.0,0.0,1.161259412765503,True,True,True,True,True
EQH59b4fb65c9277e05,IEF,IEF,,iShare 7-10 Year Treasury Bond ETF,equity,NASDAQ,1824,1303,521,0.0,0.0,0.02252514287829399,True,True,True,True,True
EQH59c521598b19a617,WWD,WWD,,Woodward Inc,equity,NASDAQ,1824,1303,521,0.0,0.0,1.5244582891464233,True,True,True,True,True
EQH59e1fb32e851fd8a,MKL,MKL,,Markel Corp.,equity,NYSE,1824,1303,521,0.0,0.0,0.1282123476266861,True,True,True,True,True
EQH59f077c136bd88bf,SEDG,SEDG,,SolarEdge Technologies Inc.,equity,NASDAQ,1824,1303,521,0.0,0.0,0.33444535732269287,True,True,True,True,True
EQH59fdb34d5cb5b334,ULTA,ULTA,,Ulta Beauty Inc.,equity,NASDAQ,1824,1303,521,0.0,0.0,2.2387959957122803,True,True,True,True,True
EQH59ff53e71d41cc98,CZR,CZR,,Caesars Entertainment Inc.,equity,NASDAQ,1824,1303,521,0.0,0.0,0.17830540239810944,True,True,True,True,True
EQH5a0a24d32a26cd58,PPC,PPC,,Pilgrim's Pride Corporation,equity,NASDAQ,1824,1303,521,0.0,0.0,0.20546738803386688,True,True,True,True,True
EQH5a2da40c0e17219a,VIE.PA,VIE,,Veolia Environnement S.A.,equity,Cboe Europe,1824,1303,521,0.0,0.0,4.097165107727051,True,True,True,True,True
EQH5a4b1c8d74cbf7cf,LAD,LAD,,Lithia Motors Inc,equity,NYSE,1824,1303,521,0.0,0.0,0.1169743463397026,True,True,True,True,True
EQH5a5cab15d0e69e4c,UFPI,UFPI,,UFP Industries Inc.,equity,NASDAQ,1824,1303,521,0.0,0.0,0.11143429577350616,True,True,True,True,True
EQH5a5e07333ec21ac6,ALRM,ALRM,,AlarmCom Hldg Inc,equity,NASDAQ,1824,1303,521,0.0,0.0,0.24060150980949402,True,True,True,True,True
EQH5a636765dc3f9407,AMG,AMG,,Affiliated Managers Group Inc.,equity,NYSE,1824,1303,521,0.0,0.0,0.12378525733947754,True,True,True,True,True
EQH5a773a5ee55490eb,NNN,NNN,,National Retail Properties Inc.,equity,NYSE,1824,1303,521,0.0,0.0,0.05727793648838997,True,True,True,True,True
EQH5a934cd070ff48a8,IQV,IQV,,Iqvia Holdings Inc.,equity,NYSE,1824,1303,521,0.0,0.0,0.17878709733486176,True,True,True,True,True
EQH5ad376fad6a3a5b7,DORM,DORM,,Dorman Products Inc,equity,NASDAQ,1824,1303,521,0.0,0.0,0.15862318873405457,True,True,True,True,True
EQH5b14711eb121cbfc,NOC,NOC,,Northrop Grumman Corp.,equity,NYSE,1824,1303,521,0.0,0.0,0.12656919658184052,True,True,True,True,True
EQH5b16414babf5c788,MANH,MANH,,Manhattan Associates Inc,equity,NASDAQ,1824,1303,521,0.0,0.0,0.24486617743968964,True,True,True,True,True
EQH5b21379f3c0ec92c,MEDP,MEDP,,Medpace Holdings Inc,equity,NASDAQ,1824,1303,521,0.0,0.0,0.5466524362564087,True,True,True,True,True
EQH5b421737946d2ae9,NTRS,NTRS,,Northern Trust Corp.,equity,NASDAQ,1824,1303,521,0.0,0.0,0.13361258804798126,True,True,True,True,True
EQH5b428f6ea646273f,NTLA,NTLA,,Intellia Therapeutics Inc.,equity,NASDAQ,1824,1303,521,0.0,0.0,0.4222656488418579,True,True,True,True,True
EQH5b74e10738590e37,OGE,OGE,,OGE Energy Corp.,equity,NYSE,1824,1303,521,0.0,0.0,0.05534274876117706,True,True,True,True,True
EQH5b779156b409abe7,CHRW,CHRW,,C.H.Robinson Worldwide Inc.,equity,NASDAQ,1824,1303,521,0.0,0.0,0.1970938742160797,True,True,True,True,True
EQH5b7b8ebf0b74023c,MDB,MDB,,Mongodb Inc.,equity,NASDAQ,1824,1303,521,0.0,0.0,0.3795839250087738,True,True,True,True,True
EQH5b9b03bb221c3f58,PKG,PKG,,Packaging Corp Of America,equity,NYSE,1824,1303,521,0.0,0.0,0.11011453717947006,True,True,True,True,True
EQH5ba6d032f6991096,ALGT,ALGT,,Allegiant Travel Company,equity,NASDAQ,1824,1303,521,0.0,0.0,0.25056007504463196,True,True,True,True,True
EQH5ba87d851a2bb062,POR,POR,,Portland General Electric Company,equity,NYSE,1824,1303,521,0.0,0.0,0.05502696707844734,True,True,True,True,True
EQH5ba959505779f42b,BR,BR,,"Broadridge Financial Solutions, Inc.",equity,NYSE,1824,1303,521,0.0,0.0,0.07947920262813568,True,True,True,True,True
EQH5bad3b7be3c487b0,NTR,NTR,,Nutrien Ltd,equity,NYSE,1824,1303,521,0.0,0.0,0.14063666760921478,True,True,True,True,True
EQH5bba0eb29a3f6c31,BBAR,BBAR,,Banco BBVA Argentina S.A.,equity,NYSE,1824,1303,521,0.0,0.0,0.40751731395721436,True,True,True,True,True
EQH5be0820a0e1ca88d,BIRG.IR,BIRG,,Bank of Ireland Group plc,equity,Cboe Europe,1824,1303,521,0.0,0.0,4.075797080993652,True,True,True,True,True
EQH5be7edb19ff9e9d9,LNN,LNN,,Lindsay Corp.,equity,NYSE,1824,1303,521,0.0,0.0,0.14646480977535248,True,True,True,True,True
EQH5be96ecdc388355d,ODFL,ODFL,,Old Dominion Freight Line Inc.,equity,NASDAQ,1824,1303,521,0.0,0.0,0.12972921133041382,True,True,True,True,True
EQH5c1b4c07386c88a6,JHG,JHG,,Janus Henderson Group PLC,equity,NYSE,1824,1303,521,0.0,0.0,0.13371221721172333,True,True,True,True,True
EQH5c241b38812f68d4,DINO,DINO,,HF Sinclair Corp.,equity,NYSE,1824,1303,521,0.0,0.0,0.16359923779964447,True,True,True,True,True
EQH5c317114855bc68b,SMH,SMH,,VanEck Semiconductor ETF,equity,NASDAQ,1824,1303,521,0.0,0.0,0.17160330712795258,True,True,True,True,True
EQH5c54dbbbfdf80d9f,AMGN,AMGN,,Amgen Inc.,equity,NASDAQ,1824,1303,521,0.0,0.0,0.11817939579486847,True,True,True,True,True
EQH5c5f7ac596337d15,BLKB,BLKB,,Blackbaud Inc.,equity,NASDAQ,1824,1303,521,0.0,0.0,0.1804044246673584,True,True,True,True,True
EQH5c89e299e8749c1c,B3SA3.SA,B3SA3,,"B3 S.A. - Brasil, Bolsa, Balcão",equity,B3,1824,1303,521,0.0,0.0,0.1337483823299408,True,True,True,True,True
EQH5c97d832742945c9,DIA,DIA,,SPDR Dow Jones Industrial Average ETF,equity,NYSE,1824,1303,521,0.0,0.0,0.0786232054233551,True,True,True,True,True
EQH5ccf677fd3287b67,SONO,SONO,,Sonos Inc.,equity,NASDAQ,1824,1303,521,0.0,0.0,0.24945104122161865,True,True,True,True,True
EQH5cd6ee5dd8d979a3,ADP,ADP,,Automatic Data Processing Inc.,equity,NASDAQ,1824,1303,521,0.0,0.0,0.09199408441781998,True,True,True,True,True
EQH5d19033f0a98a1e7,VBBR3.SA,VBBR3,,Vibra Energia S.A.,equity,B3,1824,1303,521,0.0,0.0,0.07564002275466919,True,True,True,True,True
EQH5d4f142ff53c6007,EWH,EWH,,iShares MSCI Hong Kong ETF,equity,NYSE,1824,1303,521,0.0,0.0,0.078132763504982,True,True,True,True,True
EQH5daa740ff4f11159,DECK,DECK,,Deckers Outdoor Corp,equity,NYSE,1824,1303,521,0.0,0.0,0.20505580306053162,True,True,True,True,True
EQH5dc25b26eec829d5,ASM,ASM,,ASM International NV,equity,Cboe Europe,1824,1303,521,0.0,0.0,0.22580642998218536,True,True,True,True,True
EQH5de0a51dc74776f0,CRESY,CRESY,,"Cresud Sociedad Anónima, Comercial, Inmobiliaria, Financiera y Agropecuaria",equity,NASDAQ,1824,1303,521,0.0,0.0,0.26787635684013367,True,True,True,True,True
EQH5e0e47b3add7ffe9,KSS,KSS,,Kohl's Corp.,equity,NYSE,1824,1303,521,0.0,0.0,0.4253019690513611,True,True,True,True,True
EQH5e2a1b219a66cf04,NEO,NEO,,"NeoGenomics, Inc.",equity,NASDAQ,1824,1303,521,0.0,0.0,0.340020090341568,True,True,True,True,True
EQH5e3c7f37a818d608,FSLR,FSLR,,First Solar Inc,equity,NASDAQ,1824,1303,521,0.0,0.0,0.26475244760513306,True,True,True,True,True
EQH5e3e9a2239878180,VZ,VZ,,Verizon Communications Inc.,equity,NYSE,1824,1303,521,0.0,0.0,0.09270469099283218,True,True,True,True,True
EQH5e5fbd818a98ed74,AVGO,AVGO,,Broadcom Inc,equity,NASDAQ,1824,1303,521,0.0,0.0,0.24432630836963654,True,True,True,True,True
EQH5e882bc279869bbe,ENEL.MI,ENEL,,Enel S.p.A.,equity,Cboe Europe,1824,1303,521,0.0,0.0,4.105454444885254,True,True,True,True,True
EQH5e9ef9af8e3672a0,XLF,XLF,,Financial Select Sector SPDR Fund,equity,NYSE,1824,1303,521,0.0,0.0,0.07536440342664719,True,True,True,True,True
EQH5eae5f3b7c5bea6d,IONS,IONS,,Ionis Pharmaceuticals Inc.,equity,NASDAQ,1824,1303,521,0.0,0.0,0.3482646048069,True,True,True,True,True
EQH5ebc5ceb004bfd01,XLY,XLY,,Consumer Discretionary Select Sector SPDR Fund,equity,NYSE,1824,1303,521,0.0,0.0,0.10888051241636276,True,True,True,True,True
EQH5ede1f05e691dba5,FAF,FAF,,First American Financial Corp,equity,NYSE,1824,1303,521,0.0,0.0,0.09384181350469589,True,True,True,True,True
EQH5f0babc1fe7a90e0,WMS,WMS,,Advanced Drainage Systems Inc,equity,NYSE,1824,1303,521,0.0,0.0,0.25015419721603394,True,True,True,True,True
EQH5f7b20571c60c9b3,THC,THC,,Tenet Healthcare Corp.,equity,NYSE,1824,1303,521,0.0,0.0,0.3096465468406677,True,True,True,True,True
EQH5fa24afa061813d1,RPRX,RPRX,,Royalty Pharma plc.,equity,NASDAQ,1824,1303,521,0.0,0.0,0.12557245790958405,True,True,True,True,True
EQH5fb6456f97f402d5,ROKU,ROKU,,Roku Inc.,equity,NASDAQ,1824,1303,521,0.0,0.0,0.3141222596168518,True,True,True,True,True
EQH5fcb7a4bdae888af,USD-CNY,USD-CNY,,US Dollar CN Yuan,fx,Forex,1824,1303,521,0.0,0.0,0.021428463980555534,True,True,True,True,True
EQH5ff64882f2a1682b,REP.DE,REP,,Repsol SA,equity,Cboe Europe,1824,1303,521,0.0,0.0,4.104334831237793,True,True,True,True,True
EQH5ffc2f143eb7662d,ZION,ZION,,Zions Bancorp,equity,NASDAQ,1824,1303,521,0.0,0.0,0.25724896788597107,True,True,True,True,True
EQH6002535692037033,YPF,YPF,,YPF SA,equity,NYSE,1824,1303,521,0.0,0.0,0.398881733417511,True,True,True,True,True
EQH603209c08e1a544e,STERV.HE,STERV,,Stora Enso OYJ,equity,Cboe Europe,1824,1303,521,0.0,0.0,4.07702112197876,True,True,True,True,True
EQH605ae9785c29ec6c,OKTA,OKTA,,Okta Inc,equity,NASDAQ,1824,1303,521,0.0,0.0,0.33698034286499023,True,True,True,True,True
EQH608fb90acb4da8f6,MTCH,MTCH,,Match Group Inc.,equity,NASDAQ,1824,1303,521,0.0,0.0,0.17872215807437897,True,True,True,True,True
EQH60ce146c83165853,LNC,LNC,,Lincoln National Corp.,equity,NYSE,1824,1303,521,0.0,0.0,0.33147791028022766,True,True,True,True,True
EQH60f5880144ed8748,BKT,BKT,,Bankinter SA,equity,Cboe Europe,1824,1303,521,0.0,0.0,0.03361348435282707,True,True,True,True,True
EQH611563da25e3f994,TAL,TAL,,TAL Education Group,equity,NYSE,1824,1303,521,0.0,0.0,0.707602322101593,True,True,True,True,True
EQH61258f053e5f55a7,ELAN,ELAN,,Elanco Animal Health Inc,equity,NYSE,1824,1303,521,0.0,0.0,0.26288115978240967,True,True,True,True,True
EQH612facb711151015,CPB,CPB,,Campbell Soup Co,equity,NASDAQ,1824,1303,521,0.0,0.0,0.08914782106876373,True,True,True,True,True
EQH6130d4d28a92d18b,ENGI.PA,ENGI,,Engie SA,equity,Cboe Europe,1824,1303,521,0.0,0.0,4.089315414428711,True,True,True,True,True
EQH614635d6be86e315,SHAK,SHAK,,Shake Shack Inc.,equity,NYSE,1824,1303,521,0.0,0.0,0.3321714997291565,True,True,True,True,True
EQH615568c62705d1e4,BIMBOA.MX,BIMBOA,,Grupo Bimbo,equity,BMV,1824,1303,521,0.0,0.0,9.259099960327148,True,True,True,True,True
EQH61b9a89ac41b48f0,GOOGL,GOOGL,,Alphabet Inc.,equity,NASDAQ,1824,1303,521,0.0,0.0,0.10224366188049316,True,True,True,True,True
EQH61c506bf7fa3670b,COO,COO,,Cooper Companies Inc.,equity,NASDAQ,1824,1303,521,0.0,0.0,0.14607304334640503,True,True,True,True,True
EQH61e3e18b7bdfaf11,ALKS,ALKS,,Alkermes Plc,equity,NASDAQ,1824,1303,521,0.0,0.0,0.1632726490497589,True,True,True,True,True
EQH61fd288a575ca95b,FNF,FNF,,Fidelity National Financial Inc.,equity,NYSE,1824,1303,521,0.0,0.0,0.17775684595108032,True,True,True,True,True
EQH62028e75644e1021,AVTR,AVTR,,Avantor Inc,equity,NYSE,1824,1303,521,0.0,0.0,0.23209549486637115,True,True,True,True,True
EQH626587709f3b6556,FDX,FDX,,Fedex Corp.,equity,NYSE,1824,1303,521,0.0,0.0,0.21403823792934418,True,True,True,True,True
EQH6270c683d163022b,CMIN3.SA,CMIN3,,CSN Mineração S.A.,equity,B3,1824,1303,521,0.0,0.0,0.1090436577796936,True,True,True,True,True
EQH629937d7aa848776,POOL,POOL,,Pool Corporation,equity,NASDAQ,1824,1303,521,0.0,0.0,0.1295272707939148,True,True,True,True,True
EQH62b70769b25bd1da,STAA,STAA,,STAAR Surgical Company,equity,NASDAQ,1824,1303,521,0.0,0.0,0.46133050322532654,True,True,True,True,True
EQH62dca020bc714731,LR.PA,LR,,Legrand S.A.,equity,Cboe Europe,1824,1303,521,0.0,0.0,4.068253040313721,True,True,True,True,True
EQH62e31f3f60e6bcdd,WERN,WERN,,Werner Enterprises Inc.,equity,NASDAQ,1824,1303,521,0.0,0.0,0.10845985263586044,True,True,True,True,True
EQH630c91b49e40c490,SAP,SAP,,SAP SE,equity,Cboe Europe,1824,1303,521,0.0,0.0,0.09871856123209,True,True,True,True,True
EQH631ac74c65f62a6b,WDAY,WDAY,,Workday Inc.,equity,NASDAQ,1824,1303,521,0.0,0.0,0.17166776955127716,True,True,True,True,True
EQH633159de0cff1491,MAR,MAR,,Marriott International Inc.,equity,NASDAQ,1824,1303,521,0.0,0.0,0.10548506677150726,True,True,True,True,True
EQH6342ef6f4f850fdb,HOG,HOG,,Harley-Davidson Inc.,equity,NYSE,1824,1303,521,0.0,0.0,0.15745429694652557,True,True,True,True,True
EQH638e9072f386a91c,BCP.LS,BCP,,Banco Comercial Português SA,equity,Cboe Europe,1824,1303,521,0.0,0.0,4.083523750305176,True,True,True,True,True
EQH63b7bc3b34d37fa9,ADBE,ADBE,,Adobe Systems Inc.,equity,NASDAQ,1824,1303,521,0.0,0.0,0.1679317057132721,True,True,True,True,True
EQH63c6a701d301d79d,SYF,SYF,,Synchrony Financial,equity,NYSE,1824,1303,521,0.0,0.0,0.1881379932165146,True,True,True,True,True
EQH63d9dfe3bdcfaae0,RHM.DE,RHM,,Rheinmetall AG,equity,Cboe Europe,1824,1303,521,0.0,0.0,4.078087329864502,True,True,True,True,True
EQH63e624a46825c4b7,PAM,PAM,,Pampa Energia SA,equity,NYSE,1824,1303,521,0.0,0.0,0.2374640554189682,True,True,True,True,True
EQH63eb854c3dce81ee,BE,BE,,Bloom Energy Corp.,equity,NYSE,1824,1303,521,0.0,0.0,0.5918674468994141,True,True,True,True,True
EQH641128282849ae88,EXR,EXR,,Extra Space Storage Inc.,equity,NYSE,1824,1303,521,0.0,0.0,0.1092248484492302,True,True,True,True,True
EQH641f52edf07d54b8,PSKY,PARA,,Paramount Global,equity,NASDAQ,1824,1303,521,0.0,0.0,0.3673654794692993,True,True,True,True,True
EQH644314703dfa9704,WIE.VI,WIE,,Wienerberger AG,equity,Cboe Europe,1824,1303,521,0.0,0.0,4.085517406463623,True,True,True,True,True
EQH645a1052cb3edb8a,PAC,PAC,,Grupo Aeroportr dl Pcfco SAB de CV,equity,NYSE,1824,1303,521,0.0,0.0,0.24048170447349548,True,True,True,True,True
EQH645ac8702c99ca10,ICLR,ICLR,,ICON PLC,equity,NASDAQ,1824,1303,521,0.0,0.0,0.21025079488754272,True,True,True,True,True
EQH646cd2ce41ec23c0,FWRD,FWRD,,Forward Air Corporation,equity,NASDAQ,1824,1303,521,0.0,0.0,0.5629392862319946,True,True,True,True,True
EQH64809e1fde5b33f2,MUV2.DE,MUV2,,Munich Reinsurance Company,equity,Cboe Europe,1824,1303,521,0.0,0.0,4.09177827835083,True,True,True,True,True
EQH6482684c53b714c7,GTLS,GTLS,,Chart Industries Inc.,equity,NYSE,1824,1303,521,0.0,0.0,0.3556186854839325,True,True,True,True,True
EQH64ace3dc630e948b,KNEBV.HE,KNEBV,,Kone Oyj,equity,Cboe Europe,1824,1303,521,0.0,0.0,4.103734016418457,True,True,True,True,True
EQH65198b8196908e57,BCS,BCS,,Barclays PLC,equity,NYSE,1824,1303,521,0.0,0.0,0.12048187851905823,True,True,True,True,True
EQH652e12a44175f5d6,TXT,TXT,,Textron Inc.,equity,NYSE,1824,1303,521,0.0,0.0,0.11871322989463806,True,True,True,True,True
EQH65423d42e6ad7a9c,MC.PA,MC,,LVMH Moet Hennessy Louis Vuitton SE,equity,Cboe Europe,1824,1303,521,0.0,0.0,4.94789981842041,True,True,True,True,True
EQH6569796f79e63cb6,ALB,ALB,,Albemarle Corp.,equity,NYSE,1824,1303,521,0.0,0.0,0.19910570979118347,True,True,True,True,True
EQH657f7dd8c0e04961,ASRNL.AS,ASRNL,,ASR Nederland NV,equity,Cboe Europe,1824,1303,521,0.0,0.0,4.10560417175293,True,True,True,True,True
EQH65981e115f5ccb1e,VSH,VSH,,Vishay Intertechnology Inc.,equity,NYSE,1824,1303,521,0.0,0.0,0.22232741117477417,True,True,True,True,True
EQH65ae15fa99af159f,FBK,FBK,,FinecoBank Banca Fineco S.p.A.,equity,Cboe Europe,1824,1303,521,0.0,0.0,0.15518654882907867,True,True,True,True,True
EQH65bcf2f857860d17,EXP,EXP,,Eagle Materials Inc.,equity,NYSE,1824,1303,521,0.0,0.0,0.09348288923501968,True,True,True,True,True
EQH65dd591c38a49aad,TRU,TRU,,TransUnion,equity,NYSE,1824,1303,521,0.0,0.0,0.23299939930438995,True,True,True,True,True
EQH660c6abc0ed72bd7,AGRO3.SA,AGRO3,,BrasilAgro - Companhia Brasileira de Propriedades Agrícolas,equity,B3,1824,1303,521,0.0,0.0,0.08950036019086838,True,True,True,True,True
EQH663331d5e49debdc,ETSY,ETSY,,Etsy Inc.,equity,NASDAQ,1824,1303,521,0.0,0.0,0.16829782724380493,True,True,True,True,True
EQH664cf50b6fe41288,FR,FR,,First Industrial Realty Trust Inc.,equity,NYSE,1824,1303,521,0.0,0.0,0.08876673877239227,True,True,True,True,True
EQH6674dd06d1330546,NVAX,NVAX,,Novavax Inc.,equity,NASDAQ,1824,1303,521,0.0,0.0,0.9865772724151611,True,True,True,True,True
EQH66937dd29c4beab8,BEKE,BEKE,,KE Holdings Inc.,equity,NYSE,1824,1303,521,0.0,0.0,0.6434879899024963,True,True,True,True,True
EQH6696247be8386e42,AME,AME,,AMETEK Inc.,equity,NYSE,1824,1303,521,0.0,0.0,0.08543002605438232,True,True,True,True,True
EQH66a6a3c66cdff12a,HEI,HEI,,Heico Corp.,equity,NYSE,1824,1303,521,0.0,0.0,0.13879966735839844,True,True,True,True,True
EQH66d3a282e22c212b,RBA,RBA,,Ritchie Bros Auctioneers Inc,equity,NYSE,1824,1303,521,0.0,0.0,0.1769895851612091,True,True,True,True,True
EQH66dc226b4eaa86c2,REYN,REYN,,Reynolds Consumer Products Inc,equity,NASDAQ,1824,1303,521,0.0,0.0,0.07270407676696777,True,True,True,True,True
EQH66fc7fdad7f4590d,UVV,UVV,,Universal Corp.,equity,NYSE,1824,1303,521,0.0,0.0,0.12687677145004272,True,True,True,True,True
EQH67356cf46108dc35,KESKOB.HE,KESKOB,,Kesko Oyj,equity,Cboe Europe,1824,1303,521,0.0,0.0,4.07822322845459,True,True,True,True,True
EQH6735ded59d07bb3a,NLY,NLY,,"Annaly Capital Management, Inc.",equity,NYSE,1824,1303,521,0.0,0.0,0.11640199273824692,True,True,True,True,True
EQH673a3401988036b0,C,C,,Citigroup Inc.,equity,NYSE,1824,1303,521,0.0,0.0,0.13230586051940918,True,True,True,True,True
EQH67492317f8df26e9,ROBO,ROBO,,ROBO Global Robotics and Automation ETF,equity,NYSE,1824,1303,521,0.0,0.0,0.10230125486850739,True,True,True,True,True
EQH675bef67ea89e2ee,GL9.IR,GL9,,Glanbia plc,equity,Cboe Europe,1824,1303,521,0.0,0.0,4.096559047698975,True,True,True,True,True
EQH676796bb582fcde3,OIH,OIH,,VanEck Oil Services ETF,equity,NYSE,1824,1303,521,0.0,0.0,0.12937165796756744,True,True,True,True,True
EQH6794af418d8f84fb,PEG,PEG,,Public Service Enterprise Group Inc.,equity,NYSE,1824,1303,521,0.0,0.0,0.06768888235092163,True,True,True,True,True
EQH67aaab2814c39ecf,CHD,CHD,,Church & Dwight Co. Inc.,equity,NYSE,1824,1303,521,0.0,0.0,0.08564576506614685,True,True,True,True,True
EQH67ac449ad897b43b,VT,VT,,Vanguard Total World Stock Index Fund,equity,NYSE,1824,1303,521,0.0,0.0,0.08549818396568298,True,True,True,True,True
EQH67afefaee2eed0c4,AGUA.MX,AGUA,,Grupo Rotoplas,equity,BMV,1824,1303,521,0.0,0.0,9.2451753616333,True,True,True,True,True
EQH67b439804ffb7b80,EWY,EWY,,iShares MSCI South Korea ETF,equity,NYSE,1824,1303,521,0.0,0.0,0.1521018147468567,True,True,True,True,True
EQH684271e59e555704,FOXF,FOXF,,Fox Factory Holding Corp,equity,NASDAQ,1824,1303,521,0.0,0.0,0.27186334133148193,True,True,True,True,True
EQH687bccbb1a3aa896,URA,URA,,Global X Uranium ETF,equity,NYSE,1824,1303,521,0.0,0.0,0.11662547290325165,True,True,True,True,True
EQH688e14293ddc5353,LIVN,LIVN,,LivaNova PLC,equity,NASDAQ,1824,1303,521,0.0,0.0,0.23720137774944305,True,True,True,True,True
EQH68a8d8186a6c1e52,AIR.PA,AIR,,Airbus SE,equity,Cboe Europe,1824,1303,521,0.0,0.0,4.116984844207764,True,True,True,True,True
EQH68bbcb81e822d679,EXEL,EXEL,,Exelixis Inc.,equity,NASDAQ,1824,1303,521,0.0,0.0,0.20838972926139832,True,True,True,True,True
EQH68fd2a5687c2c7d9,RNO.PA,RNO,,Renault S.A.,equity,Cboe Europe,1824,1303,521,0.0,0.0,4.089807510375977,True,True,True,True,True
EQH691c84daa1e89e74,ABBV,ABBV,,AbbVie Inc.,equity,NYSE,1824,1303,521,0.0,0.0,0.1256641149520874,True,True,True,True,True
EQH69396fd365d1b2e0,JBL,JBL,,Jabil Inc,equity,NYSE,1824,1303,521,0.0,0.0,0.18796347081661224,True,True,True,True,True
EQH694ed8a34d8bf625,BOVA11.SA,BOVA11,,iShares Ibovespa Index Fund,equity,B3,1824,1303,521,0.0,0.0,0.05226615443825722,True,True,True,True,True
EQH69568f05fcb96bd5,DUK,DUK,,Duke Energy Corp.,equity,NYSE,1824,1303,521,0.0,0.0,0.04698681831359863,True,True,True,True,True
EQH695c4cb173ffe82b,BGS,BGS,,B&G Foods Inc.,equity,NYSE,1824,1303,521,0.0,0.0,0.28492507338523865,True,True,True,True,True
EQH6965b2c2d122e945,AGI,AGI,,Alamos Gold Inc.,equity,NYSE,1824,1303,521,0.0,0.0,0.1259339153766632,True,True,True,True,True
EQH69b0a5127c66ae1e,YUM,YUM,,Yum Brands Inc.,equity,NYSE,1824,1303,521,0.0,0.0,0.09721898287534714,True,True,True,True,True
EQH69c307faf60441f9,CWT,CWT,,California Water Service Group,equity,NYSE,1824,1303,521,0.0,0.0,0.07448548823595047,True,True,True,True,True
EQH69c547eaf1ed68e4,UNFI,UNFI,,United Natural Foods Inc.,equity,NYSE,1824,1303,521,0.0,0.0,0.3055885434150696,True,True,True,True,True
EQH69e01a89e75ab04c,EWP,EWP,,iShares MSCI Spain ETF,equity,NYSE,1824,1303,521,0.0,0.0,0.08491936326026917,True,True,True,True,True
EQH69f44f1320aa20c5,NEE,NEP,,Nextera Energy Partners LP,equity,NYSE,1824,1303,521,0.0,0.0,0.08971898257732391,True,True,True,True,True
EQH6a206ea530dda15d,CABK.MC,CABK,,CaixaBank SA,equity,Cboe Europe,1824,1303,521,0.0,0.0,4.087964057922363,True,True,True,True,True
EQH6a330b042ee990a2,HAG.DE,HAG,,Hensoldt AG,equity,Cboe Europe,1824,1303,521,0.0,0.0,4.249213695526123,True,True,True,True,True
EQH6a3c749e39a0a6b6,WEN,WEN,,Wendys Co.,equity,NASDAQ,1824,1303,521,0.0,0.0,0.227606400847435,True,True,True,True,True
EQH6a3d5a3f6f8554ae,WFRD,WFRD,,Weatherford International PLC,equity,NASDAQ,1824,1303,521,0.0,0.0,0.17699623107910156,True,True,True,True,True
EQH6a78142444d99ec1,HUN,HUN,,Huntsman Corporation,equity,NYSE,1824,1303,521,0.0,0.0,0.1869894564151764,True,True,True,True,True
EQH6a8c7ed068c5c146,MP,MP,,MP Materials Corp.,equity,NYSE,1824,1303,521,0.0,0.0,0.5061604380607605,True,True,True,True,True
EQH6ade3f4e64b9928f,USB,USB,,US Bancorp,equity,NYSE,1824,1303,521,0.0,0.0,0.10044310986995697,True,True,True,True,True
EQH6af9973329c0225d,SEM,SEM,,Select Medical Holdings Corp.,equity,NYSE,1824,1303,521,0.0,0.0,0.21820174157619476,True,True,True,True,True
EQH6b18bd4047b37957,HWC,HWC,,Hancock Whitney Corp,equity,NASDAQ,1824,1303,521,0.0,0.0,0.15801480412483215,True,True,True,True,True
EQH6b295f0a1e19b231,MGY,MGY,,Magnolia Oil & Gas Corp,equity,NYSE,1824,1303,521,0.0,0.0,0.1280612200498581,True,True,True,True,True
EQH6b45d134d667dab0,AKZA.AS,AKZA,,Akzo Nobel N.V.,equity,Cboe Europe,1824,1303,521,0.0,0.0,4.084843158721924,True,True,True,True,True
EQH6b8360e73f56b9ab,FATE,FATE,,Fate Therapeutics Inc.,equity,NASDAQ,1824,1303,521,0.0,0.0,0.614545464515686,True,True,True,True,True
EQH6bcd1a81baca10e4,IART,IART,,Integra Lifesciences Holdings Corp,equity,NASDAQ,1824,1303,521,0.0,0.0,2.173206090927124,True,True,True,True,True
EQH6bd3d656cb90cc50,AMP,AMP,,Amplifon S.p.A.,equity,Cboe Europe,1824,1303,521,0.0,0.0,0.11027657240629196,True,True,True,True,True
EQH6be7f19dac21f7bd,HP,HP,,Helmerich & Payne Inc.,equity,NYSE,1824,1303,521,0.0,0.0,0.16480864584445953,True,True,True,True,True
EQH6beda5f2e201914f,IEP,IEP,,Icahn Enterprises LP,equity,NASDAQ,1824,1303,521,0.0,0.0,0.2671986222267151,True,True,True,True,True
EQH6bf1700211f37a84,CPRI,CPRI,,Capri Holdings Ltd,equity,NYSE,1824,1303,521,0.0,0.0,0.5573533773422241,True,True,True,True,True
EQH6c0b557359547695,SPOT,SPOT,,Spotify,equity,NYSE,1824,1303,521,0.0,0.0,0.1675698459148407,True,True,True,True,True
EQH6c0bfa998df6442e,CSNA3.SA,CSNA3,,Companhia Siderurgica Nacional SA,equity,B3,1824,1303,521,0.0,0.0,0.153889462351799,True,True,True,True,True
EQH6c3d7adf54abfd20,PACB,PACB,,Pacific Biosciences of California Inc.,equity,NASDAQ,1824,1303,521,0.0,0.0,0.5070422291755676,True,True,True,True,True
EQH6c475f800f4c4e7a,ENB,ENB,,Enbridge Inc.,equity,NYSE,1824,1303,521,0.0,0.0,0.05894046276807785,True,True,True,True,True
EQH6c5876a3be34b972,LOW,LOW,,Lowe's Companies Inc.,equity,NYSE,1824,1303,521,0.0,0.0,0.09585200995206833,True,True,True,True,True
EQH6cbcbb6168ecab75,DHI,DHI,,D R Horton Inc,equity,NYSE,1824,1303,521,0.0,0.0,0.16979120671749115,True,True,True,True,True
EQH6cd77134e90a77ea,VLO,VLO,,Valero Energy Corporation,equity,NYSE,1824,1303,521,0.0,0.0,0.14466392993927002,True,True,True,True,True
EQH6cda319f30691c33,NXE,NXE,,NexGen Energy Ltd,equity,NYSE,1824,1303,521,0.0,0.0,0.15883973240852356,True,True,True,True,True
EQH6d495ac82e8c2ddf,PBH,PBH,,Prestige Consumer Healthcare Inc.,equity,NYSE,1824,1303,521,0.0,0.0,0.14783179759979248,True,True,True,True,True
EQH6d49d1b2db59e2e7,TUR,TUR,,iShares MSCI Turkey ETF,equity,NASDAQ,1824,1303,521,0.0,0.0,0.21215654909610748,True,True,True,True,True
EQH6d5c0307f8bffc8b,EPD,EPD,,Enterprise Products Partners LP,equity,NYSE,1824,1303,521,0.0,0.0,0.0782790258526802,True,True,True,True,True
EQH6d6cc9ba5d200e5e,EWW,EWW,,iShares MSCI Mexico ETF,equity,NYSE,1824,1303,521,0.0,0.0,0.10739604383707047,True,True,True,True,True
EQH6d7c2fc6159f1040,PTC,PTC,,PTC Inc.,equity,NASDAQ,1824,1303,521,0.0,0.0,0.17646734416484833,True,True,True,True,True
EQH6d7f2c42bcda34ea,EPAM,EPAM,,EPAM Systems Inc.,equity,NYSE,1824,1303,521,0.0,0.0,0.4567633271217346,True,True,True,True,True
EQH6d7f7b59540866c2,ATI,ATI,,ATI Inc.,equity,NYSE,1824,1303,521,0.0,0.0,0.18357381224632263,True,True,True,True,True
EQH6d86c8f5d31c9c3b,RGLD,RGLD,,Royal Gold Inc,equity,NASDAQ,1824,1303,521,0.0,0.0,0.09261123836040497,True,True,True,True,True
EQH6da59cd33e4ed8e3,EBAY,EBAY,,eBay Inc.,equity,NASDAQ,1824,1303,521,0.0,0.0,0.18295511603355408,True,True,True,True,True
EQH6da65732ba49306d,RF.PA,RF,,Eurazeo SE,equity,Cboe Europe,1824,1303,521,0.0,0.0,4.076716423034668,True,True,True,True,True
EQH6dbe3f74473303de,CAR,CAR,,Avis Budget Group Inc,equity,NASDAQ,1824,1303,521,0.0,0.0,1.083109736442566,True,True,True,True,True
EQH6dbf0f4469f23625,INGR,INGR,,Ingredion Inc,equity,NYSE,1824,1303,521,0.0,0.0,0.15532703697681427,True,True,True,True,True
EQH6dd5af0815007f21,CL,CL,,Colgate-Palmolive Co,equity,NYSE,1824,1303,521,0.0,0.0,0.05216486379504204,True,True,True,True,True
EQH6de833f2d93a9ce6,PFG,PFG,,Principal Financial Group Inc.,equity,NASDAQ,1824,1303,521,0.0,0.0,0.11083953082561493,True,True,True,True,True
EQH6e0431bff6742c8a,DGX,DGX,,Quest Diagnostics Inc.,equity,NYSE,1824,1303,521,0.0,0.0,0.07083220034837723,True,True,True,True,True
EQH6e2d93a72a334acd,ITW,ITW,,Illinois Tool Works Inc.,equity,NYSE,1824,1303,521,0.0,0.0,0.07536288350820541,True,True,True,True,True
EQH6e4f7f78e7af4936,ASML,ASML,,ASML Holding N.V.,equity,Cboe Europe,1824,1303,521,0.0,0.0,0.16261035203933716,True,True,True,True,True
EQH6e6f789468103331,ACGL,ACGL,,Arch Capital Group Ltd.,equity,NASDAQ,1824,1303,521,0.0,0.0,0.09653712809085846,True,True,True,True,True
EQH6e9f3f5a51b123ee,RBLX,RBLX,,Roblox Corp.,equity,NYSE,1824,1303,521,0.0,0.0,0.74317866563797,True,True,True,True,True
EQH6ebde0c7cae5efdb,CFR,CFR,,"Cullen/Frost Bankers, Inc.",equity,NYSE,1824,1303,521,0.0,0.0,0.12631578743457794,True,True,True,True,True
EQH6ecf933f2adfa3f7,ABEV3.SA,ABEV3,,Ambev SA,equity,B3,1824,1303,521,0.0,0.0,0.13579204678535461,True,True,True,True,True
EQH6ed3fe69f34c598d,L,L,,Loews Corp.,equity,NYSE,1824,1303,521,0.0,0.0,0.08769602328538895,True,True,True,True,True
EQH6eeff8067ec9aafa,CNS,CNS,,"Cohen & Steers, Inc.",equity,NYSE,1824,1303,521,0.0,0.0,0.11063240468502045,True,True,True,True,True
EQH6f01e655751d9174,SITC,SITC,,Site Centers Corp.,equity,NYSE,1824,1303,521,0.0,0.0,0.7635914087295532,True,True,True,True,True
EQH6f0282fd82d2fbbd,IMCR,IMCR,,Immunocore Holdings PLC,equity,NASDAQ,1824,1303,521,0.0,0.0,0.2209261655807495,True,True,True,True,True
EQH6f20baf2d873895c,TAEE11.SA,TAEE11,,Transmissora Aliança de Energia Elétrica S.A.,equity,B3,1824,1303,521,0.0,0.0,0.24861650168895721,True,True,True,True,True
EQH6f7b99000589ae7a,MS,MS,,Morgan Stanley,equity,NYSE,1824,1303,521,0.0,0.0,0.11611924320459366,True,True,True,True,True
EQH6fb3e1913a22ebac,AGL,AGL,,Agilon Health Inc.,equity,NYSE,1824,1303,521,0.0,0.0,3.2105770111083984,True,True,True,True,True
EQH6fc55e736a615d6d,GS,GS,,Goldman Sachs Group Inc.,equity,NYSE,1824,1303,521,0.0,0.0,2.1895923614501953,True,True,True,True,True
EQH6fd36d2f7e238840,AM,AM,,Antero Midstream Corp.,equity,NYSE,1824,1303,521,0.0,0.0,0.09126325696706772,True,True,True,True,True
EQH6fea3097849d6e20,TER,TER,,Teradyne Inc.,equity,NASDAQ,1824,1303,521,0.0,0.0,3.0131731033325195,True,True,True,True,True
EQH7007d0b8de57d2ab,STLA,STLA,,Stellantis N.V.,equity,NYSE,1824,1303,521,0.0,0.0,0.1864008903503418,True,True,True,True,True
EQH700cefa66e707d08,ROL,ROL,,"Rollins, Inc.",equity,NYSE,1824,1303,521,0.0,0.0,0.10806003212928772,True,True,True,True,True
EQH703353af64b0f7bc,TDC,TDC,,Teradata Corporation,equity,NYSE,1824,1303,521,0.0,0.0,0.32592952251434326,True,True,True,True,True
EQH704870ab4fe327e7,MRNA,MRNA,,Moderna Inc.,equity,NASDAQ,1824,1303,521,0.0,0.0,0.21011577546596527,True,True,True,True,True
EQH70715983a586b2cd,PRTA,PRTA,,Prothena Corporation PLC,equity,NASDAQ,1824,1303,521,0.0,0.0,0.8752020597457886,True,True,True,True,True
EQH7094dacb5723c267,NXPI,NXPI,,NXP Semiconductors N.V.,equity,NASDAQ,1824,1303,521,0.0,0.0,0.22751784324645996,True,True,True,True,True
EQH7096eaea84beff63,BLD,BLD,,TopBuild Corp.,equity,NYSE,1824,1303,521,0.0,0.0,0.17714539170265198,True,True,True,True,True
EQH70b07d60fdfa0278,FSS,FSS,,Federal Signal Corporation,equity,NYSE,1824,1303,521,0.0,0.0,1.2093610763549805,True,True,True,True,True
EQH7145717b7f1b1064,NWSA,NWSA,,News Corp,equity,NASDAQ,1824,1303,521,0.0,0.0,0.1327926218509674,True,True,True,True,True
EQH714f22b59aef5668,HYPE3.SA,HYPE3,,Hypera S.A.,equity,B3,1824,1303,521,0.0,0.0,0.12598837912082672,True,True,True,True,True
EQH718a3324baa802ca,SWKS,SWKS,,Skyworks Solutions Inc.,equity,NASDAQ,1824,1303,521,0.0,0.0,1.8662415742874146,True,True,True,True,True
EQH71a0030c3be42f88,GTM,ZI,,ZoomInfo Technologies Inc.,equity,NASDAQ,1824,1303,521,0.0,0.0,0.39722105860710144,True,True,True,True,True
EQH72110e9646aa8eb0,PRI,PRI,,"Primerica, Inc.",equity,NYSE,1824,1303,521,0.0,0.0,0.10616784542798996,True,True,True,True,True
EQH7283eec95787f6c6,CCI,CCI,,Crown Castle Inc,equity,NYSE,1824,1303,521,0.0,0.0,0.10366214066743851,True,True,True,True,True
EQH72e120a2e5353d6d,UI,UI,,Ubiquiti Inc.,equity,NYSE,1824,1303,521,0.0,0.0,1.0367860794067383,True,True,True,True,True
EQH72fd8270018056b9,SAM,SAM,,Boston Beer Company Inc.,equity,NYSE,1824,1303,521,0.0,0.0,0.2601895332336426,True,True,True,True,True
EQH7317b47e32fc6760,LEGN,LEGN,,Legend Biotech Corp,equity,NASDAQ,1824,1303,521,0.0,0.0,0.3521960377693176,True,True,True,True,True
EQH733a07f4fb30fc58,SBAC,SBAC,,SBA Communications Corporation,equity,NASDAQ,1824,1303,521,0.0,0.0,1.8416720628738403,True,True,True,True,True
EQH73a29eafee037f72,SAF.PA,SAF,,Safran S.A.,equity,Cboe Europe,1824,1303,521,0.0,0.0,4.097140789031982,True,True,True,True,True
EQH73a9a92089f9f94d,GOAU4.SA,GOAU4,,Metalurgica Gerdau S.A.,equity,B3,1824,1303,521,0.0,0.0,0.10118260979652405,True,True,True,True,True
EQH73f584e5d7aed5ac,FR.PA,FR,,Valeo S.A.,equity,Cboe Europe,1824,1303,521,0.0,0.0,4.081927299499512,True,True,True,True,True
EQH7465f3939642e619,XOM,XOM,,Exxon Mobil Corp.,equity,NYSE,1824,1303,521,0.0,0.0,0.0788525640964508,True,True,True,True,True
EQH747f6d3d542f2dcf,NESTE.HE,NESTE,,Neste Oyj,equity,Cboe Europe,1824,1303,521,0.0,0.0,4.122016429901123,True,True,True,True,True
EQH74aa276e44337536,EGP,EGP,,Eastgroup Properties Inc,equity,NYSE,1824,1303,521,0.0,0.0,0.088744156062603,True,True,True,True,True
EQH74b00cefc045d801,TFIN,TFIN,,Triumph Financial Inc,equity,NASDAQ,1824,1303,521,0.0,0.0,0.9933048486709595,True,True,True,True,True
EQH74d5edbc9d257d16,SRE,SRE,,Sempra Energy,equity,NYSE,1824,1303,521,0.0,0.0,0.18972232937812805,True,True,True,True,True
EQH74e437690f1bd103,IONQ,IONQ,,IonQ Inc.,equity,NYSE,1824,1303,521,0.0,0.0,0.3899979889392853,True,True,True,True,True
EQH751d600f3879c586,BEEF3.SA,BEEF3,,Minerva S.A.,equity,B3,1824,1303,521,0.0,0.0,0.1829378604888916,True,True,True,True,True
EQH752ee9f89affdbf8,AFG,AFG,,American Financial Group Inc.,equity,NYSE,1824,1303,521,0.0,0.0,0.08146639913320541,True,True,True,True,True
EQH754bc203a5453aba,CUERVO.MX,CUERVO,,Becle,equity,BMV,1824,1303,521,0.0,0.0,9.290815353393555,True,True,True,True,True
EQH7561bcd4b4e229ef,TWST,TWST,,Twist Bioscience Corp.,equity,NASDAQ,1824,1303,521,0.0,0.0,0.2874102294445038,True,True,True,True,True
EQH759320add95a1704,TJX,TJX,,TJX Companies Inc.,equity,NYSE,1824,1303,521,0.0,0.0,0.07118697464466095,True,True,True,True,True
EQH75b72c41b1ccb48b,SM,SM,,SM Energy Co.,equity,NYSE,1824,1303,521,0.0,0.0,0.20745477080345154,True,True,True,True,True
EQH75ba27d12c2698b3,OWL,OWL,,Blue Owl Capital Inc.,equity,NYSE,1824,1303,521,0.0,0.0,0.15359172224998474,True,True,True,True,True
EQH75dd9e9dd741edb4,BK,BK,,Bank of New York Mellon Corp.,equity,NYSE,1824,1303,521,0.0,0.0,0.0825929045677185,True,True,True,True,True
EQH75f2b60a3e5b75f8,RBC,RBC,,RBC Bearings Inc,equity,NYSE,1824,1303,521,0.0,0.0,0.16217127442359924,True,True,True,True,True
EQH7654e918b0b4d576,HBAN,HBAN,,Huntington Bancshares Incorporated,equity,NASDAQ,1824,1303,521,0.0,0.0,0.1682870239019394,True,True,True,True,True
EQH7666afb07e984b0b,BWXT,BWXT,,BWX Technologies Inc,equity,NYSE,1824,1303,521,0.0,0.0,0.17791739106178284,True,True,True,True,True
EQH768dd49e784b0acc,LIT,LIT,,Global X Lithium & Battery Tech ETF,equity,NYSE,1824,1303,521,0.0,0.0,0.10025132447481155,True,True,True,True,True
EQH76dde67b4200ada2,VNT,VNT,,Vontier Corp,equity,NYSE,1824,1303,521,0.0,0.0,0.9647800326347351,True,True,True,True,True
EQH77655c0fdb4f520f,TRI.PA,TRI,,Trigano S.A.,equity,Cboe Europe,1824,1303,521,0.0,0.0,4.093707084655762,True,True,True,True,True
EQH77939ac7dda9da3c,HUBB,HUBB,,Hubbell Incorporated,equity,NYSE,1824,1303,521,0.0,0.0,0.11627029627561569,True,True,True,True,True
EQH779883f0dcbf30b7,PEP,PEP,,PepsiCo Inc.,equity,NASDAQ,1824,1303,521,0.0,0.0,0.07454743981361389,True,True,True,True,True
EQH77b8073a9dd30071,ZG,ZG,,Zillow Group Inc.,equity,NASDAQ,1824,1303,521,0.0,0.0,1.5856149196624756,True,True,True,True,True
EQH77c71406ca336678,ABG,ABG,,Asbury Automotive Group Inc.,equity,NYSE,1824,1303,521,0.0,0.0,0.11501581221818924,True,True,True,True,True
EQH77d03f1df8a487a6,SPSC,SPSC,,"SPS Commerce, Inc.",equity,NASDAQ,1824,1303,521,0.0,0.0,1.356735110282898,True,True,True,True,True
EQH77d066d2f5c82f83,PLAY,PLAY,,Dave & Buster's Entertainment Inc.,equity,NASDAQ,1824,1303,521,0.0,0.0,0.20081520080566406,True,True,True,True,True
EQH77dfa88b11633167,VTRS,VTRS,,Viatris Inc.,equity,NASDAQ,1824,1303,521,0.0,0.0,0.284575492143631,True,True,True,True,True
EQH780367e6cabdff9d,MCK,MCK,,McKesson Corp.,equity,NYSE,1824,1303,521,0.0,0.0,0.11335842311382294,True,True,True,True,True
EQH783a2c4dbfce2bf5,CACC,CACC,,Credit Acceptance Corp.,equity,NASDAQ,1824,1303,521,0.0,0.0,0.20156118273735046,True,True,True,True,True
EQH7874c9aa94bbbc62,ALC,ALC,,Alcon AG,equity,NYSE,1824,1303,521,0.0,0.0,0.12945251166820526,True,True,True,True,True
EQH78c28683207ead6b,BMW.DE,BMW,,Bayerische Motoren Werke AG,equity,Cboe Europe,1824,1303,521,0.0,0.0,4.099410057067871,True,True,True,True,True
EQH790e9a3a6a41133a,EWG,EWG,,iShares MSCI Germany ETF,equity,NYSE,1824,1303,521,0.0,0.0,0.09030704945325851,True,True,True,True,True
EQH792df14bbaaa6fa7,BOKF,BOKF,,BOK Financial Corp,equity,NASDAQ,1824,1303,521,0.0,0.0,0.11094509810209274,True,True,True,True,True
EQH79447025c9892eda,RNR,RNR,,RenaissanceRe Holdings Ltd.,equity,NYSE,1824,1303,521,0.0,0.0,0.10084972530603409,True,True,True,True,True
EQH794771e9bf6a6b73,MASI,MASI,,Masimo Corp.,equity,NASDAQ,1824,1303,521,0.0,0.0,0.36986541748046875,True,True,True,True,True
EQH79635f07826b7eda,APG,APG,,APi Group Corp,equity,NYSE,1824,1303,521,0.0,0.0,0.09565217047929764,True,True,True,True,True
EQH7981a621af74fd53,FMC,FMC,,FMC Corp.,equity,NYSE,1824,1303,521,0.0,0.0,1.3358596563339233,True,True,True,True,True
EQH798ed225a969d262,SWX,SWX,,Southwest Gas Holdings Inc.,equity,NYSE,1824,1303,521,0.0,0.0,0.1313556432723999,True,True,True,True,True
EQH79c3c4909c2b3ddd,PEGA,PEGA,,Pegasystems Inc.,equity,NASDAQ,1824,1303,521,0.0,0.0,0.35673460364341736,True,True,True,True,True
EQH79e9baacb4606f0b,AZN,AZN,,AstraZeneca PLC,equity,NASDAQ,1824,1303,521,0.0,0.0,0.1249721571803093,True,True,True,True,True
EQH7a193fee7880717b,LFUS,LFUS,,Littelfuse Inc,equity,NASDAQ,1824,1303,521,0.0,0.0,0.9829715490341187,True,True,True,True,True
EQH7a1e6ec6b282b138,EWQ,EWQ,,iShares MSCI France ETF,equity,NYSE,1824,1303,521,0.0,0.0,0.08302932232618332,True,True,True,True,True
EQH7a3c12cc09c2cde0,STAG,STAG,,Stag Industrial Inc,equity,NYSE,1824,1303,521,0.0,0.0,0.090264230966568,True,True,True,True,True
EQH7adf2ee7b4bba006,MCO,MCO,,Moody's Corp.,equity,NYSE,1824,1303,521,0.0,0.0,0.12107615917921066,True,True,True,True,True
EQH7ae2256152b904c7,MU,MU,,Micron Technology Inc.,equity,NASDAQ,1824,1303,521,0.0,0.0,0.18812939524650574,True,True,True,True,True
EQH7ae56547edb41b6d,VRTX,VRTX,,Vertex Pharmaceuticals Incorporated,equity,NASDAQ,1824,1303,521,0.0,0.0,0.20600499212741852,True,True,True,True,True
EQH7b0a77e9907eb787,STE,STE,,Steris PLC.,equity,NYSE,1824,1303,521,0.0,0.0,0.10891801118850708,True,True,True,True,True
EQH7b1182dd01fc530e,NOV,NOV,,Nov Inc.,equity,NYSE,1824,1303,521,0.0,0.0,0.15665946900844574,True,True,True,True,True
EQH7b2ae2a2d92fb3fa,WLK,WLK,,Westlake Corp.,equity,NYSE,1824,1303,521,0.0,0.0,0.13460499048233032,True,True,True,True,True
EQH7b38b1fc75ddfee0,TSLA,TSLA,,Tesla Inc.,equity,NASDAQ,1824,1303,521,0.0,0.0,0.2268998920917511,True,True,True,True,True
EQH7b4a3cb7140e4484,FTV,FTV,,Fortive Corp.,equity,NYSE,1824,1303,521,0.0,0.0,0.08978326618671417,True,True,True,True,True
EQH7b752abc88534406,UAL,UAL,,United Airlines Holdings Inc.,equity,NASDAQ,1824,1303,521,0.0,0.0,0.2614425718784332,True,True,True,True,True
EQH7b7c5d6cbdfb199f,DEO,DEO,,Diageo PLC,equity,NYSE,1824,1303,521,0.0,0.0,0.11721682548522949,True,True,True,True,True
EQH7bbdb83d08e84eda,TXNM,TXNM,,TXNM Energy Inc,equity,NYSE,1824,1303,521,0.0,0.0,0.06978064775466919,True,True,True,True,True
EQH7bd91d6145a0fce2,WPM,WPM,,Wheaton Precious Metals Corp.,equity,NYSE,1824,1303,521,0.0,0.0,0.11835635453462601,True,True,True,True,True
EQH7c3b3dd2125d2bf0,AJG,AJG,,Arthur J. Gallagher & Co.,equity,NYSE,1824,1303,521,0.0,0.0,0.07409975677728653,True,True,True,True,True
EQH7c4faf2878658b6a,BA,BA,,Boeing Co,equity,NYSE,1824,1303,521,0.0,0.0,0.15374135971069336,True,True,True,True,True
EQH7c685f4bde7653be,OKE,OKE,,"ONEOK, Inc.",equity,NYSE,1824,1303,521,0.0,0.0,0.12772375345230103,True,True,True,True,True
EQH7c6ecece446dbee5,NGG,NGG,,National Grid PLC,equity,NYSE,1824,1303,521,0.0,0.0,0.14265868067741394,True,True,True,True,True
EQH7c7035eda0f6b715,DIA,DIA,,DiaSorin S.p.A.,equity,Cboe Europe,1824,1303,521,0.0,0.0,0.07862286269664764,True,True,True,True,True
EQH7d05a53e7fcfc49c,PIRC.MI,PIRC,,Pirelli & C. SpA,equity,Cboe Europe,1824,1303,521,0.0,0.0,4.083847522735596,True,True,True,True,True
EQH7d31272df33c1b09,MRL.MC,MRL,,MERLIN Properties SOCIMI SA,equity,Cboe Europe,1824,1303,521,0.0,0.0,4.0903754234313965,True,True,True,True,True
EQH7d4f61eadeff0817,SIE.DE,SIE,,Siemens AG,equity,Cboe Europe,1824,1303,521,0.0,0.0,4.0752644538879395,True,True,True,True,True
EQH7d51d3af19b78864,AMT,AMT,,American Tower Corp.,equity,NYSE,1824,1303,521,0.0,0.0,0.09878621250391006,True,True,True,True,True
EQH7dbb1bdf9c987e2d,ET,ET,,Energy Transfer LP,equity,NYSE,1824,1303,521,0.0,0.0,0.08855040371417999,True,True,True,True,True
EQH7ddc96a10c368c14,WPP,WPP,,WPP PLC,equity,NYSE,1824,1303,521,0.0,0.0,0.18090449273586273,True,True,True,True,True
EQH7e077dd065fbafda,MGLU3.SA,MGLU3,,Magazine Luiza S.A.,equity,B3,1824,1303,521,0.0,0.0,0.26309093832969666,True,True,True,True,True
EQH7e18eb9eb60db8fd,NOW,NOW,,ServiceNow Inc.,equity,NYSE,1824,1303,521,0.0,0.0,0.19534870982170105,True,True,True,True,True
EQH7e1b3d2cfe8d30a2,TIT.MI,TIT,,Telecom Italia S.p.A.,equity,Cboe Europe,1824,1303,521,0.0,0.0,4.09988260269165,True,True,True,True,True
EQH7e3aa2ced04d6236,ENR,ENR,,Siemens Energy AG,equity,Cboe Europe,1824,1303,521,0.0,0.0,0.2669377028942108,True,True,True,True,True
EQH7e438a7cb07647e5,KRZ.IR,KRZ,,Kerry Group PLC,equity,Cboe Europe,1824,1303,521,0.0,0.0,4.103277683258057,True,True,True,True,True
EQH7e66b37b76d2a3f4,WB,WB,,Weibo Corp.,equity,NASDAQ,1824,1303,521,0.0,0.0,2.4177448749542236,True,True,True,True,True
EQH7e7457dbbcc64442,NEXI.MI,NEXI,,Nexi SpA,equity,Cboe Europe,1824,1303,521,0.0,0.0,4.081845283508301,True,True,True,True,True
EQH7e9710d8393b63fa,OUT,OUT,,Outfront Media Inc.,equity,NYSE,1824,1303,521,0.0,0.0,0.18503624200820923,True,True,True,True,True
EQH7ec91599c9815d6b,ZIM,ZIM,,ZIM Integrated Shipping Services Ltd.,equity,NYSE,1824,1303,521,0.0,0.0,0.25337955355644226,True,True,True,True,True
EQH7eeb901969f057e3,ASO,ASO,,Academy Sports and Outdoors Inc,equity,NASDAQ,1824,1303,521,0.0,0.0,0.18281497061252594,True,True,True,True,True
EQH7f039664e09c2c82,SAPR11.SA,SAPR11,,Companhia de Saneamento do Paraná,equity,B3,1824,1303,521,0.0,0.0,0.26250770688056946,True,True,True,True,True
EQH7f04960881ac3896,BHF,BHF,,Brighthouse Financial Inc.,equity,NASDAQ,1824,1303,521,0.0,0.0,0.272426038980484,True,True,True,True,True
EQH7f48a3bc937776e8,FIVN,FIVN,,Five9 Inc.,equity,NASDAQ,1824,1303,521,0.0,0.0,1.1745857000350952,True,True,True,True,True
EQH7f48dfd057190381,EBC,EBC,,Eastern Bankshares Inc.,equity,NASDAQ,1824,1303,521,0.0,0.0,0.1708906590938568,True,True,True,True,True
EQH7f6b2462eb003e67,TAP,TAP,,Molson Coors Brewing Co,equity,NYSE,1824,1303,521,0.0,0.0,0.6374973654747009,True,True,True,True,True
EQH7f86e8a801d8cc57,ERIC,ERIC,,Telefonaktiebolaget LM Ericsson Class B,equity,NASDAQ,1824,1303,521,0.0,0.0,0.20563039183616638,True,True,True,True,True
EQH7f9c112e423273bb,URBN,URBN,,Urban Outfitters Inc.,equity,NASDAQ,1824,1303,521,0.0,0.0,1.855541706085205,True,True,True,True,True
EQH7f9e4349dabafdd9,SPY,SPY,,SPDR S&P 500 ETF,equity,NYSE,1824,1303,521,0.0,0.0,0.10501940548419952,True,True,True,True,True
EQH7f9fd2a70f014763,PETR4.SA,PETR4,,Petróleo Brasileiro S.A.,equity,B3,1824,1303,521,0.0,0.0,0.09327855706214905,True,True,True,True,True
EQH7fa3e0d928b2f974,MSI,MSI,,Motorola Solutions Inc.,equity,NYSE,1824,1303,521,0.0,0.0,0.12058305740356445,True,True,True,True,True
EQH7fe0dab583abb71f,KKR,KKR,,KKR & Co LP,equity,NYSE,1824,1303,521,0.0,0.0,0.16876515746116638,True,True,True,True,True
EQH7ffdb31ec49627a1,KNX,KNX,,Knight-Swift Transportation Holdings Inc.,equity,NYSE,1824,1303,521,0.0,0.0,0.1294448971748352,True,True,True,True,True
EQH800f1b3b2098934c,AC.MX,AC,,Arca Continental,equity,BMV,1824,1303,521,0.0,0.0,9.270023345947266,True,True,True,True,True
EQH801c9bcf0954f1db,RYN,RYN,,Rayonier Inc.,equity,NYSE,1824,1303,521,0.0,0.0,0.13553279638290405,True,True,True,True,True
EQH80274ccb51dcfc44,ED,ED,,Consolidated Edison Inc.,equity,NYSE,1824,1303,521,0.0,0.0,0.04735106602311134,True,True,True,True,True
EQH8050d5160869b49b,SCHD,SCHD,,Schwab U.S. Dividend Equity ETF,equity,NYSE,1824,1303,521,0.0,0.0,0.06373356282711029,True,True,True,True,True
EQH805469f3324934d9,SW,SW,,Smurfit WestRock PLC,equity,NYSE,1824,1303,521,0.0,0.0,0.3897901773452759,True,True,True,True,True
EQH80625b3e3e4701b5,RSG,RSG,,"Republic Services, Inc.",equity,NYSE,1824,1303,521,0.0,0.0,0.05820896103978157,True,True,True,True,True
EQH808be427fdf3e179,CMC,CMC,,Commercial Metals Company,equity,NYSE,1824,1303,521,0.0,0.0,0.1372443437576294,True,True,True,True,True
EQH809f92fd4114837c,PNR,PNR,,Pentair PLC,equity,NYSE,1824,1303,521,0.0,0.0,0.11111102253198624,True,True,True,True,True
EQH80b088b73a02e2be,AER,AER,,AerCap Holdings N.V.,equity,NYSE,1824,1303,521,0.0,0.0,0.13341830670833588,True,True,True,True,True
EQH80b45301a42bed80,IAG,IAG,,International Consolidated Airlines Group S.A.,equity,Cboe Europe,1824,1303,521,0.0,0.0,0.25274720788002014,True,True,True,True,True
EQH80e97050e5440867,BMRN,BMRN,,Biomarin Pharmaceutical Inc.,equity,NASDAQ,1824,1303,521,0.0,0.0,0.17714959383010864,True,True,True,True,True
EQH80f4cf3565395370,ACVA,ACVA,,ACV Auctions Inc.,equity,NASDAQ,1824,1303,521,0.0,0.0,0.37546008825302124,True,True,True,True,True
EQH80f5e92f2d5a85cf,PSO,PSO,,Pearson PLC,equity,NYSE,1824,1303,521,0.0,0.0,0.17721503973007202,True,True,True,True,True
EQH815eefce158c4476,WPC,WPC,,WP Carey Inc.,equity,NYSE,1824,1303,521,0.0,0.0,1.583200216293335,True,True,True,True,True
EQH81614261476da589,GMEXICOB.MX,GMEXICOB,,Grupo Mexico,equity,BMV,1824,1303,521,0.0,0.0,9.296483039855957,True,True,True,True,True
EQH81744c46fc0f1ea7,ALNY,ALNY,,Alnylam Pharmaceuticals Inc.,equity,NASDAQ,1824,1303,521,0.0,0.0,0.49334362149238586,True,True,True,True,True
EQH8198b9dc11c84034,BRO,BRO,,"Brown & Brown, Inc.",equity,NYSE,1824,1303,521,0.0,0.0,0.12650616466999054,True,True,True,True,True
EQH819f1cd3bbbb41e3,TIETO.HE,TIETO,,Tietoevry Oyj,equity,Cboe Europe,1824,1303,521,0.0,0.0,4.931101322174072,True,True,True,True,True
EQH819fb8a62ee3942e,CNC,CNC,,Centene Corp.,equity,NYSE,1824,1303,521,0.0,0.0,0.40370699763298035,True,True,True,True,True
EQH81bf5ff574109c27,NTRA,NTRA,,Natera Inc.,equity,NASDAQ,1824,1303,521,0.0,0.0,1.4208652973175049,True,True,True,True,True
EQH81e1338bb2bfd0b0,FHB,FHB,,First Hawaiian Inc.,equity,NASDAQ,1824,1303,521,0.0,0.0,0.12331759184598923,True,True,True,True,True
EQH81f7379fd1fadfa0,GDX,GDX,,VanEck Gold Miners ETF,equity,NYSE,1824,1303,521,0.0,0.0,0.9864248633384705,True,True,True,True,True
EQH8230293718d367eb,SITE,SITE,,SiteOne Landscape Supply Inc,equity,NYSE,1824,1303,521,0.0,0.0,0.16688238084316254,True,True,True,True,True
EQH82777769efcab722,UHAL,UHAL,,U-Haul Holding Company,equity,NYSE,1824,1303,521,0.0,0.0,0.5748163461685181,True,True,True,True,True
EQH8297d454395ca653,SCR.PA,SCR,,SCOR SE,equity,Cboe Europe,1824,1303,521,0.0,0.0,4.085428714752197,True,True,True,True,True
EQH82e82d84395df646,ATO,ATO,,Atmos Energy Corporation,equity,NYSE,1824,1303,521,0.0,0.0,0.08385832607746124,True,True,True,True,True
EQH82fcad1a4c2aa7eb,PHM,PHM,,PulteGroup Inc.,equity,NYSE,1824,1303,521,0.0,0.0,0.1347847878932953,True,True,True,True,True
EQH836f86c095ebf071,IPN.PA,IPN,,Ipsen SA,equity,Cboe Europe,1824,1303,521,0.0,0.0,4.963279724121094,True,True,True,True,True
EQH838349ad77011160,USD-BRL,USD-BRL,,fx,fx_pair,,1824,1303,521,0.0,0.0,0.046321801841259,True,True,True,True,True
EQH83a492bd1b4ebf98,DXCM,DXCM,,DexCom Inc.,equity,NASDAQ,1824,1303,521,0.0,0.0,0.4065832197666168,True,True,True,True,True
EQH83cf312b84cf4575,CMS,CMS,,CMS Energy Corp.,equity,NYSE,1824,1303,521,0.0,0.0,0.05300594121217728,True,True,True,True,True
EQH83ec1a250d929275,HEI.DE,HEI,,Heidelberg Materials AG,equity,Cboe Europe,1824,1303,521,0.0,0.0,4.089580535888672,True,True,True,True,True
EQH84071f97be0a5a23,ONTO,ONTO,,Onto Innovation Inc,equity,NYSE,1824,1303,521,0.0,0.0,0.62423175573349,True,True,True,True,True
EQH8425a38f7d5ae314,LYV,LYV,,Live Nation Entertainment Inc.,equity,NYSE,1824,1303,521,0.0,0.0,0.15141375362873077,True,True,True,True,True
EQH8451b2980ac43569,ALSN,ALSN,,Allison Transmission Holdings Inc,equity,NYSE,1824,1303,521,0.0,0.0,0.1390964537858963,True,True,True,True,True
EQH84b4b008214d2ae1,PLNT,PLNT,,Planet Fitness Inc.,equity,NYSE,1824,1303,521,0.0,0.0,0.3738410174846649,True,True,True,True,True
EQH84e0dad5bf181235,SRG,SRG,,Snam S.p.A.,equity,Cboe Europe,1824,1303,521,0.0,0.0,0.8026316165924072,True,True,True,True,True
EQH84eb6e0d63ecbea0,ALK,ALK,,Alaska Air Group Inc.,equity,NYSE,1824,1303,521,0.0,0.0,0.22579865157604218,True,True,True,True,True
EQH84f424f728fca1d2,XLI,XLI,,Industrial Select Sector SPDR Fund,equity,NYSE,1824,1303,521,0.0,0.0,0.08881644159555435,True,True,True,True,True
EQH85489ec675b1809c,AN,AN,,AutoNation Inc,equity,NYSE,1824,1303,521,0.0,0.0,0.12327604740858078,True,True,True,True,True
EQH855836a79e864327,BRKR,BRKR,,Bruker Corporation,equity,NASDAQ,1824,1303,521,0.0,0.0,0.13283823430538177,True,True,True,True,True
EQH8562c2f91d4d82be,WMG,WMG,,Warner Music Group Corp.,equity,NASDAQ,1824,1303,521,0.0,0.0,0.8402087092399597,True,True,True,True,True
EQH85cf6065ceba3ebd,CHWY,CHWY,,Chewy Inc.,equity,NYSE,1824,1303,521,0.0,0.0,0.27143701910972595,True,True,True,True,True
EQH85e38e5752ba5fb1,IBM,IBM,,International Business Machines Corp.,equity,NYSE,1824,1303,521,0.0,0.0,2.633535861968994,True,True,True,True,True
EQH85ee0b91745109ab,STZ,STZ,,Constellation Brands Inc.,equity,NYSE,1824,1303,521,0.0,0.0,0.1708773523569107,True,True,True,True,True
EQH8616b08a7279e0b0,HUBS,HUBS,,HubSpot Inc.,equity,NYSE,1824,1303,521,0.0,0.0,0.21109192073345184,True,True,True,True,True
EQH861afeb44d956865,VGK,VGK,,Vanguard FTSE Europe ETF,equity,NYSE,1824,1303,521,0.0,0.0,0.7474899888038635,True,True,True,True,True
EQH8626c7e04d56407c,HEIA.AS,HEIA,,Heineken N.V.,equity,Cboe Europe,1824,1303,521,0.0,0.0,4.119176864624023,True,True,True,True,True
EQH86479981ccec0b71,CLSK,CLSK,,CleanSpark Inc.,equity,NASDAQ,1824,1303,521,0.0,0.0,0.3285714089870453,True,True,True,True,True
EQH8651173584bc623a,WH,WH,,Wyndham Hotels & Resorts Inc.,equity,NYSE,1824,1303,521,0.0,0.0,0.11736971884965897,True,True,True,True,True
EQH86679f30c56aeb72,UCB,UCB,,UCB S.A.,equity,Cboe Europe,1824,1303,521,0.0,0.0,0.14250437915325165,True,True,True,True,True
EQH866f098edec7ffd7,CVX,CVX,,Chevron Corporation,equity,NYSE,1824,1303,521,0.0,0.0,0.08903490751981735,True,True,True,True,True
EQH86c94cba882dbace,AZM.MI,AZM,,Azimut Holding S.p.A.,equity,Cboe Europe,1824,1303,521,0.0,0.0,4.092137813568115,True,True,True,True,True
EQH86d11e5f731a0c0e,ASAN,ASAN,,Asana Inc.,equity,NYSE,1824,1303,521,0.0,0.0,0.4353169798851013,True,True,True,True,True
EQH86e4a49e25ed269d,FICO,FICO,,Fair Isaac Corp.,equity,NYSE,1824,1303,521,0.0,0.0,0.31099453568458557,True,True,True,True,True
EQH873bad7fee6e5f22,TS,TS,,Tenaris SA,equity,NYSE,1824,1303,521,0.0,0.0,0.0964505597949028,True,True,True,True,True
EQH8777467e944e21ca,PENG,PENG,,Penguin Solutions Inc,equity,NASDAQ,1824,1303,521,0.0,0.0,0.4444444179534912,True,True,True,True,True
EQH879872c52d68a45e,EL.PA,EL,,EssilorLuxottica S.A.,equity,Cboe Europe,1824,1303,521,0.0,0.0,4.095363616943359,True,True,True,True,True
EQH87b9808f8b14985b,BYD,BYD,,Boyd Gaming Corporation,equity,NYSE,1824,1303,521,0.0,0.0,0.15439656376838684,True,True,True,True,True
EQH87cb50dc97dfe2d7,UPS,UPS,,United Parcel Service Inc.,equity,NYSE,1824,1303,521,0.0,0.0,0.14112719893455505,True,True,True,True,True
EQH87dacd4cedf0e6a5,TTEK,TTEK,,Tetra Tech Inc.,equity,NASDAQ,1824,1303,521,0.0,0.0,0.15667328238487244,True,True,True,True,True
EQH87dede59970b82dc,GSK,GSK,,GSK PLC,equity,NYSE,1824,1303,521,0.0,0.0,0.08688847720623016,True,True,True,True,True
EQH88362e65f9192f00,LPX,LPX,,Louisiana-Pacific Corp,equity,NYSE,1824,1303,521,0.0,0.0,0.20789386332035065,True,True,True,True,True
EQH88af7684c827ea0e,FIZZ,FIZZ,,National Beverage Corp.,equity,NASDAQ,1824,1303,521,0.0,0.0,0.15027201175689697,True,True,True,True,True
EQH88c08cce8c435daf,XME,XME,,SPDR S&P Metals and Mining ETF,equity,NYSE,1824,1303,521,0.0,0.0,0.09704551845788956,True,True,True,True,True
EQH890be10d8d837909,DAL,DAL,,Delta Air Lines Inc.,equity,NYSE,1824,1303,521,0.0,0.0,0.2338351160287857,True,True,True,True,True
EQH895c8ac1b2ae2dbf,RL,RL,,Ralph Lauren Corp.,equity,NYSE,1824,1303,521,0.0,0.0,0.1679353415966034,True,True,True,True,True
EQH8983943c3dcf91dc,ADP,ADP,,Aeroports de Paris SA,equity,Cboe Europe,1824,1303,521,0.0,0.0,0.09199408441781998,True,True,True,True,True
EQH8983e683a3475f65,EBS.VI,EBS,,Erste Group Bank AG,equity,Cboe Europe,1824,1303,521,0.0,0.0,4.09055233001709,True,True,True,True,True
EQH89d38fb6531b9b99,ROK,ROK,,Rockwell Automation Inc,equity,NYSE,1824,1303,521,0.0,0.0,1.426713228225708,True,True,True,True,True
EQH89fc51025ebc84b0,HER.MI,HER,,HERA SpA,equity,Cboe Europe,1824,1303,521,0.0,0.0,4.10347843170166,True,True,True,True,True
EQH8a08d1ca5a28231c,GLNG,GLNG,,Golar LNG Limited,equity,NASDAQ,1824,1303,521,0.0,0.0,0.12462501227855682,True,True,True,True,True
EQH8a57bb6921d822ef,HRL,HRL,,Hormel Foods Corp.,equity,NYSE,1824,1303,521,0.0,0.0,0.1456373780965805,True,True,True,True,True
EQH8a8bb4691869ae19,BLK,BLK,,BlackRock Inc.,equity,NYSE,1824,1303,521,0.0,0.0,0.13468825817108154,True,True,True,True,True
EQH8a8d8da9f0ac2cd1,WLN.PA,WLN,,Worldline SA,equity,Cboe Europe,1824,1303,521,0.0,0.0,4.083889961242676,True,True,True,True,True
EQH8ad1189fb45dae5e,ARGT,ARGT,,Global X MSCI Argentina ETF,equity,NYSE,1824,1303,521,0.0,0.0,0.18841741979122162,True,True,True,True,True
EQH8aeade016406e37b,EVT,EVT,,Evotec SE,equity,Cboe Europe,1824,1303,521,0.0,0.0,0.08045995980501175,True,True,True,True,True
EQH8aeb68a43cd6052f,SIRI,SIRI,,Sirius XM Holdings Inc.,equity,NASDAQ,1824,1303,521,0.0,0.0,0.4225865304470062,True,True,True,True,True
EQH8baaf8ff412fb458,IP,IP,,International Paper Co,equity,NYSE,1824,1303,521,0.0,0.0,0.13277582824230194,True,True,True,True,True
EQH8be64d66e2749cee,CLVT,CLVT,,Clarivate PLC,equity,NYSE,1824,1303,521,0.0,0.0,0.2716236710548401,True,True,True,True,True
EQH8be661cc7f5829b9,REG,REG,,Regency Centers Corp.,equity,NASDAQ,1824,1303,521,0.0,0.0,0.06510204076766968,True,True,True,True,True
EQH8c36bbe5786fea89,ITT,ITT,,ITT Inc,equity,NYSE,1824,1303,521,0.0,0.0,0.11289610713720322,True,True,True,True,True
EQH8c56b830c1c3622c,IRBR3.SA,IRBR3,,IRB-Brasil Resseguros S.A.,equity,B3,1824,1303,521,0.0,0.0,0.30342692136764526,True,True,True,True,True
EQH8c907feff083f1f1,EVR,EVR,,Evercore Inc.,equity,NYSE,1824,1303,521,0.0,0.0,0.16244849562644958,True,True,True,True,True
EQH8cdb55b39078a9e9,NDAQ,NDAQ,,Nasdaq Inc.,equity,NASDAQ,1824,1303,521,0.0,0.0,0.11810469627380371,True,True,True,True,True
EQH8d1e7cafcafe78c8,TRE.MC,TRE,,Tecnicas Reunidas S.A.,equity,Cboe Europe,1824,1303,521,0.0,0.0,4.06491756439209,True,True,True,True,True
EQH8d9a0fb36a79ff7b,FRHC,FRHC,,Freedom Holding Corp.,equity,NASDAQ,1824,1303,521,0.0,0.0,0.2523980736732483,True,True,True,True,True
EQH8d9a5fe9946ec9ec,RCO.PA,RCO,,Remy Cointreau SA,equity,Cboe Europe,1824,1303,521,0.0,0.0,4.203018665313721,True,True,True,True,True
EQH8dea153f23d6d601,DLR,DLR,,Digital Realty Trust Inc.,equity,NYSE,1824,1303,521,0.0,0.0,0.11844676733016968,True,True,True,True,True
EQH8e61637a5a4f685d,VC,VC,,Visteon Corp.,equity,NASDAQ,1824,1303,521,0.0,0.0,0.5486655831336975,True,True,True,True,True
EQH8e68487748dff752,MUSA,MUSA,,Murphy USA Inc,equity,NYSE,1824,1303,521,0.0,0.0,0.13362856209278107,True,True,True,True,True
EQH8ff39e646e04778f,LULU,LULU,,Lululemon Athletica Inc.,equity,NASDAQ,1824,1303,521,0.0,0.0,0.19804707169532776,True,True,True,True,True
EQH902795be8c98c534,MRVL,MRVL,,Marvell Technology Group Ltd.,equity,NASDAQ,1824,1303,521,0.0,0.0,0.32423701882362366,True,True,True,True,True
EQH903de6b3e6e68db9,ANDE,ANDE,,Andersons Inc.,equity,NASDAQ,1824,1303,521,0.0,0.0,0.268339604139328,True,True,True,True,True
EQH906c3669c145e868,FTNT,FTNT,,Fortinet Inc.,equity,NASDAQ,1824,1303,521,0.0,0.0,0.7463624477386475,True,True,True,True,True
EQH90a2b4e8c149f45f,HAS,HAS,,Hasbro Inc.,equity,NASDAQ,1824,1303,521,0.0,0.0,0.14627504348754883,True,True,True,True,True
EQH90ad3df2f3f3ebff,MULT3.SA,MULT3,,Multiplan Empreendimentos Imobiliários S.A.,equity,B3,1824,1303,521,0.0,0.0,0.08944523334503174,True,True,True,True,True
EQH90e57392391dde4d,XP,XPBR31,,XP Inc,equity,B3,1824,1303,521,0.0,0.0,0.18753935396671295,True,True,True,True,True
EQH912d796be556e2d4,TFSL,TFSL,,TFS Financial Corporation,equity,NASDAQ,1824,1303,521,0.0,0.0,0.09196298569440842,True,True,True,True,True
EQH914713be0a28367b,NKE,NKE,,Nike Inc.,equity,NYSE,1824,1303,521,0.0,0.0,0.19980882108211517,True,True,True,True,True
EQH91d0bdb45909fead,BILL,BILL,,Bill.com Holdings Inc.,equity,NYSE,1824,1303,521,0.0,0.0,0.36052384972572327,True,True,True,True,True
EQH91e1eb1cb2477b1c,LH,LH,,Laboratory Corp. of America Holdings,equity,NYSE,1824,1303,521,0.0,0.0,0.08331792056560516,True,True,True,True,True
EQH91f1d1434399c8e8,SMG,SMG,,Scotts Miracle-Gro Co,equity,NYSE,1824,1303,521,0.0,0.0,0.20519956946372986,True,True,True,True,True
EQH9227310af458339c,GFNORTEO.MX,GFNORTEO,,Grupo Financiero Banorte,equity,BMV,1824,1303,521,0.0,0.0,9.267704010009766,True,True,True,True,True
EQH9235e616a1e66799,IBKR,IBKR,,Interactive Brokers Group Inc.,equity,NASDAQ,1824,1303,521,0.0,0.0,0.16120249032974243,True,True,True,True,True
EQH926091baee872a6c,EQTL3.SA,EQTL3,,Equatorial Energia S.A.,equity,B3,1824,1303,521,0.0,0.0,0.11711230129003525,True,True,True,True,True
EQH926b08c69e4e6d89,OLED,OLED,,Universal Display Corporation,equity,NASDAQ,1824,1303,521,0.0,0.0,0.22710172832012177,True,True,True,True,True
EQH92946f8d183fc7ee,ASR,ASR,,Grupo Aeroportuario dl Srst SAB CV,equity,NYSE,1824,1303,521,0.0,0.0,0.26060065627098083,True,True,True,True,True
EQH92a387ede2134a8a,OPCH,OPCH,,Option Care Health Inc.,equity,NASDAQ,1824,1303,521,0.0,0.0,0.27891284227371216,True,True,True,True,True
EQH92e4e82bc8376b4a,VPK.AS,VPK,,Koninklijke Vopak N.V.,equity,Cboe Europe,1824,1303,521,0.0,0.0,4.107488632202148,True,True,True,True,True
EQH92fd79df9fbdea12,AB,AB,,AllianceBernstein Holding LP,equity,NYSE,1824,1303,521,0.0,0.0,0.09651542454957962,True,True,True,True,True
EQH936b07f814bf8152,AIG,AIG,,American International Group Inc.,equity,NYSE,1824,1303,521,0.0,0.0,0.08410676568746567,True,True,True,True,True
EQH938d211b3f81761a,TCOM,TCOM,,Trip.com Group Ltd.,equity,NASDAQ,1824,1303,521,0.0,0.0,0.28382834792137146,True,True,True,True,True
EQH93c89d23b55aae9d,AIN,AIN,,Albany International Corp.,equity,NYSE,1824,1303,521,0.0,0.0,0.2363302856683731,True,True,True,True,True
EQH93ca94a3ba35184b,WST,WST,,West Pharmaceutical Services Inc.,equity,NYSE,1824,1303,521,0.0,0.0,0.38218313455581665,True,True,True,True,True
EQH93e195f617572242,BALL,BALL,,Ball Corp.,equity,NYSE,1824,1303,521,0.0,0.0,0.1858261078596115,True,True,True,True,True
EQH93e446fa5c982a90,GILD,GILD,,Gilead Sciences Inc.,equity,NASDAQ,1824,1303,521,0.0,0.0,0.12920238077640533,True,True,True,True,True
EQH93fbaa1d25603f2d,SAN.MC,SAN,,Banco Santander SA,equity,Cboe Europe,1824,1303,521,0.0,0.0,4.091759204864502,True,True,True,True,True
EQH941c7389c73f7336,VIR,VIR,,Vir Biotechnology Inc.,equity,NASDAQ,1824,1303,521,0.0,0.0,0.5817490220069885,True,True,True,True,True
EQH9460ce37d9317a49,CW,CW,,Curtiss-Wright Corp.,equity,NYSE,1824,1303,521,0.0,0.0,0.11111398041248322,True,True,True,True,True
EQH94cc74f870a981c4,CHTR,CHTR,,Charter Communications Inc.,equity,NASDAQ,1824,1303,521,0.0,0.0,0.2943493723869324,True,True,True,True,True
EQH953d97c02b0c1290,HE,HE,,"Hawaiian Electric Industries, Inc.",equity,NYSE,1824,1303,521,0.0,0.0,0.44616982340812683,True,True,True,True,True
EQH954a1643773c64a4,ALPA4.SA,ALPA4,,Alpargatas S.A.,equity,B3,1824,1303,521,0.0,0.0,0.2005944550037384,True,True,True,True,True
EQH9552dd4fbc0b103c,SBUX,SBUX,,Starbucks Corp.,equity,NASDAQ,1824,1303,521,0.0,0.0,0.24496959149837494,True,True,True,True,True
EQH95afd04e22af57fc,TXG,TXG,,10X Genomics Inc.,equity,NASDAQ,1824,1303,521,0.0,0.0,0.24699661135673523,True,True,True,True,True
EQH95b635c7d8fe6687,SSD,SSD,,"Simpson Manufacturing Co, Inc.",equity,NYSE,1824,1303,521,0.0,0.0,0.10607796907424927,True,True,True,True,True
EQH95ca200f3a9f1592,SYNA,SYNA,,"Synaptics, Incorporated",equity,NASDAQ,1824,1303,521,0.0,0.0,0.21761417388916016,True,True,True,True,True
EQH95f680aa25ce9cc0,DHL.DE,DHL,,DHL Group,equity,Cboe Europe,1824,1303,521,0.0,0.0,4.086922645568848,True,True,True,True,True
EQH961d6dd61c4e9580,INMD,INMD,,Inmode Ltd.,equity,NASDAQ,1824,1303,521,0.0,0.0,1.2628402709960938,True,True,True,True,True
EQH961ec61be2b34b28,PTEN,PTEN,,Patterson-UTI Energy Inc.,equity,NASDAQ,1824,1303,521,0.0,0.0,0.20146511495113373,True,True,True,True,True
EQH9634195758f9e0d7,AKE.PA,AKE,,Arkema SA,equity,Cboe Europe,1824,1303,521,0.0,0.0,4.08527946472168,True,True,True,True,True
EQH96ad9135f3492568,INDA,INDA,,iShares MSCI India ETF,equity,NYSE,1824,1303,521,0.0,0.0,0.06094890087842941,True,True,True,True,True
EQH96b40765ada5b64a,HDB,HDB,,HDFC Bank Ltd. ADR,equity,NYSE,1824,1303,521,0.0,0.0,0.09341829270124435,True,True,True,True,True
EQH96f8a5b70fd500cf,MONC.MI,MONC,,Moncler S.p.A.,equity,Cboe Europe,1824,1303,521,0.0,0.0,4.091175556182861,True,True,True,True,True
EQH9717f179a70f5581,EL,EL,,Estee Lauder Companies Inc.,equity,NYSE,1824,1303,521,0.0,0.0,0.20895013213157654,True,True,True,True,True
EQH971c5b1d51247677,EDPR.LS,EDPR,,EDP Renovaveis SA,equity,Cboe Europe,1824,1303,521,0.0,0.0,4.0669169425964355,True,True,True,True,True
EQH973ec59ae879a67d,PODD,PODD,,Insulet Corporation,equity,NASDAQ,1824,1303,521,0.0,0.0,0.22576852142810822,True,True,True,True,True
EQH97e470498989a1ff,OPLN,KAR,,Openlane Inc.,equity,NYSE,1824,1303,521,0.0,0.0,0.3834916949272156,True,True,True,True,True
EQH987ddbc0dc34d011,TTC,TTC,,Toro Co.,equity,NYSE,1824,1303,521,0.0,0.0,0.144023135304451,True,True,True,True,True
EQH98bd4d4e640f613a,AFL,AFL,,AFLAC Incorporated,equity,NYSE,1824,1303,521,0.0,0.0,0.09651408344507217,True,True,True,True,True
EQH991babc5051405eb,KRYS,KRYS,,Krystal Biotech Inc.,equity,NASDAQ,1824,1303,521,0.0,0.0,1.2165284156799316,True,True,True,True,True
EQH9946c435120cc374,ICFI,ICFI,,ICF International Inc,equity,NASDAQ,1824,1303,521,0.0,0.0,0.20716214179992676,True,True,True,True,True
EQH99642986dacf7799,IFF,IFF,,International Flavors & Fragrances Inc,equity,NYSE,1824,1303,521,0.0,0.0,0.1936768889427185,True,True,True,True,True
EQH998ed23c2f1a3de9,NVG.LS,NVG,,The Navigator Company SA,equity,Cboe Europe,1824,1303,521,0.0,0.0,4.088698863983154,True,True,True,True,True
EQH999252f6a5c2cfd4,NOK,NOK,,Nokia Oyj,equity,NYSE,1824,1303,521,0.0,0.0,0.2216980904340744,True,True,True,True,True
EQH99e6180c329e8eb2,TKR,TKR,,Timken Co.,equity,NYSE,1824,1303,521,0.0,0.0,0.12918317317962646,True,True,True,True,True
EQH99f09d1d45eeb6b9,AON,AON,,Aon PLC,equity,NYSE,1824,1303,521,0.0,0.0,0.0927734524011612,True,True,True,True,True
EQH99fbb28e91f2ebbc,ECL,ECL,,Ecolab Inc.,equity,NYSE,1824,1303,521,0.0,0.0,0.08970530331134796,True,True,True,True,True
EQH9a21edc378eec847,GAPB.MX,GAPB,,Grupo Aeroportuario del Pacfico,equity,BMV,1824,1303,521,0.0,0.0,9.25769329071045,True,True,True,True,True
EQH9a9836d65e27a0ea,BIIB,BIIB,,Biogen Inc.,equity,NASDAQ,1824,1303,521,0.0,0.0,0.3985034227371216,True,True,True,True,True
EQH9aaf607277f68755,LABB.MX,LABB,,Genomma Lab Internacional,equity,BMV,1824,1303,521,0.0,0.0,9.279541969299316,True,True,True,True,True
EQH9abdfff0ff7bc754,QS,QS,,Quantumscape Corp,equity,NYSE,1824,1303,521,0.0,0.0,0.43076926469802856,True,True,True,True,True
EQH9b22a0ce0e8d8896,CWEN,CWEN,,Clearway Energy Inc,equity,NYSE,1824,1303,521,0.0,0.0,0.10820931196212769,True,True,True,True,True
EQH9b6d9823f0841901,CLH,CLH,,Clean Harbors Inc,equity,NYSE,1824,1303,521,0.0,0.0,0.11483002454042435,True,True,True,True,True
EQH9bb5dcdce4e42c55,SPT,SPT,,Sprout Social Inc.,equity,NASDAQ,1824,1303,521,0.0,0.0,0.40145382285118103,True,True,True,True,True
EQH9bf6b212975e23bb,CRI,CRI,,"Carter's, Inc.",equity,NYSE,1824,1303,521,0.0,0.0,0.19694668054580688,True,True,True,True,True
EQH9c2d529394e836c3,IPAR,IPAR,,"Inter Parfums, Inc.",equity,NASDAQ,1824,1303,521,0.0,0.0,0.1268952339887619,True,True,True,True,True
EQH9c38bf4cc66f57c6,FXI,FXI,,iShares China Large-Cap ETF,equity,NYSE,1824,1303,521,0.0,0.0,0.212412029504776,True,True,True,True,True
EQH9ca0130f20ac2eaf,KSA,KSA,,iShares MSCI Saudi Arabia ETF,equity,NASDAQ,1824,1303,521,0.0,0.0,0.06587991118431091,True,True,True,True,True
EQH9ca0b46b6803be19,CIB,CIB,,Bancolombia SA,equity,NYSE,1824,1303,521,0.0,0.0,0.11190899461507797,True,True,True,True,True
EQH9ca785914ee22745,KMI,KMI,,Kinder Morgan Inc.,equity,NYSE,1824,1303,521,0.0,0.0,0.09283122420310974,True,True,True,True,True
EQH9ce8e2538a391a7b,GBCI,GBCI,,Glacier Bancorp Inc.,equity,NYSE,1824,1303,521,0.0,0.0,0.11258520185947418,True,True,True,True,True
EQH9cfe5c24d4e5e94d,BP,BP,,BP PLC,equity,NYSE,1824,1303,521,0.0,0.0,0.09444800019264221,True,True,True,True,True
EQH9de6387ba9f97225,SGO.PA,SGO,,Compagnie de Saint-Gobain S.A.,equity,Cboe Europe,1824,1303,521,0.0,0.0,4.087405204772949,True,True,True,True,True
EQH9de6d9bc061aa27b,RYA.IR,RYAAY,,Ryanair Holdings plc,equity,Cboe Europe,1824,1303,521,0.0,0.0,4.093637466430664,True,True,True,True,True
EQH9df894ccb9bf317f,FCN,FCN,,FTI Consulting Inc.,equity,NYSE,1824,1303,521,0.0,0.0,0.18710629642009735,True,True,True,True,True
EQH9eaee881dd019052,USO,USO,,United States Oil Fund,equity,NYSE,1824,1303,521,0.0,0.0,0.11658667027950287,True,True,True,True,True
EQH9eb037608d27954d,CCEP,CCEP,,Coca-Cola Europacific Partners PLC,equity,NASDAQ,1824,1303,521,0.0,0.0,0.09782383590936661,True,True,True,True,True
EQH9eb1289beefe71ab,HWM,HWM,,Howmet Aerospace Inc,equity,NYSE,1824,1303,521,0.0,0.0,0.15453724563121796,True,True,True,True,True
EQH9fb30f7a9daa3853,FIE.DE,FIE,,Fielmann AG,equity,Cboe Europe,1824,1303,521,0.0,0.0,4.081182479858398,True,True,True,True,True
EQHa056dad09ebb1ea4,MPLX,MPLX,,MPLX LP,equity,NYSE,1824,1303,521,0.0,0.0,0.26509204506874084,True,True,True,True,True
EQHa05ee7fe03d06ba2,PSX,PSX,,Phillips 66,equity,NYSE,1824,1303,521,0.0,0.0,0.13606318831443787,True,True,True,True,True
EQHa0e0d5ec90674560,CALY,MODG,,Topgolf Callaway Brands Corp,equity,NYSE,1824,1303,521,0.0,0.0,0.1708860546350479,True,True,True,True,True
EQHa0f27625835a47b4,JAZZ,JAZZ,,Jazz Pharmaceuticals,equity,NASDAQ,1824,1303,521,0.0,0.0,0.2057133913040161,True,True,True,True,True
EQHa12949b4e76ebbcb,PAYC,PAYC,,Paycom Software Inc.,equity,NYSE,1824,1303,521,0.0,0.0,0.3848634362220764,True,True,True,True,True
EQHa19377000fedb69c,SMPL,SMPL,,Simply Good Foods Co.,equity,NASDAQ,1824,1303,521,0.0,0.0,0.19982285797595978,True,True,True,True,True
EQHa1a3e3bf73e3baf5,BHP,BHP,,BHP Group Ltd.,equity,NYSE,1824,1303,521,0.0,0.0,0.10268516093492508,True,True,True,True,True
EQHa1f03f7f6d17509f,PANW,PANW,,Palo Alto Networks Inc,equity,NASDAQ,1824,1303,521,0.0,0.0,0.28441092371940613,True,True,True,True,True
EQHa1f5d41f02403b57,TEO,TEO,,Telecom Argentina SA,equity,NYSE,1824,1303,521,0.0,0.0,0.3750000298023224,True,True,True,True,True
EQHa207b27220682aa4,TTE.PA,TTE,,TotalEnergies SE,equity,Cboe Europe,1824,1303,521,0.0,0.0,4.271103858947754,True,True,True,True,True
EQHa235919a505383e9,VOYA,VOYA,,Voya Financial Inc.,equity,NYSE,1824,1303,521,0.0,0.0,0.11553344875574112,True,True,True,True,True
EQHa24fc27483feb253,CDI.PA,CDI,,Christian Dior SE,equity,Cboe Europe,1824,1303,521,0.0,0.0,4.060832977294922,True,True,True,True,True
EQHa27ac1c6d562735b,EOG,EOG,,EOG Resources Inc.,equity,NYSE,1824,1303,521,0.0,0.0,1.2329667806625366,True,True,True,True,True
EQHa28169ba9e043705,FDP,FDP,,Fresh Del Monte Produce Inc.,equity,NYSE,1824,1303,521,0.0,0.0,0.1407998651266098,True,True,True,True,True
EQHa291496a405dddd7,LAMR,LAMR,,Lamar Advertising Co,equity,NASDAQ,1824,1303,521,0.0,0.0,1.6771775484085083,True,True,True,True,True
EQHa371cece96b4bb35,PUM.DE,PUMD,,Puma SE,equity,Cboe Europe,1824,1303,521,0.0,0.0,4.051961421966553,True,True,True,True,True
EQHa37f810f8a0c68fd,KNSL,KNSL,,Kinsale Capital Group Inc,equity,NYSE,1824,1303,521,0.0,0.0,0.19555635750293732,True,True,True,True,True
EQHa445a25623afe726,NICE,NICE,,NICE Ltd.,equity,NASDAQ,1824,1303,521,0.0,0.0,0.2552303671836853,True,True,True,True,True
EQHa4882c15df637f00,GD,GD,,General Dynamics Corp.,equity,NYSE,1824,1303,521,0.0,0.0,0.08429572731256485,True,True,True,True,True
EQHa4893edcfa9a5b2f,NIO,NIO,,Nio Inc.,equity,NYSE,1824,1303,521,0.0,0.0,0.25586065649986267,True,True,True,True,True
EQHa489c395bc83321a,CDW,CDW,,CDW Corp,equity,NASDAQ,1824,1303,521,0.0,0.0,0.2271721512079239,True,True,True,True,True
EQHa4b3df1596e44a2e,RTX,RTX,,RTX Corporation,equity,NYSE,1824,1303,521,0.0,0.0,0.10215450078248978,True,True,True,True,True
EQHa4bd49c223d62efb,AOS,AOS,,A O Smith Corp.,equity,NYSE,1824,1303,521,0.0,0.0,0.13666878640651703,True,True,True,True,True
EQHa4c70fd4b75c1e0b,FER.MC,FER,,Ferrovial S.A.,equity,Cboe Europe,1824,1303,521,0.0,0.0,4.115603923797607,True,True,True,True,True
EQHa4da1ee632a902e2,WU,WU,,The Western Union Company,equity,NYSE,1824,1303,521,0.0,0.0,0.12571732699871063,True,True,True,True,True
EQHa4f8629695ec5c1c,SONY,SONY,,Sony Corp.,equity,NYSE,1824,1303,521,0.0,0.0,0.09693199396133423,True,True,True,True,True
EQHa53fe97cbbf1595e,WIX,WIX,,Wix.com Ltd.,equity,NASDAQ,1824,1303,521,0.0,0.0,0.31601861119270325,True,True,True,True,True
EQHa546ea62324367d4,GLE.PA,GLE,,Societe Generale S.A.,equity,Cboe Europe,1824,1303,521,0.0,0.0,4.092235088348389,True,True,True,True,True
EQHa65ecc4ee6875669,PKX,PKX,,Posco Holdings Inc.,equity,NYSE,1824,1303,521,0.0,0.0,0.16251206398010254,True,True,True,True,True
EQHa6dde37c11cc005b,POST,POST,,Post Holdings Inc.,equity,NYSE,1824,1303,521,0.0,0.0,0.0848771333694458,True,True,True,True,True
EQHa6ff365bde53dd8a,LUV,LUV,,Southwest Airlines Co,equity,NYSE,1824,1303,521,0.0,0.0,0.15353535115718842,True,True,True,True,True
EQHa70d98e68b7d1378,MPT,MPW,,Medical Properties Trust Inc,equity,NYSE,1824,1303,521,0.0,0.0,2.460472583770752,True,True,True,True,True
EQHa7abf68d5fc54b9a,EXLS,EXLS,,Exlservice Holdings Inc,equity,NASDAQ,1824,1303,521,0.0,0.0,0.12063837796449661,True,True,True,True,True
EQHa7b2e7b5b674e0d8,TNET,TNET,,TriNet Group Inc.,equity,NYSE,1824,1303,521,0.0,0.0,0.5843639373779297,True,True,True,True,True
EQHa7cc8e1a64528736,OSK,OSK,,Oshkosh Corp,equity,NYSE,1824,1303,521,0.0,0.0,0.18435652554035187,True,True,True,True,True
EQHa83314de66f8a50e,NN,NN,,NN Group N.V.,equity,Cboe Europe,1824,1303,521,0.0,0.0,0.35218510031700134,True,True,True,True,True
EQHa8997d25fda47f9a,MTN,MTN,,Vail Resorts Inc.,equity,NYSE,1824,1303,521,0.0,0.0,0.10821955651044846,True,True,True,True,True
EQHa96fcd4206161825,SY1.DE,SY1,,Symrise AG,equity,Cboe Europe,1824,1303,521,0.0,0.0,4.098599910736084,True,True,True,True,True
EQHa9b658c4c80cabee,EDU,EDU,,New Oriental Education & Technology Group Inc.,equity,NYSE,1824,1303,521,0.0,0.0,0.542187511920929,True,True,True,True,True
EQHaa5a82deb11b0afa,CDP,CDP,,COPT Defense Properties,equity,NYSE,1824,1303,521,0.0,0.0,0.06032837554812431,True,True,True,True,True
EQHaadb32e8e71fc639,EWA,EWA,,iShares MSCI Australia ETF,equity,NYSE,1824,1303,521,0.0,0.0,0.09558111429214478,True,True,True,True,True
EQHab48a8ce9fc312fd,GH,GH,,Guardant Health Inc.,equity,NASDAQ,1824,1303,521,0.0,0.0,0.2786772847175598,True,True,True,True,True
EQHab4ae7d8168a0744,TMO,TMO,,Thermo Fisher Scientific Inc.,equity,NYSE,1824,1303,521,0.0,0.0,0.09649764001369476,True,True,True,True,True
EQHab548f2daa660b7f,MMM,MMM,,3M Co,equity,NYSE,1824,1303,521,0.0,0.0,0.22990615665912628,True,True,True,True,True
EQHab610ea554761f07,FLR,FLR,,Fluor Corp.,equity,NYSE,1824,1303,521,0.0,0.0,0.2703893184661865,True,True,True,True,True
EQHab6a9e666080086f,UUP,UUP,,Invesco DB USD Index Bullish Fund,equity,NYSE,1824,1303,521,0.0,0.0,0.022857170552015305,True,True,True,True,True
EQHab9dbcbcfcf1fdd3,SHL.DE,SHL,,Siemens Healthineers AG,equity,Cboe Europe,1824,1303,521,0.0,0.0,4.916128635406494,True,True,True,True,True
EQHaba8e55bea85bf94,VIG.VI,VIG,,Vienna Insurance Group AG,equity,Cboe Europe,1824,1303,521,0.0,0.0,4.109418869018555,True,True,True,True,True
EQHabd7fad14d30a9f8,OMV.DE,OMV,,OMV Aktiengesellschaft,equity,Cboe Europe,1824,1303,521,0.0,0.0,4.095663547515869,True,True,True,True,True
EQHabff61ce2855a137,NSC,NSC,,Norfolk Southern Corp.,equity,NYSE,1824,1303,521,0.0,0.0,0.10910718142986298,True,True,True,True,True
EQHac01b48372f09cb5,ZBH,ZBH,,Zimmer Biomet Holdings Inc,equity,NYSE,1824,1303,521,0.0,0.0,1.2439969778060913,True,True,True,True,True
EQHac301fce5626d83e,KALU,KALU,,Kaiser Aluminum Corp.,equity,NASDAQ,1824,1303,521,0.0,0.0,0.19537870585918427,True,True,True,True,True
EQHac5e54129adc6cf9,D,D,,Dominion Energy Inc.,equity,NYSE,1824,1303,521,0.0,0.0,0.09024602919816971,True,True,True,True,True
EQHac5ec8b6cde55ad2,UGI,UGI,,UGI Corp.,equity,NYSE,1824,1303,521,0.0,0.0,0.15012109279632568,True,True,True,True,True
EQHac5ed79908bef8a9,KR,KR,,Kroger Company,equity,NYSE,1824,1303,521,0.0,0.0,0.11606243252754211,True,True,True,True,True
EQHac8454f031e8d209,OVV,OVV,,Ovintiv Inc.,equity,NYSE,1824,1303,521,0.0,0.0,0.15646612644195557,True,True,True,True,True
EQHacc6c7a3928e6291,TRUP,TRUP,,Trupanion Inc.,equity,NASDAQ,1824,1303,521,0.0,0.0,0.3903203308582306,True,True,True,True,True
EQHace00733d73aa0b0,CRL,CRL,,Charles River Laboratories Intl. Inc.,equity,NYSE,1824,1303,521,0.0,0.0,0.2812972366809845,True,True,True,True,True
EQHacf4719c0e1ac25d,RHP,RHP,,Ryman Hospitality Properties Inc.,equity,NYSE,1824,1303,521,0.0,0.0,0.10653145611286163,True,True,True,True,True
EQHad874c8718623381,PI,PI,,Impinj Inc.,equity,NASDAQ,1824,1303,521,0.0,0.0,0.390555739402771,True,True,True,True,True
EQHadb5f2b1a055e913,ALPEKA.MX,ALPEKA,,Alpek,equity,BMV,1824,1303,521,0.0,0.0,9.284957885742188,True,True,True,True,True
EQHadb635afd26c5295,U,U,,Unity Software Inc.,equity,NYSE,1824,1303,521,0.0,0.0,0.3704550564289093,True,True,True,True,True
EQHadbcb36017941fa4,WD,WD,,"Walker & Dunlop, Inc.",equity,NYSE,1824,1303,521,0.0,0.0,0.11115287244319916,True,True,True,True,True
EQHadbd26f5bba1de9e,KIMBERA.MX,KIMBERA,,Kimberly-Clark de Mexico,equity,BMV,1824,1303,521,0.0,0.0,9.258075714111328,True,True,True,True,True
EQHadc710ac75ecda67,QRVO,QRVO,,Qorvo Inc,equity,NASDAQ,1824,1303,521,0.0,0.0,0.273089200258255,True,True,True,True,True
EQHae8c43023a969f38,AFX.DE,AFX,,Carl Zeiss Meditec AG,equity,Cboe Europe,1824,1303,521,0.0,0.0,4.936308860778809,True,True,True,True,True
EQHaea4d03318abd25b,JEPI,JEPI,,JPMorgan Equity Premium Income ETF,equity,NYSE,1824,1303,521,0.0,0.0,0.07156828790903091,True,True,True,True,True
EQHaec14c32f1d24fd6,BOX,BOX,,Box Inc.,equity,NYSE,1824,1303,521,0.0,0.0,0.17233698070049286,True,True,True,True,True
EQHaf2f3a0c757fd8de,NFE,NFE,,New Fortress Energy Inc.,equity,NASDAQ,1824,1303,521,0.0,0.0,0.6297935247421265,True,True,True,True,True
EQHaf95a067d1827d9b,WAT,WAT,,Waters Corporation,equity,NYSE,1824,1303,521,0.0,0.0,6.926205635070801,True,True,True,True,True
EQHb0042acb11c6ffd0,ELE,ELE,,Endesa S.A.,equity,Cboe Europe,1824,1303,521,0.0,0.0,0.2673267126083374,True,True,True,True,True
EQHb01ab8bd6d98608c,UGP,UGP,,Ultrapar Participacoes SA,equity,NYSE,1824,1303,521,0.0,0.0,1.130339503288269,True,True,True,True,True
EQHb091030cd0a1ee24,FOUR,FOUR,,Shift4 Payments Inc.,equity,NYSE,1824,1303,521,0.0,0.0,0.17594197392463684,True,True,True,True,True
EQHb0a0ad1197dd3bda,HON,HON,,Honeywell International Inc.,equity,NASDAQ,1824,1303,521,0.0,0.0,1.7747639417648315,True,True,True,True,True
EQHb0b624f0a531546b,SPXC,SPXC,,SPX Technologies Inc.,equity,NYSE,1824,1303,521,0.0,0.0,0.20136183500289917,True,True,True,True,True
EQHb1ac5af33ad216fd,GMED,GMED,,Globus Medical Inc,equity,NYSE,1824,1303,521,0.0,0.0,0.35942313075065613,True,True,True,True,True
EQHb1fd3270d998b5b6,ING,ING,,ING Groep NV,equity,NYSE,1824,1303,521,0.0,0.0,0.1142614483833313,True,True,True,True,True
EQHb1fdc7cb454d76b5,CB,CB,,Chubb Limited,equity,NYSE,1824,1303,521,0.0,0.0,0.07200951874256134,True,True,True,True,True
EQHb206c64e13d450b6,SCCO,SCCO,,Southern Copper Corp.,equity,NYSE,1824,1303,521,0.0,0.0,0.11622356623411179,True,True,True,True,True
EQHb21fc20d15349bde,DNLI,DNLI,,Denali Therapeutics Inc,equity,NASDAQ,1824,1303,521,0.0,0.0,0.3824748992919922,True,True,True,True,True
EQHb2522f098bdc8e85,ACS.MC,ACS,,Actividades de Construcción y Servicios S.A.,equity,Cboe Europe,1824,1303,521,0.0,0.0,4.094579696655273,True,True,True,True,True
EQHb2798a65ec63b925,CROX,CROX,,Crocs Inc.,equity,NASDAQ,1824,1303,521,0.0,0.0,0.29239988327026367,True,True,True,True,True
EQHb2a21011838533b6,UAE,UAE,,iShares MSCI UAE ETF,equity,NASDAQ,1824,1303,521,0.0,0.0,0.07221554219722748,True,True,True,True,True
EQHb34559aa9ca87cb9,SLB,SLB,,Schlumberger N.V.,equity,NYSE,1824,1303,521,0.0,0.0,0.12613455951213837,True,True,True,True,True
EQHb3b68d46a6b55507,LMT,LMT,,Lockheed Martin Corp.,equity,NYSE,1824,1303,521,0.0,0.0,0.11803442984819412,True,True,True,True,True
EQHb3c1becaaa355f4b,ZS,ZS,,Zscaler Inc.,equity,NASDAQ,1824,1303,521,0.0,0.0,0.37866073846817017,True,True,True,True,True
EQHb3ca9c7058590d02,QGEN,QGEN,,Qiagen NV,equity,NYSE,1824,1303,521,0.0,0.0,0.1130031868815422,True,True,True,True,True
EQHb558c23e789f04e0,INTC,INTC,,Intel Corp.,equity,NASDAQ,1824,1303,521,0.0,0.0,0.26058515906333923,True,True,True,True,True
EQHb563544106349f2a,MTZ,MTZ,,MasTec Inc,equity,NYSE,1824,1303,521,0.0,0.0,0.18097029626369476,True,True,True,True,True
EQHb5f0b64c8a97fd70,TRI,TRI,,Thomson Reuters Corp,equity,NYSE,1824,1303,521,0.0,0.0,0.09933938831090927,True,True,True,True,True
EQHb5fa681d129f63da,FVRR,FVRR,,Fiverr International Ltd.,equity,NYSE,1824,1303,521,0.0,0.0,0.2564227879047394,True,True,True,True,True
EQHb608465c33b96704,RED.MC,REE,,Redeia Corporación S.A.,equity,Cboe Europe,1824,1303,521,0.0,0.0,4.094263076782227,True,True,True,True,True
EQHb614f8bb299ae415,RH,RH,,RH,equity,NYSE,1824,1303,521,0.0,0.0,0.4008823037147522,True,True,True,True,True
EQHb63754403445214e,BOLSAA.MX,BOLSAA,,Bolsa Mexicana de Valores,equity,BMV,1824,1303,521,0.0,0.0,9.292844772338867,True,True,True,True,True
EQHb649ac6fd011fe8b,MGM,MGM,,MGM Resorts International,equity,NYSE,1824,1303,521,0.0,0.0,0.17457085847854614,True,True,True,True,True
EQHb6dd40399719f17f,HOMB,HOMB,,Home Bancshares Inc.,equity,NYSE,1824,1303,521,0.0,0.0,0.1242237389087677,True,True,True,True,True
EQHb6e2adea8a84921a,MBRF3.SA,MBRF3,,Marfrig Global Foods S.A.,equity,Brazil,1824,1303,521,0.0,0.0,0.20388711988925934,True,True,True,True,True
EQHb6e32131f82dc55c,PRIO3.SA,PRIO3,,Prio S.A.,equity,B3,1824,1303,521,0.0,0.0,1.6505436897277832,True,True,True,True,True
EQHb6ea2743582e64bf,ALV.DE,ALV,,Allianz SE,equity,Cboe Europe,1824,1303,521,0.0,0.0,4.0256781578063965,True,True,True,True,True
EQHb6fce58933457bfa,ZM,ZM,,Zoom Video Communications Inc.,equity,NASDAQ,1824,1303,521,0.0,0.0,1.5852580070495605,True,True,True,True,True
EQHb71046a2b7a208c1,UBS,UBS,,UBS Group AG,equity,NYSE,1824,1303,521,0.0,0.0,0.11968085914850235,True,True,True,True,True
EQHb72fc740922fded2,ORBIA.MX,ORBIA,,Orbia Advance Corporation,equity,BMV,1824,1303,521,0.0,0.0,9.256893157958984,True,True,True,True,True
EQHb82a058175d6e052,RGA,RGA,,Reinsurance Group of America Inc,equity,NYSE,1824,1303,521,0.0,0.0,0.09578344225883484,True,True,True,True,True
EQHb840fb5496ab958f,MAN,MAN,,ManpowerGroup Inc.,equity,NYSE,1824,1303,521,0.0,0.0,0.19066858291625977,True,True,True,True,True
EQHb841f91e8936b5d9,RKT,RKT,,Rocket Companies Inc.,equity,NYSE,1824,1303,521,0.0,0.0,0.8835405111312866,True,True,True,True,True
EQHb85bc402abbafe76,RA,RA,,Regional,equity,BMV,1824,1303,521,0.0,0.0,0.21149298548698425,True,True,True,True,True
EQHb886081383bbc887,HIG,HIG,,Hartford Financial Services Group Inc,equity,NYSE,1824,1303,521,0.0,0.0,0.07995788753032684,True,True,True,True,True
EQHb95019f08f8de9b5,FORTUM.HE,FORTUM,,Fortum Oyj,equity,Cboe Europe,1824,1303,521,0.0,0.0,4.914148807525635,True,True,True,True,True
EQHb95b23cf9470b224,CHKP,CHKP,,Check Point Software Technologies Ltd.,equity,NASDAQ,1824,1303,521,0.0,0.0,0.21867018938064575,True,True,True,True,True
EQHb9730ed0f4fd655b,CMI,CMI,,Cummins Inc.,equity,NYSE,1824,1303,521,0.0,0.0,0.11017519235610962,True,True,True,True,True
EQHb982670aac8e7b19,EOAN.DE,EOAN,,E ON SE,equity,Cboe Europe,1824,1303,521,0.0,0.0,4.489945888519287,True,True,True,True,True
EQHbab70f0bb5ee2a9c,AMCR,AMCR,,Amcor PLC,equity,NYSE,1824,1303,521,0.0,0.0,0.11871230602264404,True,True,True,True,True
EQHbb08fd0291781a75,GEST.MC,GEST,,Gestamp Automocion SA,equity,Cboe Europe,1824,1303,521,0.0,0.0,4.084476470947266,True,True,True,True,True
EQHbb0d2ebb86b79567,LUMN,LUMN,,Lumen Technologies Inc.,equity,NYSE,1824,1303,521,0.0,0.0,0.9305019974708557,True,True,True,True,True
EQHbb1bf78dc2a58420,RACE,RACE,,Ferrari N.V.,equity,Cboe Europe,1824,1303,521,0.0,0.0,0.14989250898361206,True,True,True,True,True
EQHbb325ce7d8f7664d,AMH,AMH,,American Homes 4 Rent,equity,NYSE,1824,1303,521,0.0,0.0,0.0891420766711235,True,True,True,True,True
EQHbb4671adfdf1a499,GOLF,GOLF,,Acushnet Holdings Corp.,equity,NYSE,1824,1303,521,0.0,0.0,0.1307266503572464,True,True,True,True,True
EQHbb821cc25cb2632e,MOS,MOS,,The Mosaic Co.,equity,NYSE,1824,1303,521,0.0,0.0,0.13312779366970062,True,True,True,True,True
EQHbba514dbd1af1a56,JCI,JCI,,Johnson Controls International PLC,equity,NYSE,1824,1303,521,0.0,0.0,0.11282186210155487,True,True,True,True,True
EQHbc1cd4d1a50c1c94,BN,BN,,Brookfield Corporation,equity,NYSE,1824,1303,521,0.0,0.0,0.12888793647289276,True,True,True,True,True
EQHbc54cce9b07fc2eb,IMCD.AS,IMCD,,Imcd NV,equity,Cboe Europe,1824,1303,521,0.0,0.0,4.073685169219971,True,True,True,True,True
EQHbc61fac7cf470f34,R,R,,"Ryder System, Inc.",equity,NYSE,1824,1303,521,0.0,0.0,0.17025764286518097,True,True,True,True,True
EQHbce7140ac9ccdfcc,UMC,UMC,,United Microelectronics Corp.,equity,NYSE,1824,1303,521,0.0,0.0,0.14580486714839935,True,True,True,True,True
EQHbcedc079bb2ccc81,TREX,TREX,,Trex Company Inc.,equity,NYSE,1824,1303,521,0.0,0.0,0.31058675050735474,True,True,True,True,True
EQHbd2ae6b85b26051b,LEA,LEA,,Lear Corp,equity,NYSE,1824,1303,521,0.0,0.0,0.10228782892227173,True,True,True,True,True
EQHbd641bf9a506e228,AMBA,AMBA,,Ambarella Inc.,equity,NASDAQ,1824,1303,521,0.0,0.0,0.3130055069923401,True,True,True,True,True
EQHbe2f213232d7df62,VST,VST,,Vistra Corp.,equity,NYSE,1824,1303,521,0.0,0.0,0.9796180129051208,True,True,True,True,True
EQHbe7647a72fd5c7db,RF,RF,,Regions Financial Corp,equity,NYSE,1824,1303,521,0.0,0.0,0.12378643453121185,True,True,True,True,True
EQHbe85b4b443bb7569,FND,FND,,Floor & Decor Holdings Inc,equity,NYSE,1824,1303,521,0.0,0.0,0.1460982859134674,True,True,True,True,True
EQHbee19e0e16b5ae25,USD-JPY,USD-JPY,,US Dollar JP Yen,fx,Forex,1824,1303,521,0.0,0.0,0.03724951297044754,True,True,True,True,True
EQHbef6a4e40bca7a33,GLPI,GLPI,,Gaming and Leisure Properties Inc.,equity,NASDAQ,1824,1303,521,0.0,0.0,0.058708369731903076,True,True,True,True,True
EQHbf3b8b5f90e45261,MANU,MANU,,Manchester United PLC,equity,NYSE,1824,1303,521,0.0,0.0,0.25836679339408875,True,True,True,True,True
EQHbf4981a41601aacf,VOE.VI,VOE,,Voestalpine AG,equity,Cboe Europe,1824,1303,521,0.0,0.0,4.116369724273682,True,True,True,True,True
EQHbf960ee64e333e92,ML.PA,ML,,Compagnie Générale des Établissements Michelin,equity,Cboe Europe,1824,1303,521,0.0,0.0,4.929961204528809,True,True,True,True,True
EQHbfa6f9b624b351df,NCLH,NCLH,,Norwegian Cruise Line Holdings Ltd,equity,NYSE,1824,1303,521,0.0,0.0,0.19836784899234772,True,True,True,True,True
EQHbfec5e905da47f16,KBH,KBH,,KB Home,equity,NYSE,1824,1303,521,0.0,0.0,0.16517220437526703,True,True,True,True,True
EQHc0584bfe1e98cb0a,OLN,OLN,,Olin Corporation,equity,NYSE,1824,1303,521,0.0,0.0,0.22383083403110504,True,True,True,True,True
EQHc067e35c472ca2ed,BURL,BURL,,Burlington Stores Inc.,equity,NYSE,1824,1303,521,0.0,0.0,0.20737320184707642,True,True,True,True,True
EQHc072dd5c92ebfbd0,ZBRA,ZBRA,,Zebra Technologies Corp.,equity,NASDAQ,1824,1303,521,0.0,0.0,0.17271719872951508,True,True,True,True,True
EQHc09ddce69cf2caf4,WOOD,WOOD,,iShares Global Timber & Forestry ETF,equity,NASDAQ,1824,1303,521,0.0,0.0,0.07389603555202484,True,True,True,True,True
EQHc14e33a701236bde,PBF,PBF,,PBF Energy Inc,equity,NYSE,1824,1303,521,0.0,0.0,0.1864921748638153,True,True,True,True,True
EQHc1f4ad95ccf23f3f,KMPR,KMPR,,Kemper Corp.,equity,NYSE,1824,1303,521,0.0,0.0,0.212554931640625,True,True,True,True,True
EQHc25015b9f31c976e,ACM,ACM,,AECOM,equity,NYSE,1824,1303,521,0.0,0.0,0.12797635793685913,True,True,True,True,True
EQHc25ab54246a4961f,QBTS,QBTS,,D-Wave Quantum Inc.,equity,NASDAQ,1824,1303,521,0.0,0.0,1.1074379682540894,True,True,True,True,True
EQHc26641ee30f79fe2,TFII,TFII,,TFI International Inc.,equity,NYSE,1824,1303,521,0.0,0.0,1.8475428819656372,True,True,True,True,True
EQHc280c32284c331da,LITE,LITE,,Lumentum Holdings Inc.,equity,NASDAQ,1824,1303,521,0.0,0.0,0.23566573858261108,True,True,True,True,True
EQHc2e4023267b84e1a,SYK,SYK,,Stryker Corp.,equity,NYSE,1824,1303,521,0.0,0.0,0.9998369812965393,True,True,True,True,True
EQHc3ebdc6cd67ff500,AIXA.DE,AIXA,,AIXTRON SE,equity,Cboe Europe,1824,1303,521,0.0,0.0,4.085498809814453,True,True,True,True,True
EQHc43409dc542df7da,GFINBURO.MX,GFINBURO,,Grupo Financiero Inbursa,equity,BMV,1824,1303,521,0.0,0.0,9.25528335571289,True,True,True,True,True
EQHc46f39e59477ab92,MSTR,MSTR,,MicroStrategy Incorporated,equity,NASDAQ,1824,1303,521,0.0,0.0,0.2645680010318756,True,True,True,True,True
EQHc4d40abe7f207861,FNV,FNV,,Franco Nevada Corp,equity,NYSE,1824,1303,521,0.0,0.0,0.08631548285484314,True,True,True,True,True
EQHc53fbda388f5a34f,ONC,ONC,,BeiGene Ltd.,equity,NASDAQ,1824,1303,521,0.0,0.0,0.2512284815311432,True,True,True,True,True
EQHc57b48d59b7165d2,WRT1V.HE,WRT1V,,Wartsila Oyj Abp,equity,Cboe Europe,1824,1303,521,0.0,0.0,4.053975582122803,True,True,True,True,True
EQHc63caecd3455c630,RRX,RRX,,Regal Rexnord Corp.,equity,NYSE,1824,1303,521,0.0,0.0,0.1576010286808014,True,True,True,True,True
EQHc6615f03925a96f7,TDY,TDY,,Teledyne Technologies Incorporated,equity,NYSE,1824,1303,521,0.0,0.0,0.10946788638830185,True,True,True,True,True
EQHc66ad2f7d2a1cd58,RIO,RIO,,Rio Tinto PLC,equity,NYSE,1824,1303,521,0.0,0.0,0.10033953934907913,True,True,True,True,True
EQHc68b4ba911b29635,WEC,WEC,,WEC Energy Group Inc.,equity,NYSE,1824,1303,521,0.0,0.0,0.05052332207560539,True,True,True,True,True
EQHc73d041690de84f5,F,F,,Ford Motor Co,equity,NYSE,1824,1303,521,0.0,0.0,0.18361371755599976,True,True,True,True,True
EQHc76dd50a9d225316,THG,THG,,Hanover Insurance Group Inc.,equity,NYSE,1824,1303,521,0.0,0.0,0.08746746182441711,True,True,True,True,True
EQHc77aae26ae69abf0,GNRC,GNRC,,Generac Holdings Inc.,equity,NYSE,1824,1303,521,0.0,0.0,0.2534181773662567,True,True,True,True,True
EQHc787c13efce6ae17,PAAS,PAAS,,Pan American Silver Corp.,equity,NYSE,1824,1303,521,0.0,0.0,0.161337748169899,True,True,True,True,True
EQHc78ecf956cd305b9,TEX,TEX,,Terex Corporation,equity,NYSE,1824,1303,521,0.0,0.0,0.5188581943511963,True,True,True,True,True
EQHc832bb2c93a60a68,ISP.MI,ISP,,Intesa Sanpaolo S.p.A.,equity,Cboe Europe,1824,1303,521,0.0,0.0,4.080782413482666,True,True,True,True,True
EQHc84a320a2f8c6c71,XLP,XLP,,Consumer Staples Select Sector SPDR Fund,equity,NYSE,1824,1303,521,0.0,0.0,2.6229617595672607,True,True,True,True,True
EQHc8586119c87986d6,ESTC,ESTC,,Elastic NV,equity,NYSE,1824,1303,521,0.0,0.0,0.3713289797306061,True,True,True,True,True
EQHc910a8fac40775d2,ORA,ORA,,Ormat Technologies Inc.,equity,NYSE,1824,1303,521,0.0,0.0,0.10521306097507477,True,True,True,True,True
EQHc9a23c84f9e0b5b3,WYNN,WYNN,,Wynn Resorts Ltd.,equity,NASDAQ,1824,1303,521,0.0,0.0,0.14720119535923004,True,True,True,True,True
EQHca07bf5e50c30f93,TTD,TTD,,Trade Desk Inc.,equity,NASDAQ,1824,1303,521,0.0,0.0,0.38605231046676636,True,True,True,True,True
EQHca707f2a2b647c9c,CP,CP,,Canadian Pacific Kansas City Ltd,equity,NYSE,1824,1303,521,0.0,0.0,0.08979891240596771,True,True,True,True,True
EQHcad3e5cb969b569d,MBG.DE,MBG,,Mercedes-Benz Group AG,equity,Cboe Europe,1824,1303,521,0.0,0.0,4.096107482910156,True,True,True,True,True
EQHcad6baf3ee1fabab,GBTC,GBTC,,Grayscale Bitcoin Trust (BTC),equity,NYSE,1824,1303,521,0.0,0.0,0.242736354470253,True,True,True,True,True
EQHcad8a6e669f3b657,SLAB,SLAB,,Silicon Laboratories Inc.,equity,NASDAQ,1824,1303,521,0.0,0.0,0.18855738639831543,True,True,True,True,True
EQHcb1fae09c1ba33e6,ENOV,ENOV,,Enovis Corp.,equity,NYSE,1824,1303,521,0.0,0.0,0.14808812737464905,True,True,True,True,True
EQHcb923bdf44958494,SU,SU,,Schneider Electric SE,equity,Cboe Europe,1824,1303,521,0.0,0.0,0.13193531334400177,True,True,True,True,True
EQHcbf06d9dc587b847,AXP,AXP,,American Express Co,equity,NYSE,1824,1303,521,0.0,0.0,0.133843332529068,True,True,True,True,True
EQHccb86e1b37fe054a,DOV,DOV,,Dover Corp.,equity,NYSE,1824,1303,521,0.0,0.0,0.09739308804273605,True,True,True,True,True
EQHccee31e9ed0443c2,KO,KO,,Coca-Cola Co,equity,NYSE,1824,1303,521,0.0,0.0,1.025766134262085,True,True,True,True,True
EQHcd3724bf522fa485,BIM.PA,BIM,,BioMerieux SA,equity,Cboe Europe,1824,1303,521,0.0,0.0,4.086987018585205,True,True,True,True,True
EQHcd60fd8acc88683f,GPN,GPN,,Global Payments Inc.,equity,NYSE,1824,1303,521,0.0,0.0,0.17427481710910797,True,True,True,True,True
EQHcd99f964337c285d,DOCU,DOCU,,DocuSign Inc.,equity,NASDAQ,1824,1303,521,0.0,0.0,0.42224791646003723,True,True,True,True,True
EQHcda4da85787245aa,EQR,EQR,,Equity Residential,equity,NYSE,1824,1303,521,0.0,0.0,0.08152707666158676,True,True,True,True,True
EQHcdf9e41fd8cf112e,GT,GT,,Goodyear Tire & Rubber Co.,equity,NASDAQ,1824,1303,521,0.0,0.0,0.2741490304470062,True,True,True,True,True
EQHce6ac91943cb851d,ATHM,ATHM,,Autohome Inc.,equity,NYSE,1824,1303,521,0.0,0.0,0.24779123067855835,True,True,True,True,True
EQHce733ef4c286e8d3,CVBF,CVBF,,CVB Financial Corp.,equity,NASDAQ,1824,1303,521,0.0,0.0,0.17141367495059967,True,True,True,True,True
EQHce7adf16a31701c8,T,T,,AT&T Inc.,equity,NYSE,1824,1303,521,0.0,0.0,0.10406094789505005,True,True,True,True,True
EQHceb1b9c7f9a61b80,AU,AU,,AngloGold Ashanti Limited,equity,NYSE,1824,1303,521,0.0,0.0,0.15484891831874847,True,True,True,True,True
EQHcfd624771b40ddaf,VAC,VAC,,Marriott Vacations Worldwide Corp,equity,NYSE,1824,1303,521,0.0,0.0,0.2640106678009033,True,True,True,True,True
EQHcfd9e613dc843a1d,TSCO,TSCO,,Tractor Supply Co,equity,NASDAQ,1824,1303,521,0.0,0.0,0.12518063187599182,True,True,True,True,True
EQHd09c2a117bb8de20,NOMD,NOMD,,Nomad Foods Ltd,equity,NYSE,1824,1303,521,0.0,0.0,0.14115190505981445,True,True,True,True,True
EQHd0ece1cd3b004459,PSTG,PSTG,,Pure Storage Inc,equity,NYSE,1824,1303,521,0.0,0.0,0.32336509227752686,True,True,True,True,True
EQHd0fd6df30a735f06,MXL,MXL,,Maxlinear Inc.,equity,NASDAQ,1824,1303,521,0.0,0.0,0.565977156162262,True,True,True,True,True
EQHd1394f6c837540e6,EVK.DE,EVK,,Evonik Industries AG,equity,Cboe Europe,1824,1303,521,0.0,0.0,4.090557098388672,True,True,True,True,True
EQHd30ed06d4d865cc2,WRB,WRB,,W R Berkley Corp.,equity,NYSE,1824,1303,521,0.0,0.0,0.09217177331447601,True,True,True,True,True
EQHd423bad76140759f,WDC,WDC,,Western Digital Corp,equity,NASDAQ,1824,1303,521,0.0,0.0,0.18262314796447754,True,True,True,True,True
EQHd491d3c90f3be544,ALSEA.MX,ALSEA,,Alsea,equity,BMV,1824,1303,521,0.0,0.0,9.270333290100098,True,True,True,True,True
EQHd499210a1ca31294,ARKK,ARKK,,ARK Innovation ETF,equity,NYSE,1824,1303,521,0.0,0.0,0.16637872159481049,True,True,True,True,True
EQHd4e3f4ff32cb7f77,URI,URI,,United Rentals Inc.,equity,NYSE,1824,1303,521,0.0,0.0,0.20635400712490082,True,True,True,True,True
EQHd4f270afcc0f7ebe,OMC,OMC,,Omnicom Group Inc.,equity,NYSE,1824,1303,521,0.0,0.0,0.14191564917564392,True,True,True,True,True
EQHd5db961edd5024f8,MRK,MRK,,Merck & Co Inc.,equity,NYSE,1824,1303,521,0.0,0.0,0.09863041341304779,True,True,True,True,True
EQHd5ebee995767931f,SCI,SCI,,Service Corporation International,equity,NYSE,1824,1303,521,0.0,0.0,0.5072388648986816,True,True,True,True,True
EQHd91b975a08f2ee12,GE,GE,,GE Aerospace,equity,NYSE,1824,1303,521,0.0,0.0,3.341510772705078,True,True,True,True,True
EQHda1e3541cb8f3316,FOXA,FOXA,,Fox Corporation,equity,NASDAQ,1824,1303,521,0.0,0.0,0.1844194382429123,True,True,True,True,True
EQHda60c6ed892a11bb,WFC,WFC,,Wells Fargo & Co,equity,NYSE,1824,1303,521,0.0,0.0,0.5315727591514587,True,True,True,True,True
EQHda7641aea17f6a4b,MSM,MSM,,MSC Industrial Direct Co Inc.,equity,NYSE,1824,1303,521,0.0,0.0,0.10418146103620529,True,True,True,True,True
EQHdb7aee8af0868213,TRV,TRV,,Travelers Companies Inc.,equity,NYSE,1824,1303,521,0.0,0.0,1.0046426057815552,True,True,True,True,True
EQHdbf854545ed9e4de,INTU,INTU,,Intuit Inc.,equity,NASDAQ,1824,1303,521,0.0,0.0,0.22338446974754333,True,True,True,True,True
EQHdd0509e0d126ae47,VIS,VIS,,Viscofan SA,equity,Cboe Europe,1824,1303,521,0.0,0.0,0.0925285592675209,True,True,True,True,True
EQHdd228ec55bb383d5,VCIT,VCIT,,Vanguard Intermediate-Term Corporate Bond Index,equity,NASDAQ,1824,1303,521,0.0,0.0,0.026400266215205193,True,True,True,True,True
EQHdd46949cc4d438bf,EEFT,EEFT,,Euronet Worldwide Inc,equity,NASDAQ,1824,1303,521,0.0,0.0,0.1997775435447693,True,True,True,True,True
EQHdd5e34152649a5ee,VIV,VIV,,Telefonica Brasil SA,equity,NYSE,1824,1303,521,0.0,0.0,0.08111703395843506,True,True,True,True,True
EQHdd7bae5f7e7efc32,WEGE3.SA,WEGE3,,WEG S.A.,equity,B3,1824,1303,521,0.0,0.0,0.1103363186120987,True,True,True,True,True
EQHddc2e6e74e7ef037,NEM,NEM,,Newmont Corporation,equity,NYSE,1824,1303,521,0.0,0.0,0.1470385044813156,True,True,True,True,True
EQHddd0ab62ef064444,PE&OLES.MX,PE&OLES,,Industrias Penoles,equity,BMV,1824,1303,521,0.0,0.0,11.030150413513184,True,True,True,True,True
EQHddd433bc4d4058f7,KBR,KBR,,KBR Inc.,equity,NYSE,1824,1303,521,0.0,0.0,0.14020290970802307,True,True,True,True,True
EQHddecb974974e5f03,FIS,FIS,,Fidelity National Information Servcs Inc.,equity,NYSE,1824,1303,521,0.0,0.0,0.2804833650588989,True,True,True,True,True
EQHdf42fb36dc6ea684,JPM,JPM,,JPMorgan Chase & Co,equity,NYSE,1824,1303,521,0.0,0.0,0.11544539779424667,True,True,True,True,True
EQHdf9a7366e31d8493,MORN,MORN,,Morningstar Inc.,equity,NASDAQ,1824,1303,521,0.0,0.0,0.8547933101654053,True,True,True,True,True
EQHe0851e0d41d6acc2,BKNG,BKNG,,Booking Holdings Inc.,equity,NASDAQ,1824,1303,521,0.0,0.0,3.2133076190948486,True,True,True,True,True
EQHe0a28a5391d00944,HUM,HUM,,Humana Inc.,equity,NYSE,1824,1303,521,0.0,0.0,0.19371241331100464,True,True,True,True,True
EQHe13e265e1ec85870,SFM,SFM,,Sprouts Farmers Market Inc.,equity,NASDAQ,1824,1303,521,0.0,0.0,1.4833204746246338,True,True,True,True,True
EQHe1873683b939419e,PENN,PENN,,PENN Entertainment Inc.,equity,NASDAQ,1824,1303,521,0.0,0.0,0.21077960729599,True,True,True,True,True
EQHe1a7f8ab6fcf8e07,DLB,DLB,,Dolby Laboratories Inc,equity,NYSE,1824,1303,521,0.0,0.0,0.1561134159564972,True,True,True,True,True
EQHe343a3abe9515c8d,ILMN,ILMN,,Illumina Inc.,equity,NASDAQ,1824,1303,521,0.0,0.0,0.24775274097919464,True,True,True,True,True
EQHe359f5b9ef328a60,UN0.DE,UN01,,Uniper SE,equity,Cboe Europe,1824,1303,521,0.0,0.0,4.0940117835998535,True,True,True,True,True
EQHe3932cdcd845f9cc,SAMPO.HE,SAMPO,,Sampo Oyj,equity,Cboe Europe,1824,1303,521,0.0,0.0,4.0848774909973145,True,True,True,True,True
EQHe3b8b64d743578f8,BBDC4.SA,BBDC4,,Banco Bradesco SA,equity,B3,1824,1303,521,0.0,0.0,0.17218400537967682,True,True,True,True,True
EQHe3d34466d9832ae7,UTHR,UTHR,,United Therapeutics Corporation,equity,NASDAQ,1824,1303,521,0.0,0.0,0.32829105854034424,True,True,True,True,True
EQHe3d5c3df00dd7bfe,XYL,XYL,,Xylem Inc,equity,NYSE,1824,1303,521,0.0,0.0,1.6056263446807861,True,True,True,True,True
EQHe415f91e11c47ac6,LNG,LNG,,Cheniere Energy Inc.,equity,NYSE,1824,1303,521,0.0,0.0,0.10369428992271423,True,True,True,True,True
EQHe42ec253064a85da,SAN.PA,SAN,,Sanofi S.A.,equity,Cboe Europe,1824,1303,521,0.0,0.0,4.087802886962891,True,True,True,True,True
EQHe441e8ee6e4a59f2,SHY,SHY,,iShare 1-3 Year Treasury Bond ETF,equity,NASDAQ,1824,1303,521,0.0,0.0,0.009973944164812565,True,True,True,True,True
EQHe49361780e52577c,HCA,HCA,,HCA Healthcare Inc.,equity,NYSE,1824,1303,521,0.0,0.0,0.2182304710149765,True,True,True,True,True
EQHe5527271563f7f27,ADNT,ADNT,,Adient PLC,equity,NYSE,1824,1303,521,0.0,0.0,0.1671529859304428,True,True,True,True,True
EQHe5a4cc6440112ce4,CS.PA,CS,,AXA S.A.,equity,Cboe Europe,1824,1303,521,0.0,0.0,4.095338344573975,True,True,True,True,True
EQHe5bcf5f739271e86,BFH,BFH,,Bread Financial Holdings Inc.,equity,NYSE,1824,1303,521,0.0,0.0,0.18972696363925934,True,True,True,True,True
EQHe6175a2b52ac7649,CF,CF,,CF Industries Holdings Inc.,equity,NYSE,1824,1303,521,0.0,0.0,0.12408041954040527,True,True,True,True,True
EQHe874aca04f607837,EUR-USD,EUR-USD,,Euro US Dollar,fx,Forex,1824,1303,521,0.0,0.0,0.027919435873627663,True,True,True,True,True
EQHe87d83aaacebbf1c,IDCC,IDCC,,InterDigital Inc.,equity,NASDAQ,1824,1303,521,0.0,0.0,5.502588748931885,True,True,True,True,True
EQHe93aee68b654332f,MC,MC,,Moelis & Co,equity,NYSE,1824,1303,521,0.0,0.0,0.18367648124694824,True,True,True,True,True
EQHea55c75781231f11,VMC,VMC,,Vulcan Materials Company,equity,NYSE,1824,1303,521,0.0,0.0,0.06920719891786575,True,True,True,True,True
EQHeabd40fcde76b30b,NGVT,NGVT,,Ingevity Corp.,equity,NYSE,1824,1303,521,0.0,0.0,0.21321916580200195,True,True,True,True,True
EQHebf81e98c4604e88,CPAY,CPAY,,Corpay Inc.,equity,NYSE,1824,1303,521,0.0,0.0,0.13706852495670319,True,True,True,True,True
EQHec5aa7d1c500a38d,HNR1.DE,HNR1,,Hannover Rück SE,equity,Cboe Europe,1824,1303,521,0.0,0.0,4.931577205657959,True,True,True,True,True
EQHee35b1d3be0ccaa5,QUBT,QUBT,,Quantum Computing Inc.,equity,NASDAQ,1824,1303,521,0.0,0.0,0.9275363087654114,True,True,True,True,True
EQHeec2a0729b3e80a6,WEX,WEX,,WEX Inc,equity,NYSE,1824,1303,521,0.0,0.0,0.18658317625522614,True,True,True,True,True
EQHf03a006529ed2ef4,MTB,MTB,,M&t Bank Corp,equity,NYSE,1824,1303,521,0.0,0.0,0.13888880610466003,True,True,True,True,True
EQHf0d57047e3637b85,ENG.MC,ENG,,Enagas SA,equity,Cboe Europe,1824,1303,521,0.0,0.0,4.9251179695129395,True,True,True,True,True
EQHf16c60f67e8d4bc3,BOSS.DE,BOSS,,Hugo Boss AG,equity,Cboe Europe,1824,1303,521,0.0,0.0,4.074730396270752,True,True,True,True,True
EQHf24e66e4baa5d16d,ENSG,ENSG,,Ensign Group Inc.,equity,NASDAQ,1824,1303,521,0.0,0.0,0.10007210820913315,True,True,True,True,True
EQHf47a8b96b6e2cdc4,ES,ES,,Eversource Energy,equity,NYSE,1824,1303,521,0.0,0.0,0.12449690699577332,True,True,True,True,True
EQHf4e85a336e18c6b4,SLCE3.SA,SLCE3,,SLC Agrícola S.A.,equity,B3,1824,1303,521,0.0,0.0,0.14142031967639923,True,True,True,True,True
EQHf5413ad91eec3c4c,AYI,AYI,,Acuity Brands Inc.,equity,NYSE,1824,1303,521,0.0,0.0,0.16242565214633942,True,True,True,True,True
EQHf78912709c837f70,W,W,,Wayfair Inc.,equity,NYSE,1824,1303,521,0.0,0.0,0.2799999713897705,True,True,True,True,True
EQHf7a5f6582adc46cd,CPRT,CPRT,,Copart Inc.,equity,NASDAQ,1824,1303,521,0.0,0.0,0.11523246765136719,True,True,True,True,True
EQHfab4aaf37d935518,SHA0.DE,SHA,,Schaeffler AG,equity,Cboe Europe,1824,1303,521,0.0,0.0,4.072986602783203,True,True,True,True,True
EQHfc25861fc9f415d2,GALP.LS,GALP,,GALP Energia SGPS SA,equity,Cboe Europe,1824,1303,521,0.0,0.0,4.102268695831299,True,True,True,True,True
EQHfc965c253937b8e7,DCI,DCI,,Donaldson Company Inc,equity,NYSE,1824,1303,521,0.0,0.0,0.08675295114517212,True,True,True,True,True
