as_of,ticker,yahoo_ticker,reason,error,asset_class,role,region,currency,quoteType,yahoo_ok,classification,suggested_action,suggested_yahoo_ticker,confidence,why
2026-08-10,TON-USD,TON11419-USD,empty,"no_ohlcv_from_yahoo. meta={'currency': 'USD', 'exchange': 'CCC', 'quoteType': 'CRYPTOCURRENCY'}",crypto,crypto,Binance,USD,CRYPTOCURRENCY,True,OVERRIDE,no-op (already overridden to TON11419-USD),TON11419-USD,HIGH,ticker has locked yahoo_ticker in universe_overrides.csv
2026-08-10,MRK,MRK.DE,fail,yfinance_error[MRK.DE] YFPricesMissingError('$MRK.DE: possibly delisted; no price data found  (1d 2026-08-08 -> 2026-08-10)'),equity,stock,NYSE,USD,EQUITY,True,OVERRIDE,no-op (already overridden to MRK),MRK,HIGH,ticker has locked yahoo_ticker in universe_overrides.csv
2026-08-10,KRN,KRN.DE,fail,yfinance_error[KRN.DE] YFPricesMissingError('$KRN.DE: possibly delisted; no price data found  (1d 2026-08-08 -> 2026-08-10)'),equity,stock,Cboe Europe,EUR,EQUITY,True,INVESTIGATE,inspect reason/error; decide override or exclusion,,LOW,reason=fail; error=yfinance_error[KRN.DE] YFPricesMissingError('$KRN.DE: possibly delisted; no price data found  (1d 2026-08-08 -> 2026-08-10)')
2026-08-10,CAP,CAP.PA,fail,yfinance_error[CAP.PA] YFPricesMissingError('$CAP.PA: possibly delisted; no price data found  (1d 2026-08-08 -> 2026-08-10)'),equity,stock,Cboe Europe,EUR,EQUITY,True,INVESTIGATE,inspect reason/error; decide override or exclusion,,LOW,reason=fail; error=yfinance_error[CAP.PA] YFPricesMissingError('$CAP.PA: possibly delisted; no price data found  (1d 2026-08-08 -> 2026-08-10)')
2026-08-10,GBLB,GBLB.BR,fail,yfinance_error[GBLB.BR] YFPricesMissingError('$GBLB.BR: possibly delisted; no price data found  (1d 2026-08-08 -> 2026-08-10)'),equity,stock,Cboe Europe,EUR,EQUITY,True,INVESTIGATE,inspect reason/error; decide override or exclusion,,LOW,reason=fail; error=yfinance_error[GBLB.BR] YFPricesMissingError('$GBLB.BR: possibly delisted; no price data found  (1d 2026-08-08 -> 2026-08-10)')
2026-08-10,IAC,IAC,fail,"yfinance_error[IAC] YFPricesMissingError('$IAC: possibly delisted; no price data found  (1d 2026-08-08 -> 2026-08-10) (Yahoo error = ""No data found, symbol may be delisted"")')",equity,stock,NASDAQ,NAN,NAN,False,INVESTIGATE,inspect reason/error; decide override or exclusion,,LOW,"reason=fail; error=yfinance_error[IAC] YFPricesMissingError('$IAC: possibly delisted; no price data found  (1d 2026-08-08 -> 2026-08-10) (Yahoo error = ""No data found, symbol may "
2026-08-10,DEC,DEC.PA,fail,yfinance_error[DEC.PA] YFPricesMissingError('$DEC.PA: possibly delisted; no price data found  (1d 2026-08-08 -> 2026-08-10)'),equity,stock,Cboe Europe,EUR,EQUITY,True,OVERRIDE,no-op (already overridden to DEC.PA),DEC.PA,HIGH,ticker has locked yahoo_ticker in universe_overrides.csv
2026-08-10,OLPX,OLPX,fail,yfinance_error[OLPX] YFPricesMissingError('$OLPX: possibly delisted; no price data found  (1d 2026-07-31 -> 2026-08-10)'),equity,stock,NASDAQ,USD,EQUITY,True,INVESTIGATE,inspect reason/error; decide override or exclusion,,LOW,reason=fail; error=yfinance_error[OLPX] YFPricesMissingError('$OLPX: possibly delisted; no price data found  (1d 2026-07-31 -> 2026-08-10)')
2026-08-10,KER,KER.PA,fail,yfinance_error[KER.PA] YFPricesMissingError('$KER.PA: possibly delisted; no price data found  (1d 2026-08-08 -> 2026-08-10)'),equity,stock,Cboe Europe,EUR,EQUITY,True,INVESTIGATE,inspect reason/error; decide override or exclusion,,LOW,reason=fail; error=yfinance_error[KER.PA] YFPricesMissingError('$KER.PA: possibly delisted; no price data found  (1d 2026-08-08 -> 2026-08-10)')
2026-08-10,VNA,VNA.DE,fail,yfinance_error[VNA.DE] YFPricesMissingError('$VNA.DE: possibly delisted; no price data found  (1d 2026-08-08 -> 2026-08-10)'),equity,stock,Cboe Europe,EUR,EQUITY,True,INVESTIGATE,inspect reason/error; decide override or exclusion,,LOW,reason=fail; error=yfinance_error[VNA.DE] YFPricesMissingError('$VNA.DE: possibly delisted; no price data found  (1d 2026-08-08 -> 2026-08-10)')
2026-08-10,TPRO,TPRO.MI,fail,yfinance_error[TPRO.MI] YFPricesMissingError('$TPRO.MI: possibly delisted; no price data found  (1d 2026-08-08 -> 2026-08-10)'),equity,stock,Cboe Europe,EUR,EQUITY,True,INVESTIGATE,inspect reason/error; decide override or exclusion,,LOW,reason=fail; error=yfinance_error[TPRO.MI] YFPricesMissingError('$TPRO.MI: possibly delisted; no price data found  (1d 2026-08-08 -> 2026-08-10)')
2026-08-10,WKL,WKL.AS,fail,yfinance_error[WKL.AS] YFPricesMissingError('$WKL.AS: possibly delisted; no price data found  (1d 2026-08-08 -> 2026-08-10)'),equity,stock,Cboe Europe,EUR,EQUITY,True,INVESTIGATE,inspect reason/error; decide override or exclusion,,LOW,reason=fail; error=yfinance_error[WKL.AS] YFPricesMissingError('$WKL.AS: possibly delisted; no price data found  (1d 2026-08-08 -> 2026-08-10)')
2026-08-10,BVI,BVI.PA,fail,yfinance_error[BVI.PA] YFPricesMissingError('$BVI.PA: possibly delisted; no price data found  (1d 2026-08-08 -> 2026-08-10)'),equity,stock,Cboe Europe,EUR,EQUITY,True,INVESTIGATE,inspect reason/error; decide override or exclusion,,LOW,reason=fail; error=yfinance_error[BVI.PA] YFPricesMissingError('$BVI.PA: possibly delisted; no price data found  (1d 2026-08-08 -> 2026-08-10)')
2026-08-10,AF,AF.PA,fail,yfinance_error[AF.PA] YFPricesMissingError('$AF.PA: possibly delisted; no price data found  (1d 2026-08-08 -> 2026-08-10)'),equity,stock,Cboe Europe,EUR,EQUITY,True,INVESTIGATE,inspect reason/error; decide override or exclusion,,LOW,reason=fail; error=yfinance_error[AF.PA] YFPricesMissingError('$AF.PA: possibly delisted; no price data found  (1d 2026-08-08 -> 2026-08-10)')
2026-08-10,BAS,BAS.DE,fail,yfinance_error[BAS.DE] YFPricesMissingError('$BAS.DE: possibly delisted; no price data found  (1d 2026-08-08 -> 2026-08-10)'),equity,stock,Cboe Europe,EUR,EQUITY,True,INVESTIGATE,inspect reason/error; decide override or exclusion,,LOW,reason=fail; error=yfinance_error[BAS.DE] YFPricesMissingError('$BAS.DE: possibly delisted; no price data found  (1d 2026-08-08 -> 2026-08-10)')
2026-08-10,HO,HO.PA,fail,yfinance_error[HO.PA] YFPricesMissingError('$HO.PA: possibly delisted; no price data found  (1d 2026-08-08 -> 2026-08-10)'),equity,stock,Cboe Europe,EUR,EQUITY,True,INVESTIGATE,inspect reason/error; decide override or exclusion,,LOW,reason=fail; error=yfinance_error[HO.PA] YFPricesMissingError('$HO.PA: possibly delisted; no price data found  (1d 2026-08-08 -> 2026-08-10)')
2026-08-10,CLNX,CLNX.MC,fail,yfinance_error[CLNX.MC] YFPricesMissingError('$CLNX.MC: possibly delisted; no price data found  (1d 2026-08-08 -> 2026-08-10)'),equity,stock,Cboe Europe,EUR,EQUITY,True,INVESTIGATE,inspect reason/error; decide override or exclusion,,LOW,reason=fail; error=yfinance_error[CLNX.MC] YFPricesMissingError('$CLNX.MC: possibly delisted; no price data found  (1d 2026-08-08 -> 2026-08-10)')
2026-08-10,BN,BN.PA,fail,yfinance_error[BN.PA] YFPricesMissingError('$BN.PA: possibly delisted; no price data found  (1d 2026-08-08 -> 2026-08-10)'),equity,stock,NYSE,USD,EQUITY,True,OVERRIDE,no-op (already overridden to BN.PA),BN.PA,HIGH,ticker has locked yahoo_ticker in universe_overrides.csv
2026-08-10,RWE,RWE.DE,fail,yfinance_error[RWE.DE] YFPricesMissingError('$RWE.DE: possibly delisted; no price data found  (1d 2026-08-08 -> 2026-08-10)'),equity,stock,Cboe Europe,EUR,EQUITY,True,INVESTIGATE,inspect reason/error; decide override or exclusion,,LOW,reason=fail; error=yfinance_error[RWE.DE] YFPricesMissingError('$RWE.DE: possibly delisted; no price data found  (1d 2026-08-08 -> 2026-08-10)')
2026-08-10,FRE,FRE.DE,fail,yfinance_error[FRE.DE] YFPricesMissingError('$FRE.DE: possibly delisted; no price data found  (1d 2026-08-08 -> 2026-08-10)'),equity,stock,Cboe Europe,EUR,EQUITY,True,INVESTIGATE,inspect reason/error; decide override or exclusion,,LOW,reason=fail; error=yfinance_error[FRE.DE] YFPricesMissingError('$FRE.DE: possibly delisted; no price data found  (1d 2026-08-08 -> 2026-08-10)')
2026-08-10,DIE,DIE.BR,fail,yfinance_error[DIE.BR] YFPricesMissingError('$DIE.BR: possibly delisted; no price data found  (1d 2026-08-08 -> 2026-08-10)'),equity,stock,Cboe Europe,EUR,EQUITY,True,INVESTIGATE,inspect reason/error; decide override or exclusion,,LOW,reason=fail; error=yfinance_error[DIE.BR] YFPricesMissingError('$DIE.BR: possibly delisted; no price data found  (1d 2026-08-08 -> 2026-08-10)')
2026-08-10,ITX,ITX.MC,fail,yfinance_error[ITX.MC] YFPricesMissingError('$ITX.MC: possibly delisted; no price data found  (1d 2026-08-08 -> 2026-08-10)'),equity,stock,Cboe Europe,EUR,EQUITY,True,INVESTIGATE,inspect reason/error; decide override or exclusion,,LOW,reason=fail; error=yfinance_error[ITX.MC] YFPricesMissingError('$ITX.MC: possibly delisted; no price data found  (1d 2026-08-08 -> 2026-08-10)')
2026-08-10,BG,BG.VI,fail,yfinance_error[BG.VI] YFPricesMissingError('$BG.VI: possibly delisted; no price data found  (1d 2026-08-08 -> 2026-08-10)'),equity,stock,NYSE,USD,EQUITY,True,OVERRIDE,no-op (already overridden to BG.VI),BG.VI,HIGH,ticker has locked yahoo_ticker in universe_overrides.csv
2026-08-10,OR,OR.PA,fail,yfinance_error[OR.PA] YFPricesMissingError('$OR.PA: possibly delisted; no price data found  (1d 2026-08-08 -> 2026-08-10)'),equity,stock,Cboe Europe,EUR,EQUITY,True,OVERRIDE,no-op (already overridden to OR.PA),OR.PA,HIGH,ticker has locked yahoo_ticker in universe_overrides.csv
2026-08-10,IBE,IBE.MC,fail,yfinance_error[IBE.MC] YFPricesMissingError('$IBE.MC: possibly delisted; no price data found  (1d 2026-08-08 -> 2026-08-10)'),equity,stock,Cboe Europe,EUR,EQUITY,True,INVESTIGATE,inspect reason/error; decide override or exclusion,,LOW,reason=fail; error=yfinance_error[IBE.MC] YFPricesMissingError('$IBE.MC: possibly delisted; no price data found  (1d 2026-08-08 -> 2026-08-10)')
2026-08-10,DBK,DBK.DE,fail,yfinance_error[DBK.DE] YFPricesMissingError('$DBK.DE: possibly delisted; no price data found  (1d 2026-08-08 -> 2026-08-10)'),equity,stock,Cboe Europe,EUR,EQUITY,True,INVESTIGATE,inspect reason/error; decide override or exclusion,,LOW,reason=fail; error=yfinance_error[DBK.DE] YFPricesMissingError('$DBK.DE: possibly delisted; no price data found  (1d 2026-08-08 -> 2026-08-10)')
2026-08-10,ANE,ANE.MC,fail,yfinance_error[ANE.MC] YFPricesMissingError('$ANE.MC: possibly delisted; no price data found  (1d 2026-08-08 -> 2026-08-10)'),equity,stock,Cboe Europe,EUR,EQUITY,True,OVERRIDE,no-op (already overridden to ANE.MC),ANE.MC,HIGH,ticker has locked yahoo_ticker in universe_overrides.csv
2026-08-10,UBI,UBI.PA,fail,yfinance_error[UBI.PA] YFPricesMissingError('$UBI.PA: possibly delisted; no price data found  (1d 2026-08-08 -> 2026-08-10)'),equity,stock,Cboe Europe,EUR,EQUITY,True,INVESTIGATE,inspect reason/error; decide override or exclusion,,LOW,reason=fail; error=yfinance_error[UBI.PA] YFPricesMissingError('$UBI.PA: possibly delisted; no price data found  (1d 2026-08-08 -> 2026-08-10)')
2026-08-10,RUI,RUI.PA,fail,yfinance_error[RUI.PA] YFPricesMissingError('$RUI.PA: possibly delisted; no price data found  (1d 2026-08-08 -> 2026-08-10)'),equity,stock,Cboe Europe,EUR,EQUITY,True,INVESTIGATE,inspect reason/error; decide override or exclusion,,LOW,reason=fail; error=yfinance_error[RUI.PA] YFPricesMissingError('$RUI.PA: possibly delisted; no price data found  (1d 2026-08-08 -> 2026-08-10)')
2026-08-10,LXS,LXS.DE,fail,yfinance_error[LXS.DE] YFPricesMissingError('$LXS.DE: possibly delisted; no price data found  (1d 2026-08-08 -> 2026-08-10)'),equity,stock,Cboe Europe,EUR,EQUITY,True,INVESTIGATE,inspect reason/error; decide override or exclusion,,LOW,reason=fail; error=yfinance_error[LXS.DE] YFPricesMissingError('$LXS.DE: possibly delisted; no price data found  (1d 2026-08-08 -> 2026-08-10)')
2026-08-10,FDR,FDR.MC,fail,yfinance_error[FDR.MC] YFPricesMissingError('$FDR.MC: possibly delisted; no price data found  (1d 2026-08-08 -> 2026-08-10)'),equity,stock,Cboe Europe,EUR,EQUITY,True,INVESTIGATE,inspect reason/error; decide override or exclusion,,LOW,reason=fail; error=yfinance_error[FDR.MC] YFPricesMissingError('$FDR.MC: possibly delisted; no price data found  (1d 2026-08-08 -> 2026-08-10)')
2026-08-10,P911,P911.DE,fail,yfinance_error[P911.DE] YFPricesMissingError('$P911.DE: possibly delisted; no price data found  (1d 2026-08-08 -> 2026-08-10)'),equity,stock,Cboe Europe,EUR,EQUITY,True,INVESTIGATE,inspect reason/error; decide override or exclusion,,LOW,reason=fail; error=yfinance_error[P911.DE] YFPricesMissingError('$P911.DE: possibly delisted; no price data found  (1d 2026-08-08 -> 2026-08-10)')
2026-08-10,EVD,EVD.DE,fail,yfinance_error[EVD.DE] YFPricesMissingError('$EVD.DE: possibly delisted; no price data found  (1d 2026-08-08 -> 2026-08-10)'),equity,stock,Cboe Europe,EUR,EQUITY,True,INVESTIGATE,inspect reason/error; decide override or exclusion,,LOW,reason=fail; error=yfinance_error[EVD.DE] YFPricesMissingError('$EVD.DE: possibly delisted; no price data found  (1d 2026-08-08 -> 2026-08-10)')
2026-08-10,A5G,A5G.IR,fail,yfinance_error[A5G.IR] YFPricesMissingError('$A5G.IR: possibly delisted; no price data found  (1d 2026-08-08 -> 2026-08-10)'),equity,stock,Cboe Europe,EUR,EQUITY,True,OVERRIDE,no-op (already overridden to A5G.IR),A5G.IR,HIGH,ticker has locked yahoo_ticker in universe_overrides.csv
2026-08-10,SW,SW.PA,fail,yfinance_error[SW.PA] YFPricesMissingError('$SW.PA: possibly delisted; no price data found  (1d 2026-08-08 -> 2026-08-10)'),equity,stock,NYSE,USD,EQUITY,True,OVERRIDE,no-op (already overridden to SW.PA),SW.PA,HIGH,ticker has locked yahoo_ticker in universe_overrides.csv
2026-08-10,NEM,NEM.DE,fail,yfinance_error[NEM.DE] YFPricesMissingError('$NEM.DE: possibly delisted; no price data found  (1d 2026-08-08 -> 2026-08-10)'),equity,stock,NYSE,USD,EQUITY,True,OVERRIDE,no-op (already overridden to NEM),NEM,HIGH,ticker has locked yahoo_ticker in universe_overrides.csv
2026-08-10,DWS,DWS.DE,fail,yfinance_error[DWS.DE] YFPricesMissingError('$DWS.DE: possibly delisted; no price data found  (1d 2026-08-08 -> 2026-08-10)'),equity,stock,Cboe Europe,EUR,EQUITY,True,INVESTIGATE,inspect reason/error; decide override or exclusion,,LOW,reason=fail; error=yfinance_error[DWS.DE] YFPricesMissingError('$DWS.DE: possibly delisted; no price data found  (1d 2026-08-08 -> 2026-08-10)')
2026-08-10,VER,VER.VI,fail,yfinance_error[VER.VI] YFPricesMissingError('$VER.VI: possibly delisted; no price data found  (1d 2026-08-08 -> 2026-08-10)'),equity,stock,Cboe Europe,EUR,EQUITY,True,OVERRIDE,no-op (already overridden to VER.VI),VER.VI,HIGH,ticker has locked yahoo_ticker in universe_overrides.csv
2026-08-10,HLAG,HLAG.DE,fail,yfinance_error[HLAG.DE] YFPricesMissingError('$HLAG.DE: possibly delisted; no price data found  (1d 2026-08-08 -> 2026-08-10)'),equity,stock,Cboe Europe,EUR,EQUITY,True,INVESTIGATE,inspect reason/error; decide override or exclusion,,LOW,reason=fail; error=yfinance_error[HLAG.DE] YFPricesMissingError('$HLAG.DE: possibly delisted; no price data found  (1d 2026-08-08 -> 2026-08-10)')
2026-08-10,BC8,BC8.DE,fail,yfinance_error[BC8.DE] YFPricesMissingError('$BC8.DE: possibly delisted; no price data found  (1d 2026-08-08 -> 2026-08-10)'),equity,stock,Cboe Europe,EUR,EQUITY,True,INVESTIGATE,inspect reason/error; decide override or exclusion,,LOW,reason=fail; error=yfinance_error[BC8.DE] YFPricesMissingError('$BC8.DE: possibly delisted; no price data found  (1d 2026-08-08 -> 2026-08-10)')
2026-08-10,DMP,DMP.DE,fail,yfinance_error[DMP.DE] YFPricesMissingError('$DMP.DE: possibly delisted; no price data found  (1d 2026-08-08 -> 2026-08-10)'),equity,stock,Cboe Europe,EUR,EQUITY,True,INVESTIGATE,inspect reason/error; decide override or exclusion,,LOW,reason=fail; error=yfinance_error[DMP.DE] YFPricesMissingError('$DMP.DE: possibly delisted; no price data found  (1d 2026-08-08 -> 2026-08-10)')
2026-08-10,FNTN,FNTN.DE,fail,yfinance_error[FNTN.DE] YFPricesMissingError('$FNTN.DE: possibly delisted; no price data found  (1d 2026-08-08 -> 2026-08-10)'),equity,stock,Cboe Europe,EUR,EQUITY,True,INVESTIGATE,inspect reason/error; decide override or exclusion,,LOW,reason=fail; error=yfinance_error[FNTN.DE] YFPricesMissingError('$FNTN.DE: possibly delisted; no price data found  (1d 2026-08-08 -> 2026-08-10)')
2026-08-10,TKA,TKA.DE,fail,yfinance_error[TKA.DE] YFPricesMissingError('$TKA.DE: possibly delisted; no price data found  (1d 2026-08-08 -> 2026-08-10)'),equity,stock,Cboe Europe,EUR,EQUITY,True,INVESTIGATE,inspect reason/error; decide override or exclusion,,LOW,reason=fail; error=yfinance_error[TKA.DE] YFPricesMissingError('$TKA.DE: possibly delisted; no price data found  (1d 2026-08-08 -> 2026-08-10)')
2026-08-10,ENX,ENX.PA,fail,yfinance_error[ENX.PA] YFPricesMissingError('$ENX.PA: possibly delisted; no price data found  (1d 2026-08-08 -> 2026-08-10)'),equity,stock,Cboe Europe,EUR,EQUITY,True,INVESTIGATE,inspect reason/error; decide override or exclusion,,LOW,reason=fail; error=yfinance_error[ENX.PA] YFPricesMissingError('$ENX.PA: possibly delisted; no price data found  (1d 2026-08-08 -> 2026-08-10)')
2026-08-10,FGR,FGR.PA,fail,yfinance_error[FGR.PA] YFPricesMissingError('$FGR.PA: possibly delisted; no price data found  (1d 2026-08-08 -> 2026-08-10)'),equity,stock,Cboe Europe,EUR,EQUITY,True,INVESTIGATE,inspect reason/error; decide override or exclusion,,LOW,reason=fail; error=yfinance_error[FGR.PA] YFPricesMissingError('$FGR.PA: possibly delisted; no price data found  (1d 2026-08-08 -> 2026-08-10)')
2026-08-10,BESI,BESI.AS,fail,yfinance_error[BESI.AS] YFPricesMissingError('$BESI.AS: possibly delisted; no price data found  (1d 2026-08-08 -> 2026-08-10)'),equity,stock,Cboe Europe,EUR,EQUITY,True,INVESTIGATE,inspect reason/error; decide override or exclusion,,LOW,reason=fail; error=yfinance_error[BESI.AS] YFPricesMissingError('$BESI.AS: possibly delisted; no price data found  (1d 2026-08-08 -> 2026-08-10)')
2026-08-10,SPIE,SPIE.PA,fail,yfinance_error[SPIE.PA] YFPricesMissingError('$SPIE.PA: possibly delisted; no price data found  (1d 2026-08-08 -> 2026-08-10)'),equity,stock,Cboe Europe,EUR,EQUITY,True,OVERRIDE,no-op (already overridden to SPIE.PA),SPIE.PA,HIGH,ticker has locked yahoo_ticker in universe_overrides.csv
2026-08-10,AOF,AOF.DE,fail,yfinance_error[AOF.DE] YFPricesMissingError('$AOF.DE: possibly delisted; no price data found  (1d 2026-08-08 -> 2026-08-10)'),equity,stock,Cboe Europe,EUR,EQUITY,True,INVESTIGATE,inspect reason/error; decide override or exclusion,,LOW,reason=fail; error=yfinance_error[AOF.DE] YFPricesMissingError('$AOF.DE: possibly delisted; no price data found  (1d 2026-08-08 -> 2026-08-10)')
2026-08-10,LDO,LDO.MI,fail,yfinance_error[LDO.MI] YFPricesMissingError('$LDO.MI: possibly delisted; no price data found  (1d 2026-08-08 -> 2026-08-10)'),equity,stock,Cboe Europe,EUR,EQUITY,True,INVESTIGATE,inspect reason/error; decide override or exclusion,,LOW,reason=fail; error=yfinance_error[LDO.MI] YFPricesMissingError('$LDO.MI: possibly delisted; no price data found  (1d 2026-08-08 -> 2026-08-10)')
2026-08-10,KCR,KCR.HE,fail,yfinance_error[KCR.HE] YFPricesMissingError('$KCR.HE: possibly delisted; no price data found  (1d 2026-08-08 -> 2026-08-10)'),equity,stock,Cboe Europe,EUR,EQUITY,True,INVESTIGATE,inspect reason/error; decide override or exclusion,,LOW,reason=fail; error=yfinance_error[KCR.HE] YFPricesMissingError('$KCR.HE: possibly delisted; no price data found  (1d 2026-08-08 -> 2026-08-10)')
2026-08-10,HFG,HFG.DE,fail,yfinance_error[HFG.DE] YFPricesMissingError('$HFG.DE: possibly delisted; no price data found  (1d 2026-08-08 -> 2026-08-10)'),equity,stock,Cboe Europe,EUR,EQUITY,True,INVESTIGATE,inspect reason/error; decide override or exclusion,,LOW,reason=fail; error=yfinance_error[HFG.DE] YFPricesMissingError('$HFG.DE: possibly delisted; no price data found  (1d 2026-08-08 -> 2026-08-10)')
2026-08-10,VIV,VIV.PA,fail,yfinance_error[VIV.PA] YFPricesMissingError('$VIV.PA: possibly delisted; no price data found  (1d 2026-08-08 -> 2026-08-10)'),equity,stock,NYSE,USD,EQUITY,True,OVERRIDE,no-op (already overridden to VIV),VIV,HIGH,ticker has locked yahoo_ticker in universe_overrides.csv
2026-08-10,FME,FME.DE,fail,yfinance_error[FME.DE] YFPricesMissingError('$FME.DE: possibly delisted; no price data found  (1d 2026-08-08 -> 2026-08-10)'),equity,stock,Cboe Europe,EUR,EQUITY,True,INVESTIGATE,inspect reason/error; decide override or exclusion,,LOW,reason=fail; error=yfinance_error[FME.DE] YFPricesMissingError('$FME.DE: possibly delisted; no price data found  (1d 2026-08-08 -> 2026-08-10)')
2026-08-10,NEX,NEX.PA,fail,yfinance_error[NEX.PA] YFPricesMissingError('$NEX.PA: possibly delisted; no price data found  (1d 2026-08-08 -> 2026-08-10)'),equity,stock,Cboe Europe,EUR,EQUITY,True,INVESTIGATE,inspect reason/error; decide override or exclusion,,LOW,reason=fail; error=yfinance_error[NEX.PA] YFPricesMissingError('$NEX.PA: possibly delisted; no price data found  (1d 2026-08-08 -> 2026-08-10)')
2026-08-10,KPN,KPN.AS,fail,yfinance_error[KPN.AS] YFPricesMissingError('$KPN.AS: possibly delisted; no price data found  (1d 2026-08-08 -> 2026-08-10)'),equity,stock,Cboe Europe,EUR,EQUITY,True,INVESTIGATE,inspect reason/error; decide override or exclusion,,LOW,reason=fail; error=yfinance_error[KPN.AS] YFPricesMissingError('$KPN.AS: possibly delisted; no price data found  (1d 2026-08-08 -> 2026-08-10)')
2026-08-10,UCG,UCG.MI,fail,yfinance_error[UCG.MI] YFPricesMissingError('$UCG.MI: possibly delisted; no price data found  (1d 2026-08-08 -> 2026-08-10)'),equity,stock,Cboe Europe,EUR,EQUITY,True,INVESTIGATE,inspect reason/error; decide override or exclusion,,LOW,reason=fail; error=yfinance_error[UCG.MI] YFPricesMissingError('$UCG.MI: possibly delisted; no price data found  (1d 2026-08-08 -> 2026-08-10)')
2026-08-10,CON,CON.DE,fail,yfinance_error[CON.DE] YFPricesMissingError('$CON.DE: possibly delisted; no price data found  (1d 2026-08-08 -> 2026-08-10)'),equity,stock,NYSE,USD,EQUITY,True,OVERRIDE,no-op (already overridden to CON.DE),CON.DE,HIGH,ticker has locked yahoo_ticker in universe_overrides.csv
2026-08-10,VOW3,VOW3.DE,fail,yfinance_error[VOW3.DE] YFPricesMissingError('$VOW3.DE: possibly delisted; no price data found  (1d 2026-08-08 -> 2026-08-10)'),equity,stock,Cboe Europe,EUR,EQUITY,True,INVESTIGATE,inspect reason/error; decide override or exclusion,,LOW,reason=fail; error=yfinance_error[VOW3.DE] YFPricesMissingError('$VOW3.DE: possibly delisted; no price data found  (1d 2026-08-08 -> 2026-08-10)')
2026-08-10,ACE,ACE.MI,fail,yfinance_error[ACE.MI] YFPricesMissingError('$ACE.MI: possibly delisted; no price data found  (1d 2026-08-08 -> 2026-08-10)'),equity,stock,Cboe Europe,EUR,EQUITY,True,INVESTIGATE,inspect reason/error; decide override or exclusion,,LOW,reason=fail; error=yfinance_error[ACE.MI] YFPricesMissingError('$ACE.MI: possibly delisted; no price data found  (1d 2026-08-08 -> 2026-08-10)')
2026-08-10,HOT,HOT.DE,fail,yfinance_error[HOT.DE] YFPricesMissingError('$HOT.DE: possibly delisted; no price data found  (1d 2026-08-08 -> 2026-08-10)'),equity,stock,Cboe Europe,EUR,EQUITY,True,INVESTIGATE,inspect reason/error; decide override or exclusion,,LOW,reason=fail; error=yfinance_error[HOT.DE] YFPricesMissingError('$HOT.DE: possibly delisted; no price data found  (1d 2026-08-08 -> 2026-08-10)')
2026-08-10,CPR,CPR.MI,fail,yfinance_error[CPR.MI] YFPricesMissingError('$CPR.MI: possibly delisted; no price data found  (1d 2026-08-08 -> 2026-08-10)'),equity,stock,Cboe Europe,EUR,EQUITY,True,INVESTIGATE,inspect reason/error; decide override or exclusion,,LOW,reason=fail; error=yfinance_error[CPR.MI] YFPricesMissingError('$CPR.MI: possibly delisted; no price data found  (1d 2026-08-08 -> 2026-08-10)')
2026-08-10,RRTL,RRTL.DE,fail,yfinance_error[RRTL.DE] YFPricesMissingError('$RRTL.DE: possibly delisted; no price data found  (1d 2026-08-08 -> 2026-08-10)'),equity,stock,Cboe Europe,EUR,EQUITY,True,INVESTIGATE,inspect reason/error; decide override or exclusion,,LOW,reason=fail; error=yfinance_error[RRTL.DE] YFPricesMissingError('$RRTL.DE: possibly delisted; no price data found  (1d 2026-08-08 -> 2026-08-10)')
2026-08-10,ABN,ABN.AS,fail,yfinance_error[ABN.AS] YFPricesMissingError('$ABN.AS: possibly delisted; no price data found  (1d 2026-08-08 -> 2026-08-10)'),equity,stock,Cboe Europe,EUR,EQUITY,True,INVESTIGATE,inspect reason/error; decide override or exclusion,,LOW,reason=fail; error=yfinance_error[ABN.AS] YFPricesMissingError('$ABN.AS: possibly delisted; no price data found  (1d 2026-08-08 -> 2026-08-10)')
2026-08-10,WCH,WCH.DE,fail,yfinance_error[WCH.DE] YFPricesMissingError('$WCH.DE: possibly delisted; no price data found  (1d 2026-08-08 -> 2026-08-10)'),equity,stock,Cboe Europe,EUR,EQUITY,True,INVESTIGATE,inspect reason/error; decide override or exclusion,,LOW,reason=fail; error=yfinance_error[WCH.DE] YFPricesMissingError('$WCH.DE: possibly delisted; no price data found  (1d 2026-08-08 -> 2026-08-10)')
2026-08-10,DB1,DB1.MU,fail,yfinance_error[DB1.MU] YFPricesMissingError('$DB1.MU: possibly delisted; no price data found  (1d 2026-08-08 -> 2026-08-10)'),equity,stock,Cboe Europe,EUR,EQUITY,True,INVESTIGATE,inspect reason/error; decide override or exclusion,,LOW,reason=fail; error=yfinance_error[DB1.MU] YFPricesMissingError('$DB1.MU: possibly delisted; no price data found  (1d 2026-08-08 -> 2026-08-10)')
2026-08-10,IVG,IVG.MI,fail,yfinance_error[IVG.MI] YFPricesMissingError('$IVG.MI: possibly delisted; no price data found  (1d 2026-08-08 -> 2026-08-10)'),equity,stock,Cboe Europe,EUR,EQUITY,True,INVESTIGATE,inspect reason/error; decide override or exclusion,,LOW,reason=fail; error=yfinance_error[IVG.MI] YFPricesMissingError('$IVG.MI: possibly delisted; no price data found  (1d 2026-08-08 -> 2026-08-10)')
2026-08-10,RI,RI.PA,fail,yfinance_error[RI.PA] YFPricesMissingError('$RI.PA: possibly delisted; no price data found  (1d 2026-08-08 -> 2026-08-10)'),equity,stock,Cboe Europe,EUR,EQUITY,True,INVESTIGATE,inspect reason/error; decide override or exclusion,,LOW,reason=fail; error=yfinance_error[RI.PA] YFPricesMissingError('$RI.PA: possibly delisted; no price data found  (1d 2026-08-08 -> 2026-08-10)')
2026-08-10,OCI,OCI.AS,fail,yfinance_error[OCI.AS] YFPricesMissingError('$OCI.AS: possibly delisted; no price data found  (1d 2026-08-08 -> 2026-08-10)'),equity,stock,Cboe Europe,EUR,EQUITY,True,INVESTIGATE,inspect reason/error; decide override or exclusion,,LOW,reason=fail; error=yfinance_error[OCI.AS] YFPricesMissingError('$OCI.AS: possibly delisted; no price data found  (1d 2026-08-08 -> 2026-08-10)')
2026-08-10,KGX,KGX.DE,fail,yfinance_error[KGX.DE] YFPricesMissingError('$KGX.DE: possibly delisted; no price data found  (1d 2026-08-08 -> 2026-08-10)'),equity,stock,Cboe Europe,EUR,EQUITY,True,INVESTIGATE,inspect reason/error; decide override or exclusion,,LOW,reason=fail; error=yfinance_error[KGX.DE] YFPricesMissingError('$KGX.DE: possibly delisted; no price data found  (1d 2026-08-08 -> 2026-08-10)')
2026-08-10,KBC,KBC.BR,fail,yfinance_error[KBC.BR] YFPricesMissingError('$KBC.BR: possibly delisted; no price data found  (1d 2026-08-08 -> 2026-08-10)'),equity,stock,Cboe Europe,EUR,EQUITY,True,INVESTIGATE,inspect reason/error; decide override or exclusion,,LOW,reason=fail; error=yfinance_error[KBC.BR] YFPricesMissingError('$KBC.BR: possibly delisted; no price data found  (1d 2026-08-08 -> 2026-08-10)')
2026-08-10,UMG,UMG.AS,fail,yfinance_error[UMG.AS] YFPricesMissingError('$UMG.AS: possibly delisted; no price data found  (1d 2026-08-08 -> 2026-08-10)'),equity,stock,Cboe Europe,EUR,EQUITY,True,INVESTIGATE,inspect reason/error; decide override or exclusion,,LOW,reason=fail; error=yfinance_error[UMG.AS] YFPricesMissingError('$UMG.AS: possibly delisted; no price data found  (1d 2026-08-08 -> 2026-08-10)')
2026-08-10,LOG,LOG.MC,fail,yfinance_error[LOG.MC] YFPricesMissingError('$LOG.MC: possibly delisted; no price data found  (1d 2026-08-08 -> 2026-08-10)'),equity,stock,Cboe Europe,EUR,EQUITY,True,INVESTIGATE,inspect reason/error; decide override or exclusion,,LOW,reason=fail; error=yfinance_error[LOG.MC] YFPricesMissingError('$LOG.MC: possibly delisted; no price data found  (1d 2026-08-08 -> 2026-08-10)')
2026-08-10,VSCO,VSCO,fail,"yfinance_error[VSCO] YFPricesMissingError('$VSCO: possibly delisted; no price data found  (1d 2026-07-18 -> 2026-08-10) (Yahoo error = ""No data found, symbol may be delisted"")')",equity,stock,NYSE,NAN,NAN,False,OVERRIDE,no-op (already overridden to VSXY),VSXY,HIGH,ticker has locked yahoo_ticker in universe_overrides.csv
2026-08-10,TRN,TRN.MI,fail,yfinance_error[TRN.MI] YFPricesMissingError('$TRN.MI: possibly delisted; no price data found  (1d 2026-08-08 -> 2026-08-10)'),equity,stock,Cboe Europe,EUR,EQUITY,True,OVERRIDE,no-op (already overridden to TRN.MI),TRN.MI,HIGH,ticker has locked yahoo_ticker in universe_overrides.csv
2026-08-10,PRY,PRY.MI,fail,yfinance_error[PRY.MI] YFPricesMissingError('$PRY.MI: possibly delisted; no price data found  (1d 2026-08-08 -> 2026-08-10)'),equity,stock,Cboe Europe,EUR,EQUITY,True,INVESTIGATE,inspect reason/error; decide override or exclusion,,LOW,reason=fail; error=yfinance_error[PRY.MI] YFPricesMissingError('$PRY.MI: possibly delisted; no price data found  (1d 2026-08-08 -> 2026-08-10)')
2026-08-10,PHIA,PHIA.AS,fail,yfinance_error[PHIA.AS] YFPricesMissingError('$PHIA.AS: possibly delisted; no price data found  (1d 2026-08-08 -> 2026-08-10)'),equity,stock,Cboe Europe,EUR,EQUITY,True,INVESTIGATE,inspect reason/error; decide override or exclusion,,LOW,reason=fail; error=yfinance_error[PHIA.AS] YFPricesMissingError('$PHIA.AS: possibly delisted; no price data found  (1d 2026-08-08 -> 2026-08-10)')
2026-08-10,EA,EA,fail,yfinance_error[EA] YFPricesMissingError('$EA: possibly delisted; no price data found  (1d 2026-08-08 -> 2026-08-10)'),equity,stock,NASDAQ,USD,EQUITY,True,INVESTIGATE,inspect reason/error; decide override or exclusion,,LOW,reason=fail; error=yfinance_error[EA] YFPricesMissingError('$EA: possibly delisted; no price data found  (1d 2026-08-08 -> 2026-08-10)')
2026-08-10,PRX,PRX.AS,fail,yfinance_error[PRX.AS] YFPricesMissingError('$PRX.AS: possibly delisted; no price data found  (1d 2026-08-08 -> 2026-08-10)'),equity,stock,Cboe Europe,EUR,EQUITY,True,INVESTIGATE,inspect reason/error; decide override or exclusion,,LOW,reason=fail; error=yfinance_error[PRX.AS] YFPricesMissingError('$PRX.AS: possibly delisted; no price data found  (1d 2026-08-08 -> 2026-08-10)')
2026-08-10,GLPG,GLPG,fail,"yfinance_error[GLPG] YFPricesMissingError('$GLPG: possibly delisted; no price data found  (1d 2026-07-29 -> 2026-08-10) (Yahoo error = ""No data found, symbol may be delisted"")')",equity,stock,Cboe Europe,NAN,NAN,False,INVESTIGATE,inspect reason/error; decide override or exclusion,,LOW,"reason=fail; error=yfinance_error[GLPG] YFPricesMissingError('$GLPG: possibly delisted; no price data found  (1d 2026-07-29 -> 2026-08-10) (Yahoo error = ""No data found, symbol ma"
2026-08-10,REY,REY.MI,fail,yfinance_error[REY.MI] YFPricesMissingError('$REY.MI: possibly delisted; no price data found  (1d 2026-08-08 -> 2026-08-10)'),equity,stock,Cboe Europe,EUR,EQUITY,True,INVESTIGATE,inspect reason/error; decide override or exclusion,,LOW,reason=fail; error=yfinance_error[REY.MI] YFPricesMissingError('$REY.MI: possibly delisted; no price data found  (1d 2026-08-08 -> 2026-08-10)')
2026-08-10,ACX,ACX.MC,fail,yfinance_error[ACX.MC] YFPricesMissingError('$ACX.MC: possibly delisted; no price data found  (1d 2026-08-08 -> 2026-08-10)'),equity,stock,Cboe Europe,EUR,EQUITY,True,INVESTIGATE,inspect reason/error; decide override or exclusion,,LOW,reason=fail; error=yfinance_error[ACX.MC] YFPricesMissingError('$ACX.MC: possibly delisted; no price data found  (1d 2026-08-08 -> 2026-08-10)')
2026-08-10,LI,LI.PA,fail,yfinance_error[LI.PA] YFPricesMissingError('$LI.PA: possibly delisted; no price data found  (1d 2026-08-08 -> 2026-08-10)'),equity,stock,NASDAQ,USD,EQUITY,True,OVERRIDE,no-op (already overridden to LI),LI,HIGH,ticker has locked yahoo_ticker in universe_overrides.csv
2026-08-10,PROX,PROX.BR,fail,yfinance_error[PROX.BR] YFPricesMissingError('$PROX.BR: possibly delisted; no price data found  (1d 2026-08-08 -> 2026-08-10)'),equity,stock,Cboe Europe,EUR,EQUITY,True,INVESTIGATE,inspect reason/error; decide override or exclusion,,LOW,reason=fail; error=yfinance_error[PROX.BR] YFPricesMissingError('$PROX.BR: possibly delisted; no price data found  (1d 2026-08-08 -> 2026-08-10)')
2026-08-10,ATE,ATE.PA,fail,yfinance_error[ATE.PA] YFPricesMissingError('$ATE.PA: possibly delisted; no price data found  (1d 2026-08-08 -> 2026-08-10)'),equity,stock,Cboe Europe,EUR,EQUITY,True,INVESTIGATE,inspect reason/error; decide override or exclusion,,LOW,reason=fail; error=yfinance_error[ATE.PA] YFPricesMissingError('$ATE.PA: possibly delisted; no price data found  (1d 2026-08-08 -> 2026-08-10)')
2026-08-10,RBI,RBI.VI,fail,yfinance_error[RBI.VI] YFPricesMissingError('$RBI.VI: possibly delisted; no price data found  (1d 2026-08-08 -> 2026-08-10)'),equity,stock,Cboe Europe,EUR,EQUITY,True,OVERRIDE,no-op (already overridden to RBI.VI),RBI.VI,HIGH,ticker has locked yahoo_ticker in universe_overrides.csv
2026-08-10,EN,EN.PA,fail,yfinance_error[EN.PA] YFPricesMissingError('$EN.PA: possibly delisted; no price data found  (1d 2026-08-08 -> 2026-08-10)'),equity,stock,Cboe Europe,EUR,EQUITY,True,INVESTIGATE,inspect reason/error; decide override or exclusion,,LOW,reason=fail; error=yfinance_error[EN.PA] YFPricesMissingError('$EN.PA: possibly delisted; no price data found  (1d 2026-08-08 -> 2026-08-10)')
2026-08-10,UQA,UQA.VI,fail,yfinance_error[UQA.VI] YFPricesMissingError('$UQA.VI: possibly delisted; no price data found  (1d 2026-08-08 -> 2026-08-10)'),equity,stock,Cboe Europe,EUR,EQUITY,True,OVERRIDE,no-op (already overridden to UQA.VI),UQA.VI,HIGH,ticker has locked yahoo_ticker in universe_overrides.csv
2026-08-10,ERG,ERG.MI,fail,yfinance_error[ERG.MI] YFPricesMissingError('$ERG.MI: possibly delisted; no price data found  (1d 2026-08-08 -> 2026-08-10)'),equity,stock,Cboe Europe,EUR,EQUITY,True,INVESTIGATE,inspect reason/error; decide override or exclusion,,LOW,reason=fail; error=yfinance_error[ERG.MI] YFPricesMissingError('$ERG.MI: possibly delisted; no price data found  (1d 2026-08-08 -> 2026-08-10)')
2026-08-10,ANA,ANA.MC,fail,yfinance_error[ANA.MC] YFPricesMissingError('$ANA.MC: possibly delisted; no price data found  (1d 2026-08-08 -> 2026-08-10)'),equity,stock,Cboe Europe,EUR,EQUITY,True,INVESTIGATE,inspect reason/error; decide override or exclusion,,LOW,reason=fail; error=yfinance_error[ANA.MC] YFPricesMissingError('$ANA.MC: possibly delisted; no price data found  (1d 2026-08-08 -> 2026-08-10)')
2026-08-10,UNI,UNI.MC,fail,yfinance_error[UNI.MC] YFPricesMissingError('$UNI.MC: possibly delisted; no price data found  (1d 2026-08-08 -> 2026-08-10)'),equity,stock,Cboe Europe,EUR,EQUITY,True,INVESTIGATE,inspect reason/error; decide override or exclusion,,LOW,reason=fail; error=yfinance_error[UNI.MC] YFPricesMissingError('$UNI.MC: possibly delisted; no price data found  (1d 2026-08-08 -> 2026-08-10)')
2026-08-10,SBMO,SBMO.AS,fail,yfinance_error[SBMO.AS] YFPricesMissingError('$SBMO.AS: possibly delisted; no price data found  (1d 2026-08-08 -> 2026-08-10)'),equity,stock,Cboe Europe,EUR,EQUITY,True,INVESTIGATE,inspect reason/error; decide override or exclusion,,LOW,reason=fail; error=yfinance_error[SBMO.AS] YFPricesMissingError('$SBMO.AS: possibly delisted; no price data found  (1d 2026-08-08 -> 2026-08-10)')
2026-08-10,COL,COL.MC,fail,yfinance_error[COL.MC] YFPricesMissingError('$COL.MC: possibly delisted; no price data found  (1d 2026-08-08 -> 2026-08-10)'),equity,stock,Cboe Europe,EUR,EQUITY,True,INVESTIGATE,inspect reason/error; decide override or exclusion,,LOW,reason=fail; error=yfinance_error[COL.MC] YFPricesMissingError('$COL.MC: possibly delisted; no price data found  (1d 2026-08-08 -> 2026-08-10)')
2026-08-10,EXO,EXO.AS,fail,yfinance_error[EXO.AS] YFPricesMissingError('$EXO.AS: possibly delisted; no price data found  (1d 2026-08-08 -> 2026-08-10)'),equity,stock,Cboe Europe,EUR,EQUITY,True,INVESTIGATE,inspect reason/error; decide override or exclusion,,LOW,reason=fail; error=yfinance_error[EXO.AS] YFPricesMissingError('$EXO.AS: possibly delisted; no price data found  (1d 2026-08-08 -> 2026-08-10)')
2026-08-10,TEP,TEP.PA,fail,yfinance_error[TEP.PA] YFPricesMissingError('$TEP.PA: possibly delisted; no price data found  (1d 2026-08-08 -> 2026-08-10)'),equity,stock,Cboe Europe,EUR,EQUITY,True,INVESTIGATE,inspect reason/error; decide override or exclusion,,LOW,reason=fail; error=yfinance_error[TEP.PA] YFPricesMissingError('$TEP.PA: possibly delisted; no price data found  (1d 2026-08-08 -> 2026-08-10)')
2026-08-10,LIGHT,LIGHT.AS,fail,yfinance_error[LIGHT.AS] YFPricesMissingError('$LIGHT.AS: possibly delisted; no price data found  (1d 2026-08-08 -> 2026-08-10)'),equity,stock,Cboe Europe,EUR,EQUITY,True,INVESTIGATE,inspect reason/error; decide override or exclusion,,LOW,reason=fail; error=yfinance_error[LIGHT.AS] YFPricesMissingError('$LIGHT.AS: possibly delisted; no price data found  (1d 2026-08-08 -> 2026-08-10)')
2026-08-10,BFIT,BFIT.AS,fail,yfinance_error[BFIT.AS] YFPricesMissingError('$BFIT.AS: possibly delisted; no price data found  (1d 2026-08-08 -> 2026-08-10)'),equity,stock,Cboe Europe,EUR,EQUITY,True,OVERRIDE,no-op (already overridden to BFIT.AS),BFIT.AS,HIGH,ticker has locked yahoo_ticker in universe_overrides.csv
2026-08-10,BAYN,BAYN.DE,fail,yfinance_error[BAYN.DE] YFPricesMissingError('$BAYN.DE: possibly delisted; no price data found  (1d 2026-08-08 -> 2026-08-10)'),equity,stock,Cboe Europe,EUR,EQUITY,True,INVESTIGATE,inspect reason/error; decide override or exclusion,,LOW,reason=fail; error=yfinance_error[BAYN.DE] YFPricesMissingError('$BAYN.DE: possibly delisted; no price data found  (1d 2026-08-08 -> 2026-08-10)')
2026-08-10,ADS,ADS.DE,fail,yfinance_error[ADS.DE] YFPricesMissingError('$ADS.DE: possibly delisted; no price data found  (1d 2026-08-08 -> 2026-08-10)'),equity,stock,Cboe Europe,EUR,EQUITY,True,INVESTIGATE,inspect reason/error; decide override or exclusion,,LOW,reason=fail; error=yfinance_error[ADS.DE] YFPricesMissingError('$ADS.DE: possibly delisted; no price data found  (1d 2026-08-08 -> 2026-08-10)')
2026-08-10,NTGY,NTGY.MC,fail,yfinance_error[NTGY.MC] YFPricesMissingError('$NTGY.MC: possibly delisted; no price data found  (1d 2026-08-08 -> 2026-08-10)'),equity,stock,Cboe Europe,EUR,EQUITY,True,INVESTIGATE,inspect reason/error; decide override or exclusion,,LOW,reason=fail; error=yfinance_error[NTGY.MC] YFPricesMissingError('$NTGY.MC: possibly delisted; no price data found  (1d 2026-08-08 -> 2026-08-10)')
2026-08-10,BEKB,BEKB.BR,fail,yfinance_error[BEKB.BR] YFPricesMissingError('$BEKB.BR: possibly delisted; no price data found  (1d 2026-08-08 -> 2026-08-10)'),equity,stock,Cboe Europe,EUR,EQUITY,True,INVESTIGATE,inspect reason/error; decide override or exclusion,,LOW,reason=fail; error=yfinance_error[BEKB.BR] YFPricesMissingError('$BEKB.BR: possibly delisted; no price data found  (1d 2026-08-08 -> 2026-08-10)')
2026-08-10,ACA,ACA.PA,fail,yfinance_error[ACA.PA] YFPricesMissingError('$ACA.PA: possibly delisted; no price data found  (1d 2026-08-08 -> 2026-08-10)'),equity,stock,NYSE,USD,EQUITY,True,OVERRIDE,no-op (already overridden to ACA.PA),ACA.PA,HIGH,ticker has locked yahoo_ticker in universe_overrides.csv
2026-08-10,AENA,AENA.MC,fail,yfinance_error[AENA.MC] YFPricesMissingError('$AENA.MC: possibly delisted; no price data found  (1d 2026-08-08 -> 2026-08-10)'),equity,stock,Cboe Europe,EUR,EQUITY,True,INVESTIGATE,inspect reason/error; decide override or exclusion,,LOW,reason=fail; error=yfinance_error[AENA.MC] YFPricesMissingError('$AENA.MC: possibly delisted; no price data found  (1d 2026-08-08 -> 2026-08-10)')
2026-08-10,HUH1V,HUH1V.HE,fail,yfinance_error[HUH1V.HE] YFPricesMissingError('$HUH1V.HE: possibly delisted; no price data found  (1d 2026-08-08 -> 2026-08-10)'),equity,stock,Cboe Europe,EUR,EQUITY,True,INVESTIGATE,inspect reason/error; decide override or exclusion,,LOW,reason=fail; error=yfinance_error[HUH1V.HE] YFPricesMissingError('$HUH1V.HE: possibly delisted; no price data found  (1d 2026-08-08 -> 2026-08-10)')
2026-08-10,ERF,ERF.PA,fail,yfinance_error[ERF.PA] YFPricesMissingError('$ERF.PA: possibly delisted; no price data found  (1d 2026-08-08 -> 2026-08-10)'),equity,stock,Cboe Europe,EUR,EQUITY,True,INVESTIGATE,inspect reason/error; decide override or exclusion,,LOW,reason=fail; error=yfinance_error[ERF.PA] YFPricesMissingError('$ERF.PA: possibly delisted; no price data found  (1d 2026-08-08 -> 2026-08-10)')
2026-08-10,JUN3,JUN3.DE,fail,yfinance_error[JUN3.DE] YFPricesMissingError('$JUN3.DE: possibly delisted; no price data found  (1d 2026-08-08 -> 2026-08-10)'),equity,stock,Cboe Europe,EUR,EQUITY,True,INVESTIGATE,inspect reason/error; decide override or exclusion,,LOW,reason=fail; error=yfinance_error[JUN3.DE] YFPricesMissingError('$JUN3.DE: possibly delisted; no price data found  (1d 2026-08-08 -> 2026-08-10)')
2026-08-10,KRX,KRX.IR,fail,yfinance_error[KRX.IR] YFPricesMissingError('$KRX.IR: possibly delisted; no price data found  (1d 2026-08-08 -> 2026-08-10)'),equity,stock,Cboe Europe,EUR,EQUITY,True,OVERRIDE,no-op (already overridden to KRX.IR),KRX.IR,HIGH,ticker has locked yahoo_ticker in universe_overrides.csv
2026-08-10,CA,CA.PA,fail,yfinance_error[CA.PA] YFPricesMissingError('$CA.PA: possibly delisted; no price data found  (1d 2026-08-08 -> 2026-08-10)'),equity,stock,Cboe Europe,EUR,EQUITY,True,OVERRIDE,no-op (already overridden to CA.PA),CA.PA,HIGH,ticker has locked yahoo_ticker in universe_overrides.csv
2026-08-10,MF,MF.PA,fail,yfinance_error[MF.PA] YFPricesMissingError('$MF.PA: possibly delisted; no price data found  (1d 2026-08-08 -> 2026-08-10)'),equity,stock,Cboe Europe,EUR,EQUITY,True,INVESTIGATE,inspect reason/error; decide override or exclusion,,LOW,reason=fail; error=yfinance_error[MF.PA] YFPricesMissingError('$MF.PA: possibly delisted; no price data found  (1d 2026-08-08 -> 2026-08-10)')
2026-08-10,ANDR,ANDR.VI,fail,yfinance_error[ANDR.VI] YFPricesMissingError('$ANDR.VI: possibly delisted; no price data found  (1d 2026-08-08 -> 2026-08-10)'),equity,stock,Cboe Europe,EUR,EQUITY,True,OVERRIDE,no-op (already overridden to ANDR.VI),ANDR.VI,HIGH,ticker has locked yahoo_ticker in universe_overrides.csv
2026-08-10,ADYEN,ADYEN.AS,fail,yfinance_error[ADYEN.AS] YFPricesMissingError('$ADYEN.AS: possibly delisted; no price data found  (1d 2026-08-08 -> 2026-08-10)'),equity,stock,Cboe Europe,EUR,EQUITY,True,INVESTIGATE,inspect reason/error; decide override or exclusion,,LOW,reason=fail; error=yfinance_error[ADYEN.AS] YFPricesMissingError('$ADYEN.AS: possibly delisted; no price data found  (1d 2026-08-08 -> 2026-08-10)')
2026-08-10,MAP,MAP.MC,fail,yfinance_error[MAP.MC] YFPricesMissingError('$MAP.MC: possibly delisted; no price data found  (1d 2026-08-08 -> 2026-08-10)'),equity,stock,Cboe Europe,EUR,EQUITY,True,INVESTIGATE,inspect reason/error; decide override or exclusion,,LOW,reason=fail; error=yfinance_error[MAP.MC] YFPricesMissingError('$MAP.MC: possibly delisted; no price data found  (1d 2026-08-08 -> 2026-08-10)')
2026-08-10,ELISA,ELISA.HE,fail,yfinance_error[ELISA.HE] YFPricesMissingError('$ELISA.HE: possibly delisted; no price data found  (1d 2026-08-08 -> 2026-08-10)'),equity,stock,Cboe Europe,EUR,EQUITY,True,INVESTIGATE,inspect reason/error; decide override or exclusion,,LOW,reason=fail; error=yfinance_error[ELISA.HE] YFPricesMissingError('$ELISA.HE: possibly delisted; no price data found  (1d 2026-08-08 -> 2026-08-10)')
2026-08-10,AGS,AGS.BR,fail,yfinance_error[AGS.BR] YFPricesMissingError('$AGS.BR: possibly delisted; no price data found  (1d 2026-08-08 -> 2026-08-10)'),equity,stock,Cboe Europe,EUR,EQUITY,True,INVESTIGATE,inspect reason/error; decide override or exclusion,,LOW,reason=fail; error=yfinance_error[AGS.BR] YFPricesMissingError('$AGS.BR: possibly delisted; no price data found  (1d 2026-08-08 -> 2026-08-10)')
2026-08-10,DHER,DHER.DE,fail,yfinance_error[DHER.DE] YFPricesMissingError('$DHER.DE: possibly delisted; no price data found  (1d 2026-08-08 -> 2026-08-10)'),equity,stock,Cboe Europe,EUR,EQUITY,True,INVESTIGATE,inspect reason/error; decide override or exclusion,,LOW,reason=fail; error=yfinance_error[DHER.DE] YFPricesMissingError('$DHER.DE: possibly delisted; no price data found  (1d 2026-08-08 -> 2026-08-10)')
2026-08-10,RMS,RMS.PA,fail,yfinance_error[RMS.PA] YFPricesMissingError('$RMS.PA: possibly delisted; no price data found  (1d 2026-08-08 -> 2026-08-10)'),equity,stock,Cboe Europe,EUR,EQUITY,True,INVESTIGATE,inspect reason/error; decide override or exclusion,,LOW,reason=fail; error=yfinance_error[RMS.PA] YFPricesMissingError('$RMS.PA: possibly delisted; no price data found  (1d 2026-08-08 -> 2026-08-10)')
2026-08-10,SRT3,SRT3.DE,fail,yfinance_error[SRT3.DE] YFPricesMissingError('$SRT3.DE: possibly delisted; no price data found  (1d 2026-08-08 -> 2026-08-10)'),equity,stock,Cboe Europe,EUR,EQUITY,True,INVESTIGATE,inspect reason/error; decide override or exclusion,,LOW,reason=fail; error=yfinance_error[SRT3.DE] YFPricesMissingError('$SRT3.DE: possibly delisted; no price data found  (1d 2026-08-08 -> 2026-08-10)')
2026-08-10,FRVIA,FRVIA.PA,fail,yfinance_error[FRVIA.PA] YFPricesMissingError('$FRVIA.PA: possibly delisted; no price data found  (1d 2026-08-08 -> 2026-08-10)'),equity,stock,Cboe Europe,EUR,EQUITY,True,INVESTIGATE,inspect reason/error; decide override or exclusion,,LOW,reason=fail; error=yfinance_error[FRVIA.PA] YFPricesMissingError('$FRVIA.PA: possibly delisted; no price data found  (1d 2026-08-08 -> 2026-08-10)')
2026-08-10,DG,DG.PA,fail,yfinance_error[DG.PA] YFPricesMissingError('$DG.PA: possibly delisted; no price data found  (1d 2026-08-08 -> 2026-08-10)'),equity,stock,Cboe Europe,EUR,EQUITY,True,OVERRIDE,no-op (already overridden to DG),DG,HIGH,ticker has locked yahoo_ticker in universe_overrides.csv
2026-08-10,UPM,UPM.HE,fail,yfinance_error[UPM.HE] YFPricesMissingError('$UPM.HE: possibly delisted; no price data found  (1d 2026-08-08 -> 2026-08-10)'),equity,stock,Cboe Europe,EUR,EQUITY,True,INVESTIGATE,inspect reason/error; decide override or exclusion,,LOW,reason=fail; error=yfinance_error[UPM.HE] YFPricesMissingError('$UPM.HE: possibly delisted; no price data found  (1d 2026-08-08 -> 2026-08-10)')
2026-08-10,G24,G24.DE,fail,yfinance_error[G24.DE] YFPricesMissingError('$G24.DE: possibly delisted; no price data found  (1d 2026-08-08 -> 2026-08-10)'),equity,stock,Cboe Europe,EUR,EQUITY,True,INVESTIGATE,inspect reason/error; decide override or exclusion,,LOW,reason=fail; error=yfinance_error[G24.DE] YFPricesMissingError('$G24.DE: possibly delisted; no price data found  (1d 2026-08-08 -> 2026-08-10)')
2026-08-10,GRF,GRF.MC,fail,yfinance_error[GRF.MC] YFPricesMissingError('$GRF.MC: possibly delisted; no price data found  (1d 2026-08-08 -> 2026-08-10)'),equity,stock,Cboe Europe,EUR,EQUITY,True,OVERRIDE,no-op (already overridden to GRF.MC),GRF.MC,HIGH,ticker has locked yahoo_ticker in universe_overrides.csv
2026-08-10,G1A,G1A.DE,fail,yfinance_error[G1A.DE] YFPricesMissingError('$G1A.DE: possibly delisted; no price data found  (1d 2026-08-08 -> 2026-08-10)'),equity,stock,Cboe Europe,EUR,EQUITY,True,INVESTIGATE,inspect reason/error; decide override or exclusion,,LOW,reason=fail; error=yfinance_error[G1A.DE] YFPricesMissingError('$G1A.DE: possibly delisted; no price data found  (1d 2026-08-08 -> 2026-08-10)')
2026-08-10,LHA,LHA.DE,fail,yfinance_error[LHA.DE] YFPricesMissingError('$LHA.DE: possibly delisted; no price data found  (1d 2026-08-08 -> 2026-08-10)'),equity,stock,Cboe Europe,EUR,EQUITY,True,INVESTIGATE,inspect reason/error; decide override or exclusion,,LOW,reason=fail; error=yfinance_error[LHA.DE] YFPricesMissingError('$LHA.DE: possibly delisted; no price data found  (1d 2026-08-08 -> 2026-08-10)')
2026-08-10,ALO,ALO.PA,fail,yfinance_error[ALO.PA] YFPricesMissingError('$ALO.PA: possibly delisted; no price data found  (1d 2026-08-08 -> 2026-08-10)'),equity,stock,Cboe Europe,EUR,EQUITY,True,INVESTIGATE,inspect reason/error; decide override or exclusion,,LOW,reason=fail; error=yfinance_error[ALO.PA] YFPricesMissingError('$ALO.PA: possibly delisted; no price data found  (1d 2026-08-08 -> 2026-08-10)')
2026-08-10,ZAL,ZAL.DE,fail,yfinance_error[ZAL.DE] YFPricesMissingError('$ZAL.DE: possibly delisted; no price data found  (1d 2026-08-08 -> 2026-08-10)'),equity,stock,Cboe Europe,EUR,EQUITY,True,INVESTIGATE,inspect reason/error; decide override or exclusion,,LOW,reason=fail; error=yfinance_error[ZAL.DE] YFPricesMissingError('$ZAL.DE: possibly delisted; no price data found  (1d 2026-08-08 -> 2026-08-10)')
2026-08-10,AYV,AYV.PA,fail,yfinance_error[AYV.PA] YFPricesMissingError('$AYV.PA: possibly delisted; no price data found  (1d 2026-08-08 -> 2026-08-10)'),equity,stock,Cboe Europe,EUR,EQUITY,True,INVESTIGATE,inspect reason/error; decide override or exclusion,,LOW,reason=fail; error=yfinance_error[AYV.PA] YFPricesMissingError('$AYV.PA: possibly delisted; no price data found  (1d 2026-08-08 -> 2026-08-10)')
2026-08-10,FDJU,FDJU.PA,fail,yfinance_error[FDJU.PA] YFPricesMissingError('$FDJU.PA: possibly delisted; no price data found  (1d 2026-08-08 -> 2026-08-10)'),equity,stock,Cboe Europe,EUR,EQUITY,True,INVESTIGATE,inspect reason/error; decide override or exclusion,,LOW,reason=fail; error=yfinance_error[FDJU.PA] YFPricesMissingError('$FDJU.PA: possibly delisted; no price data found  (1d 2026-08-08 -> 2026-08-10)')
2026-08-10,GET,GET.PA,fail,yfinance_error[GET.PA] YFPricesMissingError('$GET.PA: possibly delisted; no price data found  (1d 2026-08-08 -> 2026-08-10)'),equity,stock,Cboe Europe,EUR,EQUITY,True,INVESTIGATE,inspect reason/error; decide override or exclusion,,LOW,reason=fail; error=yfinance_error[GET.PA] YFPricesMissingError('$GET.PA: possibly delisted; no price data found  (1d 2026-08-08 -> 2026-08-10)')
2026-08-10,KBX,KBX.DE,fail,yfinance_error[KBX.DE] YFPricesMissingError('$KBX.DE: possibly delisted; no price data found  (1d 2026-08-08 -> 2026-08-10)'),equity,stock,Cboe Europe,EUR,EQUITY,True,INVESTIGATE,inspect reason/error; decide override or exclusion,,LOW,reason=fail; error=yfinance_error[KBX.DE] YFPricesMissingError('$KBX.DE: possibly delisted; no price data found  (1d 2026-08-08 -> 2026-08-10)')
2026-08-10,CIE,CIE.MC,fail,yfinance_error[CIE.MC] YFPricesMissingError('$CIE.MC: possibly delisted; no price data found  (1d 2026-08-08 -> 2026-08-10)'),equity,stock,Cboe Europe,EUR,EQUITY,True,INVESTIGATE,inspect reason/error; decide override or exclusion,,LOW,reason=fail; error=yfinance_error[CIE.MC] YFPricesMissingError('$CIE.MC: possibly delisted; no price data found  (1d 2026-08-08 -> 2026-08-10)')
2026-08-10,AALB,AALB.AS,fail,yfinance_error[AALB.AS] YFPricesMissingError('$AALB.AS: possibly delisted; no price data found  (1d 2026-08-08 -> 2026-08-10)'),equity,stock,Cboe Europe,EUR,EQUITY,True,INVESTIGATE,inspect reason/error; decide override or exclusion,,LOW,reason=fail; error=yfinance_error[AALB.AS] YFPricesMissingError('$AALB.AS: possibly delisted; no price data found  (1d 2026-08-08 -> 2026-08-10)')
2026-08-10,BAMI,BAMI.MI,fail,yfinance_error[BAMI.MI] YFPricesMissingError('$BAMI.MI: possibly delisted; no price data found  (1d 2026-08-08 -> 2026-08-10)'),equity,stock,Cboe Europe,EUR,EQUITY,True,INVESTIGATE,inspect reason/error; decide override or exclusion,,LOW,reason=fail; error=yfinance_error[BAMI.MI] YFPricesMissingError('$BAMI.MI: possibly delisted; no price data found  (1d 2026-08-08 -> 2026-08-10)')
2026-08-10,SOI,SOI.PA,fail,yfinance_error[SOI.PA] YFPricesMissingError('$SOI.PA: possibly delisted; no price data found  (1d 2026-08-08 -> 2026-08-10)'),equity,stock,Cboe Europe,EUR,EQUITY,True,INVESTIGATE,inspect reason/error; decide override or exclusion,,LOW,reason=fail; error=yfinance_error[SOI.PA] YFPricesMissingError('$SOI.PA: possibly delisted; no price data found  (1d 2026-08-08 -> 2026-08-10)')
2026-08-10,VID,VID.MC,fail,yfinance_error[VID.MC] YFPricesMissingError('$VID.MC: possibly delisted; no price data found  (1d 2026-08-08 -> 2026-08-10)'),equity,stock,Cboe Europe,EUR,EQUITY,True,INVESTIGATE,inspect reason/error; decide override or exclusion,,LOW,reason=fail; error=yfinance_error[VID.MC] YFPricesMissingError('$VID.MC: possibly delisted; no price data found  (1d 2026-08-08 -> 2026-08-10)')
2026-08-10,REC,REC.MI,fail,yfinance_error[REC.MI] YFPricesMissingError('$REC.MI: possibly delisted; no price data found  (1d 2026-08-08 -> 2026-08-10)'),equity,stock,Cboe Europe,EUR,EQUITY,True,OVERRIDE,no-op (already overridden to REC.MI),REC.MI,HIGH,ticker has locked yahoo_ticker in universe_overrides.csv
2026-08-10,AGN,AGN.AS,fail,yfinance_error[AGN.AS] YFPricesMissingError('$AGN.AS: possibly delisted; no price data found  (1d 2026-08-08 -> 2026-08-10)'),equity,stock,Cboe Europe,EUR,EQUITY,True,INVESTIGATE,inspect reason/error; decide override or exclusion,,LOW,reason=fail; error=yfinance_error[AGN.AS] YFPricesMissingError('$AGN.AS: possibly delisted; no price data found  (1d 2026-08-08 -> 2026-08-10)')
2026-08-10,SIX2,SIX2.DE,fail,yfinance_error[SIX2.DE] YFPricesMissingError('$SIX2.DE: possibly delisted; no price data found  (1d 2026-08-08 -> 2026-08-10)'),equity,stock,Cboe Europe,EUR,EQUITY,True,INVESTIGATE,inspect reason/error; decide override or exclusion,,LOW,reason=fail; error=yfinance_error[SIX2.DE] YFPricesMissingError('$SIX2.DE: possibly delisted; no price data found  (1d 2026-08-08 -> 2026-08-10)')
2026-08-10,TEF,TEF.MC,fail,yfinance_error[TEF.MC] YFPricesMissingError('$TEF.MC: possibly delisted; no price data found  (1d 2026-08-08 -> 2026-08-10)'),equity,stock,Cboe Europe,EUR,EQUITY,True,OVERRIDE,no-op (already overridden to TEF.MC),TEF.MC,HIGH,ticker has locked yahoo_ticker in universe_overrides.csv
2026-08-10,IFX,IFX.DE,fail,yfinance_error[IFX.DE] YFPricesMissingError('$IFX.DE: possibly delisted; no price data found  (1d 2026-08-08 -> 2026-08-10)'),equity,stock,Cboe Europe,EUR,EQUITY,True,INVESTIGATE,inspect reason/error; decide override or exclusion,,LOW,reason=fail; error=yfinance_error[IFX.DE] YFPricesMissingError('$IFX.DE: possibly delisted; no price data found  (1d 2026-08-08 -> 2026-08-10)')
2026-08-10,UTDI,UTDI.DE,fail,yfinance_error[UTDI.DE] YFPricesMissingError('$UTDI.DE: possibly delisted; no price data found  (1d 2026-08-08 -> 2026-08-10)'),equity,stock,Cboe Europe,EUR,EQUITY,True,INVESTIGATE,inspect reason/error; decide override or exclusion,,LOW,reason=fail; error=yfinance_error[UTDI.DE] YFPricesMissingError('$UTDI.DE: possibly delisted; no price data found  (1d 2026-08-08 -> 2026-08-10)')
2026-08-10,S92,S92.DE,fail,yfinance_error[S92.DE] YFPricesMissingError('$S92.DE: possibly delisted; no price data found  (1d 2026-08-08 -> 2026-08-10)'),equity,stock,Cboe Europe,EUR,EQUITY,True,INVESTIGATE,inspect reason/error; decide override or exclusion,,LOW,reason=fail; error=yfinance_error[S92.DE] YFPricesMissingError('$S92.DE: possibly delisted; no price data found  (1d 2026-08-08 -> 2026-08-10)')
2026-08-10,NDA,NDA.DE,fail,yfinance_error[NDA.DE] YFPricesMissingError('$NDA.DE: possibly delisted; no price data found  (1d 2026-08-08 -> 2026-08-10)'),equity,stock,Cboe Europe,EUR,EQUITY,True,OVERRIDE,no-op (already overridden to NDA-FI.HE),NDA-FI.HE,HIGH,ticker has locked yahoo_ticker in universe_overrides.csv
2026-08-10,G,G.MI,fail,yfinance_error[G.MI] YFPricesMissingError('$G.MI: possibly delisted; no price data found  (1d 2026-08-08 -> 2026-08-10)'),equity,stock,Cboe Europe,EUR,EQUITY,True,OVERRIDE,no-op (already overridden to G),G,HIGH,ticker has locked yahoo_ticker in universe_overrides.csv
2026-08-10,ORNBV,ORNBV.HE,fail,yfinance_error[ORNBV.HE] YFPricesMissingError('$ORNBV.HE: possibly delisted; no price data found  (1d 2026-08-08 -> 2026-08-10)'),equity,stock,Cboe Europe,EUR,EQUITY,True,INVESTIGATE,inspect reason/error; decide override or exclusion,,LOW,reason=fail; error=yfinance_error[ORNBV.HE] YFPricesMissingError('$ORNBV.HE: possibly delisted; no price data found  (1d 2026-08-08 -> 2026-08-10)')
2026-08-10,INPST,INPST.AS,fail,yfinance_error[INPST.AS] YFPricesMissingError('$INPST.AS: possibly delisted; no price data found  (1d 2026-08-08 -> 2026-08-10)'),equity,stock,Cboe Europe,EUR,EQUITY,True,INVESTIGATE,inspect reason/error; decide override or exclusion,,LOW,reason=fail; error=yfinance_error[INPST.AS] YFPricesMissingError('$INPST.AS: possibly delisted; no price data found  (1d 2026-08-08 -> 2026-08-10)')
2026-08-10,BNP,BNP.PA,fail,yfinance_error[BNP.PA] YFPricesMissingError('$BNP.PA: possibly delisted; no price data found  (1d 2026-08-08 -> 2026-08-10)'),equity,stock,Cboe Europe,EUR,EQUITY,True,OVERRIDE,no-op (already overridden to BNP.PA),BNP.PA,HIGH,ticker has locked yahoo_ticker in universe_overrides.csv
2026-08-10,BMED,BMED.MI,fail,yfinance_error[BMED.MI] YFPricesMissingError('$BMED.MI: possibly delisted; no price data found  (1d 2026-08-08 -> 2026-08-10)'),equity,stock,Cboe Europe,EUR,EQUITY,True,OVERRIDE,no-op (already overridden to BMED.MI),BMED.MI,HIGH,ticker has locked yahoo_ticker in universe_overrides.csv
2026-08-10,NDX1,NDX1.DE,fail,yfinance_error[NDX1.DE] YFPricesMissingError('$NDX1.DE: possibly delisted; no price data found  (1d 2026-08-08 -> 2026-08-10)'),equity,stock,Cboe Europe,EUR,EQUITY,True,INVESTIGATE,inspect reason/error; decide override or exclusion,,LOW,reason=fail; error=yfinance_error[NDX1.DE] YFPricesMissingError('$NDX1.DE: possibly delisted; no price data found  (1d 2026-08-08 -> 2026-08-10)')
2026-08-10,SAB,SAB.MC,fail,yfinance_error[SAB.MC] YFPricesMissingError('$SAB.MC: possibly delisted; no price data found  (1d 2026-08-08 -> 2026-08-10)'),equity,stock,Cboe Europe,EUR,EQUITY,True,OVERRIDE,no-op (already overridden to SAB.MC),SAB.MC,HIGH,ticker has locked yahoo_ticker in universe_overrides.csv
2026-08-10,8TRA,8TRA.DE,fail,yfinance_error[8TRA.DE] YFPricesMissingError('$8TRA.DE: possibly delisted; no price data found  (1d 2026-08-08 -> 2026-08-10)'),equity,stock,Cboe Europe,EUR,EQUITY,True,INVESTIGATE,inspect reason/error; decide override or exclusion,,LOW,reason=fail; error=yfinance_error[8TRA.DE] YFPricesMissingError('$8TRA.DE: possibly delisted; no price data found  (1d 2026-08-08 -> 2026-08-10)')
2026-08-10,AM,AM.PA,fail,yfinance_error[AM.PA] YFPricesMissingError('$AM.PA: possibly delisted; no price data found  (1d 2026-08-08 -> 2026-08-10)'),equity,stock,NYSE,USD,EQUITY,True,OVERRIDE,no-op (already overridden to AM.PA),AM.PA,HIGH,ticker has locked yahoo_ticker in universe_overrides.csv
2026-08-10,SK,SK.PA,fail,yfinance_error[SK.PA] YFPricesMissingError('$SK.PA: possibly delisted; no price data found  (1d 2026-08-08 -> 2026-08-10)'),equity,stock,Cboe Europe,EUR,EQUITY,True,INVESTIGATE,inspect reason/error; decide override or exclusion,,LOW,reason=fail; error=yfinance_error[SK.PA] YFPricesMissingError('$SK.PA: possibly delisted; no price data found  (1d 2026-08-08 -> 2026-08-10)')
2026-08-10,VALMT,VALMT.HE,fail,yfinance_error[VALMT.HE] YFPricesMissingError('$VALMT.HE: possibly delisted; no price data found  (1d 2026-08-08 -> 2026-08-10)'),equity,stock,Cboe Europe,EUR,EQUITY,True,INVESTIGATE,inspect reason/error; decide override or exclusion,,LOW,reason=fail; error=yfinance_error[VALMT.HE] YFPricesMissingError('$VALMT.HE: possibly delisted; no price data found  (1d 2026-08-08 -> 2026-08-10)')
2026-08-10,BEI,BEI.DE,fail,yfinance_error[BEI.DE] YFPricesMissingError('$BEI.DE: possibly delisted; no price data found  (1d 2026-08-08 -> 2026-08-10)'),equity,stock,Cboe Europe,EUR,EQUITY,True,INVESTIGATE,inspect reason/error; decide override or exclusion,,LOW,reason=fail; error=yfinance_error[BEI.DE] YFPricesMissingError('$BEI.DE: possibly delisted; no price data found  (1d 2026-08-08 -> 2026-08-10)')
2026-08-10,BZU,BZU.MI,fail,yfinance_error[BZU.MI] YFPricesMissingError('$BZU.MI: possibly delisted; no price data found  (1d 2026-08-08 -> 2026-08-10)'),equity,stock,Cboe Europe,EUR,EQUITY,True,INVESTIGATE,inspect reason/error; decide override or exclusion,,LOW,reason=fail; error=yfinance_error[BZU.MI] YFPricesMissingError('$BZU.MI: possibly delisted; no price data found  (1d 2026-08-08 -> 2026-08-10)')
2026-08-10,NDA,NDA-FI.HE,fail,yfinance_error[NDA-FI.HE] YFPricesMissingError('$NDA-FI.HE: possibly delisted; no price data found  (1d 2026-08-08 -> 2026-08-10)'),equity,stock,Cboe Europe,EUR,EQUITY,True,OVERRIDE,no-op (already overridden to NDA-FI.HE),NDA-FI.HE,HIGH,ticker has locked yahoo_ticker in universe_overrides.csv
2026-08-10,BCU,BC.MI,fail,yfinance_error[BC.MI] YFPricesMissingError('$BC.MI: possibly delisted; no price data found  (1d 2026-08-08 -> 2026-08-10)'),equity,stock,Cboe Europe,EUR,EQUITY,True,OVERRIDE,no-op (already overridden to BC.MI),BC.MI,HIGH,ticker has locked yahoo_ticker in universe_overrides.csv
2026-08-10,AC,AC.PA,fail,yfinance_error[AC.PA] YFPricesMissingError('$AC.PA: possibly delisted; no price data found  (1d 2026-08-08 -> 2026-08-10)'),equity,stock,BMV,MXN,EQUITY,True,OVERRIDE,no-op (already overridden to AC.MX),AC.MX,HIGH,ticker has locked yahoo_ticker in universe_overrides.csv
2026-08-10,ARCAD,ARCAD.AS,fail,yfinance_error[ARCAD.AS] YFPricesMissingError('$ARCAD.AS: possibly delisted; no price data found  (1d 2026-08-08 -> 2026-08-10)'),equity,stock,Cboe Europe,EUR,EQUITY,True,INVESTIGATE,inspect reason/error; decide override or exclusion,,LOW,reason=fail; error=yfinance_error[ARCAD.AS] YFPricesMissingError('$ARCAD.AS: possibly delisted; no price data found  (1d 2026-08-08 -> 2026-08-10)')
2026-08-10,APLS,APLS,fail,"yfinance_error[APLS] YFPricesMissingError('$APLS: possibly delisted; no price data found  (1d 2026-05-16 -> 2026-08-10) (Yahoo error = ""No data found, symbol may be delisted"")')",equity,stock,NASDAQ,NAN,NAN,False,INVESTIGATE,inspect reason/error; decide override or exclusion,,LOW,"reason=fail; error=yfinance_error[APLS] YFPricesMissingError('$APLS: possibly delisted; no price data found  (1d 2026-05-16 -> 2026-08-10) (Yahoo error = ""No data found, symbol ma"
2026-08-10,PUB,PUB.PA,fail,yfinance_error[PUB.PA] YFPricesMissingError('$PUB.PA: possibly delisted; no price data found  (1d 2026-08-08 -> 2026-08-10)'),equity,stock,Cboe Europe,EUR,EQUITY,True,INVESTIGATE,inspect reason/error; decide override or exclusion,,LOW,reason=fail; error=yfinance_error[PUB.PA] YFPricesMissingError('$PUB.PA: possibly delisted; no price data found  (1d 2026-08-08 -> 2026-08-10)')
2026-08-10,HEN,HEN.DE,fail,yfinance_error[HEN.DE] YFPricesMissingError('$HEN.DE: possibly delisted; no price data found  (1d 2026-08-08 -> 2026-08-10)'),equity,stock,Cboe Europe,EUR,EQUITY,True,INVESTIGATE,inspect reason/error; decide override or exclusion,,LOW,reason=fail; error=yfinance_error[HEN.DE] YFPricesMissingError('$HEN.DE: possibly delisted; no price data found  (1d 2026-08-08 -> 2026-08-10)')
2026-08-10,SOLB,SOLB.BR,fail,yfinance_error[SOLB.BR] YFPricesMissingError('$SOLB.BR: possibly delisted; no price data found  (1d 2026-08-08 -> 2026-08-10)'),equity,stock,Cboe Europe,EUR,EQUITY,True,INVESTIGATE,inspect reason/error; decide override or exclusion,,LOW,reason=fail; error=yfinance_error[SOLB.BR] YFPricesMissingError('$SOLB.BR: possibly delisted; no price data found  (1d 2026-08-08 -> 2026-08-10)')
2026-08-10,DTE,DTE.DE,fail,yfinance_error[DTE.DE] YFPricesMissingError('$DTE.DE: possibly delisted; no price data found  (1d 2026-08-08 -> 2026-08-10)'),equity,stock,Cboe Europe,EUR,EQUITY,True,OVERRIDE,no-op (already overridden to DTE),DTE,HIGH,ticker has locked yahoo_ticker in universe_overrides.csv
2026-08-10,GXI,GXI.DE,fail,yfinance_error[GXI.DE] YFPricesMissingError('$GXI.DE: possibly delisted; no price data found  (1d 2026-08-08 -> 2026-08-10)'),equity,stock,Cboe Europe,EUR,EQUITY,True,INVESTIGATE,inspect reason/error; decide override or exclusion,,LOW,reason=fail; error=yfinance_error[GXI.DE] YFPricesMissingError('$GXI.DE: possibly delisted; no price data found  (1d 2026-08-08 -> 2026-08-10)')
2026-08-10,VIE,VIE.PA,fail,yfinance_error[VIE.PA] YFPricesMissingError('$VIE.PA: possibly delisted; no price data found  (1d 2026-08-08 -> 2026-08-10)'),equity,stock,Cboe Europe,EUR,EQUITY,True,INVESTIGATE,inspect reason/error; decide override or exclusion,,LOW,reason=fail; error=yfinance_error[VIE.PA] YFPricesMissingError('$VIE.PA: possibly delisted; no price data found  (1d 2026-08-08 -> 2026-08-10)')
2026-08-10,BIRG,BIRG.IR,fail,yfinance_error[BIRG.IR] YFPricesMissingError('$BIRG.IR: possibly delisted; no price data found  (1d 2026-08-08 -> 2026-08-10)'),equity,stock,Cboe Europe,EUR,EQUITY,True,OVERRIDE,no-op (already overridden to BIRG.IR),BIRG.IR,HIGH,ticker has locked yahoo_ticker in universe_overrides.csv
2026-08-10,JHG,JHG,fail,yfinance_error[JHG] YFPricesMissingError('$JHG: possibly delisted; no price data found  (1d 2026-07-03 -> 2026-08-10)'),equity,stock,NYSE,USD,EQUITY,True,INVESTIGATE,inspect reason/error; decide override or exclusion,,LOW,reason=fail; error=yfinance_error[JHG] YFPricesMissingError('$JHG: possibly delisted; no price data found  (1d 2026-07-03 -> 2026-08-10)')
2026-08-10,ENEL,ENEL.MI,fail,yfinance_error[ENEL.MI] YFPricesMissingError('$ENEL.MI: possibly delisted; no price data found  (1d 2026-08-08 -> 2026-08-10)'),equity,stock,Cboe Europe,EUR,EQUITY,True,INVESTIGATE,inspect reason/error; decide override or exclusion,,LOW,reason=fail; error=yfinance_error[ENEL.MI] YFPricesMissingError('$ENEL.MI: possibly delisted; no price data found  (1d 2026-08-08 -> 2026-08-10)')
2026-08-10,REP,REP.DE,fail,yfinance_error[REP.DE] YFPricesMissingError('$REP.DE: possibly delisted; no price data found  (1d 2026-08-08 -> 2026-08-10)'),equity,stock,Cboe Europe,EUR,EQUITY,True,INVESTIGATE,inspect reason/error; decide override or exclusion,,LOW,reason=fail; error=yfinance_error[REP.DE] YFPricesMissingError('$REP.DE: possibly delisted; no price data found  (1d 2026-08-08 -> 2026-08-10)')
2026-08-10,STERV,STERV.HE,fail,yfinance_error[STERV.HE] YFPricesMissingError('$STERV.HE: possibly delisted; no price data found  (1d 2026-08-08 -> 2026-08-10)'),equity,stock,Cboe Europe,EUR,EQUITY,True,INVESTIGATE,inspect reason/error; decide override or exclusion,,LOW,reason=fail; error=yfinance_error[STERV.HE] YFPricesMissingError('$STERV.HE: possibly delisted; no price data found  (1d 2026-08-08 -> 2026-08-10)')
2026-08-10,ENGI,ENGI.PA,fail,yfinance_error[ENGI.PA] YFPricesMissingError('$ENGI.PA: possibly delisted; no price data found  (1d 2026-08-08 -> 2026-08-10)'),equity,stock,Cboe Europe,EUR,EQUITY,True,INVESTIGATE,inspect reason/error; decide override or exclusion,,LOW,reason=fail; error=yfinance_error[ENGI.PA] YFPricesMissingError('$ENGI.PA: possibly delisted; no price data found  (1d 2026-08-08 -> 2026-08-10)')
2026-08-10,LR,LR.PA,fail,yfinance_error[LR.PA] YFPricesMissingError('$LR.PA: possibly delisted; no price data found  (1d 2026-08-08 -> 2026-08-10)'),equity,stock,Cboe Europe,EUR,EQUITY,True,INVESTIGATE,inspect reason/error; decide override or exclusion,,LOW,reason=fail; error=yfinance_error[LR.PA] YFPricesMissingError('$LR.PA: possibly delisted; no price data found  (1d 2026-08-08 -> 2026-08-10)')
2026-08-10,BCP,BCP.LS,fail,yfinance_error[BCP.LS] YFPricesMissingError('$BCP.LS: possibly delisted; no price data found  (1d 2026-08-08 -> 2026-08-10)'),equity,stock,Cboe Europe,EUR,EQUITY,True,OVERRIDE,no-op (already overridden to BCP.LS),BCP.LS,HIGH,ticker has locked yahoo_ticker in universe_overrides.csv
2026-08-10,RHM,RHM.DE,fail,yfinance_error[RHM.DE] YFPricesMissingError('$RHM.DE: possibly delisted; no price data found  (1d 2026-08-08 -> 2026-08-10)'),equity,stock,Cboe Europe,EUR,EQUITY,True,INVESTIGATE,inspect reason/error; decide override or exclusion,,LOW,reason=fail; error=yfinance_error[RHM.DE] YFPricesMissingError('$RHM.DE: possibly delisted; no price data found  (1d 2026-08-08 -> 2026-08-10)')
2026-08-10,WIE,WIE.VI,fail,yfinance_error[WIE.VI] YFPricesMissingError('$WIE.VI: possibly delisted; no price data found  (1d 2026-08-08 -> 2026-08-10)'),equity,stock,Cboe Europe,EUR,EQUITY,True,OVERRIDE,no-op (already overridden to WIE.VI),WIE.VI,HIGH,ticker has locked yahoo_ticker in universe_overrides.csv
2026-08-10,MUV2,MUV2.DE,fail,yfinance_error[MUV2.DE] YFPricesMissingError('$MUV2.DE: possibly delisted; no price data found  (1d 2026-08-08 -> 2026-08-10)'),equity,stock,Cboe Europe,EUR,EQUITY,True,OVERRIDE,no-op (already overridden to MUV2.DE),MUV2.DE,HIGH,ticker has locked yahoo_ticker in universe_overrides.csv
2026-08-10,GTLS,GTLS,fail,yfinance_error[GTLS] YFPricesMissingError('$GTLS: possibly delisted; no price data found  (1d 2026-07-17 -> 2026-08-10)'),equity,stock,NYSE,USD,EQUITY,True,INVESTIGATE,inspect reason/error; decide override or exclusion,,LOW,reason=fail; error=yfinance_error[GTLS] YFPricesMissingError('$GTLS: possibly delisted; no price data found  (1d 2026-07-17 -> 2026-08-10)')
2026-08-10,KNEBV,KNEBV.HE,fail,yfinance_error[KNEBV.HE] YFPricesMissingError('$KNEBV.HE: possibly delisted; no price data found  (1d 2026-08-08 -> 2026-08-10)'),equity,stock,Cboe Europe,EUR,EQUITY,True,INVESTIGATE,inspect reason/error; decide override or exclusion,,LOW,reason=fail; error=yfinance_error[KNEBV.HE] YFPricesMissingError('$KNEBV.HE: possibly delisted; no price data found  (1d 2026-08-08 -> 2026-08-10)')
2026-08-10,MC,MC.PA,fail,yfinance_error[MC.PA] YFPricesMissingError('$MC.PA: possibly delisted; no price data found  (1d 2026-08-08 -> 2026-08-10)'),equity,stock,NYSE,USD,EQUITY,True,OVERRIDE,no-op (already overridden to MC),MC,HIGH,ticker has locked yahoo_ticker in universe_overrides.csv
2026-08-10,ASRNL,ASRNL.AS,fail,yfinance_error[ASRNL.AS] YFPricesMissingError('$ASRNL.AS: possibly delisted; no price data found  (1d 2026-08-08 -> 2026-08-10)'),equity,stock,Cboe Europe,EUR,EQUITY,True,INVESTIGATE,inspect reason/error; decide override or exclusion,,LOW,reason=fail; error=yfinance_error[ASRNL.AS] YFPricesMissingError('$ASRNL.AS: possibly delisted; no price data found  (1d 2026-08-08 -> 2026-08-10)')
2026-08-10,KESKOB,KESKOB.HE,fail,yfinance_error[KESKOB.HE] YFPricesMissingError('$KESKOB.HE: possibly delisted; no price data found  (1d 2026-08-08 -> 2026-08-10)'),equity,stock,Cboe Europe,EUR,EQUITY,True,INVESTIGATE,inspect reason/error; decide override or exclusion,,LOW,reason=fail; error=yfinance_error[KESKOB.HE] YFPricesMissingError('$KESKOB.HE: possibly delisted; no price data found  (1d 2026-08-08 -> 2026-08-10)')
2026-08-10,GL9,GL9.IR,fail,yfinance_error[GL9.IR] YFPricesMissingError('$GL9.IR: possibly delisted; no price data found  (1d 2026-08-08 -> 2026-08-10)'),equity,stock,Cboe Europe,EUR,EQUITY,True,OVERRIDE,no-op (already overridden to GL9.IR),GL9.IR,HIGH,ticker has locked yahoo_ticker in universe_overrides.csv
2026-08-10,AIR,AIR.PA,fail,yfinance_error[AIR.PA] YFPricesMissingError('$AIR.PA: possibly delisted; no price data found  (1d 2026-08-08 -> 2026-08-10)'),equity,stock,Cboe Europe,EUR,EQUITY,True,OVERRIDE,no-op (already overridden to AIR.PA),AIR.PA,HIGH,ticker has locked yahoo_ticker in universe_overrides.csv
2026-08-10,RNO,RNO.PA,fail,yfinance_error[RNO.PA] YFPricesMissingError('$RNO.PA: possibly delisted; no price data found  (1d 2026-08-08 -> 2026-08-10)'),equity,stock,Cboe Europe,EUR,EQUITY,True,INVESTIGATE,inspect reason/error; decide override or exclusion,,LOW,reason=fail; error=yfinance_error[RNO.PA] YFPricesMissingError('$RNO.PA: possibly delisted; no price data found  (1d 2026-08-08 -> 2026-08-10)')
2026-08-10,CABK,CABK.MC,fail,yfinance_error[CABK.MC] YFPricesMissingError('$CABK.MC: possibly delisted; no price data found  (1d 2026-08-08 -> 2026-08-10)'),equity,stock,Cboe Europe,EUR,EQUITY,True,INVESTIGATE,inspect reason/error; decide override or exclusion,,LOW,reason=fail; error=yfinance_error[CABK.MC] YFPricesMissingError('$CABK.MC: possibly delisted; no price data found  (1d 2026-08-08 -> 2026-08-10)')
2026-08-10,HAG,HAG.DE,fail,yfinance_error[HAG.DE] YFPricesMissingError('$HAG.DE: possibly delisted; no price data found  (1d 2026-08-08 -> 2026-08-10)'),equity,stock,Cboe Europe,EUR,EQUITY,True,INVESTIGATE,inspect reason/error; decide override or exclusion,,LOW,reason=fail; error=yfinance_error[HAG.DE] YFPricesMissingError('$HAG.DE: possibly delisted; no price data found  (1d 2026-08-08 -> 2026-08-10)')
2026-08-10,HIAB,HIAB.HE,fail,yfinance_error[HIAB.HE] YFPricesMissingError('$HIAB.HE: possibly delisted; no price data found  (1d 2026-08-08 -> 2026-08-10)'),equity,stock,Cboe Europe,EUR,EQUITY,True,OVERRIDE,no-op (already overridden to HIAB.HE),HIAB.HE,HIGH,ticker has locked yahoo_ticker in universe_overrides.csv
2026-08-10,AKZA,AKZA.AS,fail,yfinance_error[AKZA.AS] YFPricesMissingError('$AKZA.AS: possibly delisted; no price data found  (1d 2026-08-08 -> 2026-08-10)'),equity,stock,Cboe Europe,EUR,EQUITY,True,INVESTIGATE,inspect reason/error; decide override or exclusion,,LOW,reason=fail; error=yfinance_error[AKZA.AS] YFPricesMissingError('$AKZA.AS: possibly delisted; no price data found  (1d 2026-08-08 -> 2026-08-10)')
2026-08-10,RF,RF.PA,fail,yfinance_error[RF.PA] YFPricesMissingError('$RF.PA: possibly delisted; no price data found  (1d 2026-08-08 -> 2026-08-10)'),equity,stock,NYSE,USD,EQUITY,True,OVERRIDE,no-op (already overridden to RF),RF,HIGH,ticker has locked yahoo_ticker in universe_overrides.csv
2026-08-10,ELIS,ELIS.PA,fail,yfinance_error[ELIS.PA] YFPricesMissingError('$ELIS.PA: possibly delisted; no price data found  (1d 2026-08-08 -> 2026-08-10)'),equity,stock,Cboe Europe,EUR,EQUITY,True,OVERRIDE,no-op (already overridden to ELIS.PA),ELIS.PA,HIGH,ticker has locked yahoo_ticker in universe_overrides.csv
2026-08-10,BLD,BLD,fail,yfinance_error[BLD] YFPricesMissingError('$BLD: possibly delisted; no price data found  (1d 2026-07-03 -> 2026-08-10)'),equity,stock,NYSE,USD,EQUITY,True,INVESTIGATE,inspect reason/error; decide override or exclusion,,LOW,reason=fail; error=yfinance_error[BLD] YFPricesMissingError('$BLD: possibly delisted; no price data found  (1d 2026-07-03 -> 2026-08-10)')
2026-08-10,SAF,SAF.PA,fail,yfinance_error[SAF.PA] YFPricesMissingError('$SAF.PA: possibly delisted; no price data found  (1d 2026-08-08 -> 2026-08-10)'),equity,stock,Cboe Europe,EUR,EQUITY,True,OVERRIDE,no-op (already overridden to SAF.PA),SAF.PA,HIGH,ticker has locked yahoo_ticker in universe_overrides.csv
2026-08-10,FR,FR.PA,fail,yfinance_error[FR.PA] YFPricesMissingError('$FR.PA: possibly delisted; no price data found  (1d 2026-08-08 -> 2026-08-10)'),equity,stock,Cboe Europe,EUR,EQUITY,True,OVERRIDE,no-op (already overridden to FR),FR,HIGH,ticker has locked yahoo_ticker in universe_overrides.csv
2026-08-10,NESTE,NESTE.HE,fail,yfinance_error[NESTE.HE] YFPricesMissingError('$NESTE.HE: possibly delisted; no price data found  (1d 2026-08-08 -> 2026-08-10)'),equity,stock,Cboe Europe,EUR,EQUITY,True,INVESTIGATE,inspect reason/error; decide override or exclusion,,LOW,reason=fail; error=yfinance_error[NESTE.HE] YFPricesMissingError('$NESTE.HE: possibly delisted; no price data found  (1d 2026-08-08 -> 2026-08-10)')
2026-08-10,BK,BK,fail,"yfinance_error[BK] YFPricesMissingError('$BK: possibly delisted; no price data found  (1d 2026-07-18 -> 2026-08-10) (Yahoo error = ""No data found, symbol may be delisted"")')",equity,stock,NYSE,NAN,NAN,False,INVESTIGATE,inspect reason/error; decide override or exclusion,,LOW,"reason=fail; error=yfinance_error[BK] YFPricesMissingError('$BK: possibly delisted; no price data found  (1d 2026-07-18 -> 2026-08-10) (Yahoo error = ""No data found, symbol may be"
2026-08-10,TRI,TRI.PA,fail,yfinance_error[TRI.PA] YFPricesMissingError('$TRI.PA: possibly delisted; no price data found  (1d 2026-08-08 -> 2026-08-10)'),equity,stock,NYSE,USD,EQUITY,True,OVERRIDE,no-op (already overridden to TRI),TRI,HIGH,ticker has locked yahoo_ticker in universe_overrides.csv
2026-08-10,B4B,B4B.HM,fail,"yfinance_error[B4B.HM] YFPricesMissingError('$B4B.HM: possibly delisted; no price data found  (1d 2026-07-18 -> 2026-08-10) (Yahoo error = ""No data found, symbol may be delisted"")')",equity,stock,Cboe Europe,NAN,NAN,False,INVESTIGATE,inspect reason/error; decide override or exclusion,,LOW,"reason=fail; error=yfinance_error[B4B.HM] YFPricesMissingError('$B4B.HM: possibly delisted; no price data found  (1d 2026-07-18 -> 2026-08-10) (Yahoo error = ""No data found, symbo"
2026-08-10,BMW,BMW.DE,fail,yfinance_error[BMW.DE] YFPricesMissingError('$BMW.DE: possibly delisted; no price data found  (1d 2026-08-08 -> 2026-08-10)'),equity,stock,Cboe Europe,EUR,EQUITY,True,INVESTIGATE,inspect reason/error; decide override or exclusion,,LOW,reason=fail; error=yfinance_error[BMW.DE] YFPricesMissingError('$BMW.DE: possibly delisted; no price data found  (1d 2026-08-08 -> 2026-08-10)')
2026-08-10,MASI,MASI,fail,yfinance_error[MASI] YFPricesMissingError('$MASI: possibly delisted; no price data found  (1d 2026-06-13 -> 2026-08-10)'),equity,stock,NASDAQ,USD,EQUITY,True,INVESTIGATE,inspect reason/error; decide override or exclusion,,LOW,reason=fail; error=yfinance_error[MASI] YFPricesMissingError('$MASI: possibly delisted; no price data found  (1d 2026-06-13 -> 2026-08-10)')
2026-08-10,PIRC,PIRC.MI,fail,yfinance_error[PIRC.MI] YFPricesMissingError('$PIRC.MI: possibly delisted; no price data found  (1d 2026-08-08 -> 2026-08-10)'),equity,stock,Cboe Europe,EUR,EQUITY,True,INVESTIGATE,inspect reason/error; decide override or exclusion,,LOW,reason=fail; error=yfinance_error[PIRC.MI] YFPricesMissingError('$PIRC.MI: possibly delisted; no price data found  (1d 2026-08-08 -> 2026-08-10)')
2026-08-10,MRL,MRL.MC,fail,yfinance_error[MRL.MC] YFPricesMissingError('$MRL.MC: possibly delisted; no price data found  (1d 2026-08-08 -> 2026-08-10)'),equity,stock,Cboe Europe,EUR,EQUITY,True,INVESTIGATE,inspect reason/error; decide override or exclusion,,LOW,reason=fail; error=yfinance_error[MRL.MC] YFPricesMissingError('$MRL.MC: possibly delisted; no price data found  (1d 2026-08-08 -> 2026-08-10)')
2026-08-10,SIE,SIE.DE,fail,yfinance_error[SIE.DE] YFPricesMissingError('$SIE.DE: possibly delisted; no price data found  (1d 2026-08-08 -> 2026-08-10)'),equity,stock,Cboe Europe,EUR,EQUITY,True,INVESTIGATE,inspect reason/error; decide override or exclusion,,LOW,reason=fail; error=yfinance_error[SIE.DE] YFPricesMissingError('$SIE.DE: possibly delisted; no price data found  (1d 2026-08-08 -> 2026-08-10)')
2026-08-10,TIT,TIT.MI,fail,yfinance_error[TIT.MI] YFPricesMissingError('$TIT.MI: possibly delisted; no price data found  (1d 2026-08-08 -> 2026-08-10)'),equity,stock,Cboe Europe,EUR,EQUITY,True,INVESTIGATE,inspect reason/error; decide override or exclusion,,LOW,reason=fail; error=yfinance_error[TIT.MI] YFPricesMissingError('$TIT.MI: possibly delisted; no price data found  (1d 2026-08-08 -> 2026-08-10)')
2026-08-10,KRZ,KRZ.IR,fail,yfinance_error[KRZ.IR] YFPricesMissingError('$KRZ.IR: possibly delisted; no price data found  (1d 2026-08-08 -> 2026-08-10)'),equity,stock,Cboe Europe,EUR,EQUITY,True,OVERRIDE,no-op (already overridden to KRZ.IR),KRZ.IR,HIGH,ticker has locked yahoo_ticker in universe_overrides.csv
2026-08-10,NEXI,NEXI.MI,fail,yfinance_error[NEXI.MI] YFPricesMissingError('$NEXI.MI: possibly delisted; no price data found  (1d 2026-08-08 -> 2026-08-10)'),equity,stock,Cboe Europe,EUR,EQUITY,True,OVERRIDE,no-op (already overridden to NEXI.MI),NEXI.MI,HIGH,ticker has locked yahoo_ticker in universe_overrides.csv
2026-08-10,SFER,SFER.MI,fail,yfinance_error[SFER.MI] YFPricesMissingError('$SFER.MI: possibly delisted; no price data found  (1d 2026-08-08 -> 2026-08-10)'),equity,stock,Cboe Europe,EUR,EQUITY,True,INVESTIGATE,inspect reason/error; decide override or exclusion,,LOW,reason=fail; error=yfinance_error[SFER.MI] YFPricesMissingError('$SFER.MI: possibly delisted; no price data found  (1d 2026-08-08 -> 2026-08-10)')
2026-08-10,URW,URW.PA,fail,yfinance_error[URW.PA] YFPricesMissingError('$URW.PA: possibly delisted; no price data found  (1d 2026-08-08 -> 2026-08-10)'),equity,stock,Cboe Europe,EUR,EQUITY,True,INVESTIGATE,inspect reason/error; decide override or exclusion,,LOW,reason=fail; error=yfinance_error[URW.PA] YFPricesMissingError('$URW.PA: possibly delisted; no price data found  (1d 2026-08-08 -> 2026-08-10)')
2026-08-10,TIETO,TIETO.HE,fail,yfinance_error[TIETO.HE] YFPricesMissingError('$TIETO.HE: possibly delisted; no price data found  (1d 2026-08-08 -> 2026-08-10)'),equity,stock,Cboe Europe,EUR,EQUITY,True,INVESTIGATE,inspect reason/error; decide override or exclusion,,LOW,reason=fail; error=yfinance_error[TIETO.HE] YFPricesMissingError('$TIETO.HE: possibly delisted; no price data found  (1d 2026-08-08 -> 2026-08-10)')
2026-08-10,SCR,SCR.PA,fail,yfinance_error[SCR.PA] YFPricesMissingError('$SCR.PA: possibly delisted; no price data found  (1d 2026-08-08 -> 2026-08-10)'),equity,stock,Cboe Europe,EUR,EQUITY,True,INVESTIGATE,inspect reason/error; decide override or exclusion,,LOW,reason=fail; error=yfinance_error[SCR.PA] YFPricesMissingError('$SCR.PA: possibly delisted; no price data found  (1d 2026-08-08 -> 2026-08-10)')
2026-08-10,USD-BRL,BRL=X,empty,"no_ohlcv_from_yahoo. meta={'currency': 'BRL', 'exchange': 'CCY', 'quoteType': 'CURRENCY'}",fx_pair,forex,nan,NAN,NAN,False,OVERRIDABLE,add override: yahoo_ticker=BRL=X.DE (then re-run ingest),BRL=X.DE,LOW,empty OHLCV; region-based suffix guess from region=nan
2026-08-10,IPN,IPN.PA,fail,yfinance_error[IPN.PA] YFPricesMissingError('$IPN.PA: possibly delisted; no price data found  (1d 2026-08-08 -> 2026-08-10)'),equity,stock,Cboe Europe,EUR,EQUITY,True,OVERRIDE,no-op (already overridden to IPN.PA),IPN.PA,HIGH,ticker has locked yahoo_ticker in universe_overrides.csv
2026-08-10,HEI,HEI.DE,fail,yfinance_error[HEI.DE] YFPricesMissingError('$HEI.DE: possibly delisted; no price data found  (1d 2026-08-08 -> 2026-08-10)'),equity,stock,Cboe Europe,EUR,EQUITY,True,OVERRIDE,no-op (already overridden to HEI),HEI,HIGH,ticker has locked yahoo_ticker in universe_overrides.csv
2026-08-10,SESG,SESG.PA,fail,yfinance_error[SESG.PA] YFPricesMissingError('$SESG.PA: possibly delisted; no price data found  (1d 2026-08-08 -> 2026-08-10)'),equity,stock,Cboe Europe,EUR,EQUITY,True,OVERRIDE,no-op (already overridden to SESG.PA),SESG.PA,HIGH,ticker has locked yahoo_ticker in universe_overrides.csv
2026-08-10,HEIA,HEIA.AS,fail,yfinance_error[HEIA.AS] YFPricesMissingError('$HEIA.AS: possibly delisted; no price data found  (1d 2026-08-08 -> 2026-08-10)'),equity,stock,Cboe Europe,EUR,EQUITY,True,INVESTIGATE,inspect reason/error; decide override or exclusion,,LOW,reason=fail; error=yfinance_error[HEIA.AS] YFPricesMissingError('$HEIA.AS: possibly delisted; no price data found  (1d 2026-08-08 -> 2026-08-10)')
2026-08-10,FDJ,FDJU.PA,fail,yfinance_error[FDJU.PA] YFPricesMissingError('$FDJU.PA: possibly delisted; no price data found  (1d 2026-08-08 -> 2026-08-10)'),equity,stock,Cboe Europe,EUR,EQUITY,True,OVERRIDE,no-op (already overridden to FDJU.PA),FDJU.PA,HIGH,ticker has locked yahoo_ticker in universe_overrides.csv
2026-08-10,AZM,AZM.MI,fail,yfinance_error[AZM.MI] YFPricesMissingError('$AZM.MI: possibly delisted; no price data found  (1d 2026-08-08 -> 2026-08-10)'),equity,stock,Cboe Europe,EUR,EQUITY,True,INVESTIGATE,inspect reason/error; decide override or exclusion,,LOW,reason=fail; error=yfinance_error[AZM.MI] YFPricesMissingError('$AZM.MI: possibly delisted; no price data found  (1d 2026-08-08 -> 2026-08-10)')
2026-08-10,EL,EL.PA,fail,yfinance_error[EL.PA] YFPricesMissingError('$EL.PA: possibly delisted; no price data found  (1d 2026-08-08 -> 2026-08-10)'),equity,stock,NYSE,USD,EQUITY,True,OVERRIDE,no-op (already overridden to EL),EL,HIGH,ticker has locked yahoo_ticker in universe_overrides.csv
2026-08-10,EBS,EBS.VI,fail,yfinance_error[EBS.VI] YFPricesMissingError('$EBS.VI: possibly delisted; no price data found  (1d 2026-08-08 -> 2026-08-10)'),equity,stock,Cboe Europe,EUR,EQUITY,True,OVERRIDE,no-op (already overridden to EBS.VI),EBS.VI,HIGH,ticker has locked yahoo_ticker in universe_overrides.csv
2026-08-10,HER,HER.MI,fail,yfinance_error[HER.MI] YFPricesMissingError('$HER.MI: possibly delisted; no price data found  (1d 2026-08-08 -> 2026-08-10)'),equity,stock,Cboe Europe,EUR,EQUITY,True,INVESTIGATE,inspect reason/error; decide override or exclusion,,LOW,reason=fail; error=yfinance_error[HER.MI] YFPricesMissingError('$HER.MI: possibly delisted; no price data found  (1d 2026-08-08 -> 2026-08-10)')
2026-08-10,WLN,WLN.PA,fail,yfinance_error[WLN.PA] YFPricesMissingError('$WLN.PA: possibly delisted; no price data found  (1d 2026-08-08 -> 2026-08-10)'),equity,stock,Cboe Europe,EUR,EQUITY,True,INVESTIGATE,inspect reason/error; decide override or exclusion,,LOW,reason=fail; error=yfinance_error[WLN.PA] YFPricesMissingError('$WLN.PA: possibly delisted; no price data found  (1d 2026-08-08 -> 2026-08-10)')
2026-08-10,SOF,SOF.BR,fail,yfinance_error[SOF.BR] YFPricesMissingError('$SOF.BR: possibly delisted; no price data found  (1d 2026-08-08 -> 2026-08-10)'),equity,stock,Cboe Europe,EUR,EQUITY,True,OVERRIDE,no-op (already overridden to SOF.BR),SOF.BR,HIGH,ticker has locked yahoo_ticker in universe_overrides.csv
2026-08-10,TRE,TRE.MC,fail,yfinance_error[TRE.MC] YFPricesMissingError('$TRE.MC: possibly delisted; no price data found  (1d 2026-08-08 -> 2026-08-10)'),equity,stock,Cboe Europe,EUR,EQUITY,True,INVESTIGATE,inspect reason/error; decide override or exclusion,,LOW,reason=fail; error=yfinance_error[TRE.MC] YFPricesMissingError('$TRE.MC: possibly delisted; no price data found  (1d 2026-08-08 -> 2026-08-10)')
2026-08-10,RCO,RCO.PA,fail,yfinance_error[RCO.PA] YFPricesMissingError('$RCO.PA: possibly delisted; no price data found  (1d 2026-08-08 -> 2026-08-10)'),equity,stock,Cboe Europe,EUR,EQUITY,True,INVESTIGATE,inspect reason/error; decide override or exclusion,,LOW,reason=fail; error=yfinance_error[RCO.PA] YFPricesMissingError('$RCO.PA: possibly delisted; no price data found  (1d 2026-08-08 -> 2026-08-10)')
2026-08-10,VPK,VPK.AS,fail,yfinance_error[VPK.AS] YFPricesMissingError('$VPK.AS: possibly delisted; no price data found  (1d 2026-08-08 -> 2026-08-10)'),equity,stock,Cboe Europe,EUR,EQUITY,True,INVESTIGATE,inspect reason/error; decide override or exclusion,,LOW,reason=fail; error=yfinance_error[VPK.AS] YFPricesMissingError('$VPK.AS: possibly delisted; no price data found  (1d 2026-08-08 -> 2026-08-10)')
2026-08-10,SAN,SAN.MC,fail,yfinance_error[SAN.MC] YFPricesMissingError('$SAN.MC: possibly delisted; no price data found  (1d 2026-08-08 -> 2026-08-10)'),equity,stock,Cboe Europe,EUR,EQUITY,True,OVERRIDE,no-op (already overridden to SAN.PA),SAN.PA,HIGH,ticker has locked yahoo_ticker in universe_overrides.csv
2026-08-10,DHL,DHL.DE,fail,yfinance_error[DHL.DE] YFPricesMissingError('$DHL.DE: possibly delisted; no price data found  (1d 2026-08-08 -> 2026-08-10)'),equity,stock,Cboe Europe,EUR,EQUITY,True,OVERRIDE,no-op (already overridden to DHL.DE),DHL.DE,HIGH,ticker has locked yahoo_ticker in universe_overrides.csv
2026-08-10,AKE,AKE.PA,fail,yfinance_error[AKE.PA] YFPricesMissingError('$AKE.PA: possibly delisted; no price data found  (1d 2026-08-08 -> 2026-08-10)'),equity,stock,Cboe Europe,EUR,EQUITY,True,INVESTIGATE,inspect reason/error; decide override or exclusion,,LOW,reason=fail; error=yfinance_error[AKE.PA] YFPricesMissingError('$AKE.PA: possibly delisted; no price data found  (1d 2026-08-08 -> 2026-08-10)')
2026-08-10,MONC,MONC.MI,fail,yfinance_error[MONC.MI] YFPricesMissingError('$MONC.MI: possibly delisted; no price data found  (1d 2026-08-08 -> 2026-08-10)'),equity,stock,Cboe Europe,EUR,EQUITY,True,INVESTIGATE,inspect reason/error; decide override or exclusion,,LOW,reason=fail; error=yfinance_error[MONC.MI] YFPricesMissingError('$MONC.MI: possibly delisted; no price data found  (1d 2026-08-08 -> 2026-08-10)')
2026-08-10,EDPR,EDPR.LS,fail,yfinance_error[EDPR.LS] YFPricesMissingError('$EDPR.LS: possibly delisted; no price data found  (1d 2026-08-08 -> 2026-08-10)'),equity,stock,Cboe Europe,EUR,EQUITY,True,OVERRIDE,no-op (already overridden to EDPR.LS),EDPR.LS,HIGH,ticker has locked yahoo_ticker in universe_overrides.csv
2026-08-10,NVG,NVG.LS,fail,yfinance_error[NVG.LS] YFPricesMissingError('$NVG.LS: possibly delisted; no price data found  (1d 2026-08-08 -> 2026-08-10)'),equity,stock,Cboe Europe,EUR,EQUITY,True,OVERRIDE,no-op (already overridden to NVG.LS),NVG.LS,HIGH,ticker has locked yahoo_ticker in universe_overrides.csv
2026-08-10,SGO,SGO.PA,fail,yfinance_error[SGO.PA] YFPricesMissingError('$SGO.PA: possibly delisted; no price data found  (1d 2026-08-08 -> 2026-08-10)'),equity,stock,Cboe Europe,EUR,EQUITY,True,INVESTIGATE,inspect reason/error; decide override or exclusion,,LOW,reason=fail; error=yfinance_error[SGO.PA] YFPricesMissingError('$SGO.PA: possibly delisted; no price data found  (1d 2026-08-08 -> 2026-08-10)')
2026-08-10,RYAAY,RYA.IR,fail,yfinance_error[RYA.IR] YFPricesMissingError('$RYA.IR: possibly delisted; no price data found  (1d 2026-08-08 -> 2026-08-10)'),equity,stock,Cboe Europe,EUR,EQUITY,True,OVERRIDE,no-op (already overridden to RYA.IR),RYA.IR,HIGH,ticker has locked yahoo_ticker in universe_overrides.csv
2026-08-10,FIE,FIE.DE,fail,yfinance_error[FIE.DE] YFPricesMissingError('$FIE.DE: possibly delisted; no price data found  (1d 2026-08-08 -> 2026-08-10)'),equity,stock,Cboe Europe,EUR,EQUITY,True,INVESTIGATE,inspect reason/error; decide override or exclusion,,LOW,reason=fail; error=yfinance_error[FIE.DE] YFPricesMissingError('$FIE.DE: possibly delisted; no price data found  (1d 2026-08-08 -> 2026-08-10)')
2026-08-10,TTE,TTE.PA,fail,yfinance_error[TTE.PA] YFPricesMissingError('$TTE.PA: possibly delisted; no price data found  (1d 2026-08-08 -> 2026-08-10)'),equity,stock,Cboe Europe,EUR,EQUITY,True,OVERRIDE,no-op (already overridden to TTE.PA),TTE.PA,HIGH,ticker has locked yahoo_ticker in universe_overrides.csv
2026-08-10,CDI,CDI.PA,fail,yfinance_error[CDI.PA] YFPricesMissingError('$CDI.PA: possibly delisted; no price data found  (1d 2026-08-08 -> 2026-08-10)'),equity,stock,Cboe Europe,EUR,EQUITY,True,INVESTIGATE,inspect reason/error; decide override or exclusion,,LOW,reason=fail; error=yfinance_error[CDI.PA] YFPricesMissingError('$CDI.PA: possibly delisted; no price data found  (1d 2026-08-08 -> 2026-08-10)')
2026-08-10,FDP,FDP,fail,yfinance_error[FDP] YFPricesMissingError('$FDP: possibly delisted; no price data found  (1d 2026-07-18 -> 2026-08-10)'),equity,stock,NYSE,USD,EQUITY,True,INVESTIGATE,inspect reason/error; decide override or exclusion,,LOW,reason=fail; error=yfinance_error[FDP] YFPricesMissingError('$FDP: possibly delisted; no price data found  (1d 2026-07-18 -> 2026-08-10)')
2026-08-10,PUMD,PUM.DE,fail,yfinance_error[PUM.DE] YFPricesMissingError('$PUM.DE: possibly delisted; no price data found  (1d 2026-08-08 -> 2026-08-10)'),equity,stock,Cboe Europe,EUR,EQUITY,True,OVERRIDE,no-op (already overridden to PUM.DE),PUM.DE,HIGH,ticker has locked yahoo_ticker in universe_overrides.csv
2026-08-10,FER,FER.MC,fail,yfinance_error[FER.MC] YFPricesMissingError('$FER.MC: possibly delisted; no price data found  (1d 2026-08-08 -> 2026-08-10)'),equity,stock,Cboe Europe,EUR,EQUITY,True,OVERRIDE,no-op (already overridden to FER.MC),FER.MC,HIGH,ticker has locked yahoo_ticker in universe_overrides.csv
2026-08-10,GLE,GLE.PA,fail,yfinance_error[GLE.PA] YFPricesMissingError('$GLE.PA: possibly delisted; no price data found  (1d 2026-08-08 -> 2026-08-10)'),equity,stock,Cboe Europe,EUR,EQUITY,True,OVERRIDE,no-op (already overridden to GLE.PA),GLE.PA,HIGH,ticker has locked yahoo_ticker in universe_overrides.csv
2026-08-10,SY1,SY1.DE,fail,yfinance_error[SY1.DE] YFPricesMissingError('$SY1.DE: possibly delisted; no price data found  (1d 2026-08-08 -> 2026-08-10)'),equity,stock,Cboe Europe,EUR,EQUITY,True,INVESTIGATE,inspect reason/error; decide override or exclusion,,LOW,reason=fail; error=yfinance_error[SY1.DE] YFPricesMissingError('$SY1.DE: possibly delisted; no price data found  (1d 2026-08-08 -> 2026-08-10)')
2026-08-10,SHL,SHL.DE,fail,yfinance_error[SHL.DE] YFPricesMissingError('$SHL.DE: possibly delisted; no price data found  (1d 2026-08-08 -> 2026-08-10)'),equity,stock,Cboe Europe,EUR,EQUITY,True,INVESTIGATE,inspect reason/error; decide override or exclusion,,LOW,reason=fail; error=yfinance_error[SHL.DE] YFPricesMissingError('$SHL.DE: possibly delisted; no price data found  (1d 2026-08-08 -> 2026-08-10)')
2026-08-10,VIG,VIG.VI,fail,yfinance_error[VIG.VI] YFPricesMissingError('$VIG.VI: possibly delisted; no price data found  (1d 2026-08-08 -> 2026-08-10)'),equity,stock,Cboe Europe,EUR,EQUITY,True,OVERRIDE,no-op (already overridden to VIG.VI),VIG.VI,HIGH,ticker has locked yahoo_ticker in universe_overrides.csv
2026-08-10,OMV,OMV.DE,fail,yfinance_error[OMV.DE] YFPricesMissingError('$OMV.DE: possibly delisted; no price data found  (1d 2026-08-08 -> 2026-08-10)'),equity,stock,Cboe Europe,EUR,EQUITY,True,INVESTIGATE,inspect reason/error; decide override or exclusion,,LOW,reason=fail; error=yfinance_error[OMV.DE] YFPricesMissingError('$OMV.DE: possibly delisted; no price data found  (1d 2026-08-08 -> 2026-08-10)')
2026-08-10,AFX,AFX.DE,fail,yfinance_error[AFX.DE] YFPricesMissingError('$AFX.DE: possibly delisted; no price data found  (1d 2026-08-08 -> 2026-08-10)'),equity,stock,Cboe Europe,EUR,EQUITY,True,INVESTIGATE,inspect reason/error; decide override or exclusion,,LOW,reason=fail; error=yfinance_error[AFX.DE] YFPricesMissingError('$AFX.DE: possibly delisted; no price data found  (1d 2026-08-08 -> 2026-08-10)')
2026-08-10,ACS,ACS.MC,fail,yfinance_error[ACS.MC] YFPricesMissingError('$ACS.MC: possibly delisted; no price data found  (1d 2026-08-08 -> 2026-08-10)'),equity,stock,Cboe Europe,EUR,EQUITY,True,INVESTIGATE,inspect reason/error; decide override or exclusion,,LOW,reason=fail; error=yfinance_error[ACS.MC] YFPricesMissingError('$ACS.MC: possibly delisted; no price data found  (1d 2026-08-08 -> 2026-08-10)')
2026-08-10,REE,RED.MC,fail,yfinance_error[RED.MC] YFPricesMissingError('$RED.MC: possibly delisted; no price data found  (1d 2026-08-08 -> 2026-08-10)'),equity,stock,Cboe Europe,EUR,EQUITY,True,OVERRIDE,no-op (already overridden to RED.MC),RED.MC,HIGH,ticker has locked yahoo_ticker in universe_overrides.csv
2026-08-10,FORTUM,FORTUM.HE,fail,yfinance_error[FORTUM.HE] YFPricesMissingError('$FORTUM.HE: possibly delisted; no price data found  (1d 2026-08-08 -> 2026-08-10)'),equity,stock,Cboe Europe,EUR,EQUITY,True,INVESTIGATE,inspect reason/error; decide override or exclusion,,LOW,reason=fail; error=yfinance_error[FORTUM.HE] YFPricesMissingError('$FORTUM.HE: possibly delisted; no price data found  (1d 2026-08-08 -> 2026-08-10)')
2026-08-10,EOAN,EOAN.DE,fail,yfinance_error[EOAN.DE] YFPricesMissingError('$EOAN.DE: possibly delisted; no price data found  (1d 2026-08-08 -> 2026-08-10)'),equity,stock,Cboe Europe,EUR,EQUITY,True,OVERRIDE,no-op (already overridden to EOAN.DE),EOAN.DE,HIGH,ticker has locked yahoo_ticker in universe_overrides.csv
2026-08-10,GEST,GEST.MC,fail,yfinance_error[GEST.MC] YFPricesMissingError('$GEST.MC: possibly delisted; no price data found  (1d 2026-08-08 -> 2026-08-10)'),equity,stock,Cboe Europe,EUR,EQUITY,True,INVESTIGATE,inspect reason/error; decide override or exclusion,,LOW,reason=fail; error=yfinance_error[GEST.MC] YFPricesMissingError('$GEST.MC: possibly delisted; no price data found  (1d 2026-08-08 -> 2026-08-10)')
2026-08-10,IMCD,IMCD.AS,fail,yfinance_error[IMCD.AS] YFPricesMissingError('$IMCD.AS: possibly delisted; no price data found  (1d 2026-08-08 -> 2026-08-10)'),equity,stock,Cboe Europe,EUR,EQUITY,True,INVESTIGATE,inspect reason/error; decide override or exclusion,,LOW,reason=fail; error=yfinance_error[IMCD.AS] YFPricesMissingError('$IMCD.AS: possibly delisted; no price data found  (1d 2026-08-08 -> 2026-08-10)')
2026-08-10,VOE,VOE.VI,fail,yfinance_error[VOE.VI] YFPricesMissingError('$VOE.VI: possibly delisted; no price data found  (1d 2026-08-08 -> 2026-08-10)'),equity,stock,Cboe Europe,EUR,EQUITY,True,OVERRIDE,no-op (already overridden to VOE.VI),VOE.VI,HIGH,ticker has locked yahoo_ticker in universe_overrides.csv
2026-08-10,ML,ML.PA,fail,yfinance_error[ML.PA] YFPricesMissingError('$ML.PA: possibly delisted; no price data found  (1d 2026-08-08 -> 2026-08-10)'),equity,stock,Cboe Europe,EUR,EQUITY,True,INVESTIGATE,inspect reason/error; decide override or exclusion,,LOW,reason=fail; error=yfinance_error[ML.PA] YFPricesMissingError('$ML.PA: possibly delisted; no price data found  (1d 2026-08-08 -> 2026-08-10)')
2026-08-10,AIXA,AIXA.DE,fail,yfinance_error[AIXA.DE] YFPricesMissingError('$AIXA.DE: possibly delisted; no price data found  (1d 2026-08-08 -> 2026-08-10)'),equity,stock,Cboe Europe,EUR,EQUITY,True,INVESTIGATE,inspect reason/error; decide override or exclusion,,LOW,reason=fail; error=yfinance_error[AIXA.DE] YFPricesMissingError('$AIXA.DE: possibly delisted; no price data found  (1d 2026-08-08 -> 2026-08-10)')
2026-08-10,WRT1V,WRT1V.HE,fail,yfinance_error[WRT1V.HE] YFPricesMissingError('$WRT1V.HE: possibly delisted; no price data found  (1d 2026-08-08 -> 2026-08-10)'),equity,stock,Cboe Europe,EUR,EQUITY,True,INVESTIGATE,inspect reason/error; decide override or exclusion,,LOW,reason=fail; error=yfinance_error[WRT1V.HE] YFPricesMissingError('$WRT1V.HE: possibly delisted; no price data found  (1d 2026-08-08 -> 2026-08-10)')
2026-08-10,ISP,ISP.MI,fail,yfinance_error[ISP.MI] YFPricesMissingError('$ISP.MI: possibly delisted; no price data found  (1d 2026-08-08 -> 2026-08-10)'),equity,stock,Cboe Europe,EUR,EQUITY,True,INVESTIGATE,inspect reason/error; decide override or exclusion,,LOW,reason=fail; error=yfinance_error[ISP.MI] YFPricesMissingError('$ISP.MI: possibly delisted; no price data found  (1d 2026-08-08 -> 2026-08-10)')
2026-08-10,MBG,MBG.DE,fail,yfinance_error[MBG.DE] YFPricesMissingError('$MBG.DE: possibly delisted; no price data found  (1d 2026-08-08 -> 2026-08-10)'),equity,stock,Cboe Europe,EUR,EQUITY,True,OVERRIDE,no-op (already overridden to MBG.DE),MBG.DE,HIGH,ticker has locked yahoo_ticker in universe_overrides.csv
2026-08-10,BIM,BIM.PA,fail,yfinance_error[BIM.PA] YFPricesMissingError('$BIM.PA: possibly delisted; no price data found  (1d 2026-08-08 -> 2026-08-10)'),equity,stock,Cboe Europe,EUR,EQUITY,True,OVERRIDE,no-op (already overridden to BIM.PA),BIM.PA,HIGH,ticker has locked yahoo_ticker in universe_overrides.csv
2026-08-10,PSTG,PSTG,fail,"yfinance_error[PSTG] YFPricesMissingError('$PSTG: possibly delisted; no price data found  (1d 2026-07-29 -> 2026-08-10) (Yahoo error = ""No data found, symbol may be delisted"")')",equity,stock,NYSE,NAN,NAN,False,INVESTIGATE,inspect reason/error; decide override or exclusion,,LOW,"reason=fail; error=yfinance_error[PSTG] YFPricesMissingError('$PSTG: possibly delisted; no price data found  (1d 2026-07-29 -> 2026-08-10) (Yahoo error = ""No data found, symbol ma"
2026-08-10,EVK,EVK.DE,fail,yfinance_error[EVK.DE] YFPricesMissingError('$EVK.DE: possibly delisted; no price data found  (1d 2026-08-08 -> 2026-08-10)'),equity,stock,Cboe Europe,EUR,EQUITY,True,INVESTIGATE,inspect reason/error; decide override or exclusion,,LOW,reason=fail; error=yfinance_error[EVK.DE] YFPricesMissingError('$EVK.DE: possibly delisted; no price data found  (1d 2026-08-08 -> 2026-08-10)')
2026-08-10,AUD-USD,AUDUSD=X,empty,"no_ohlcv_from_yahoo. meta={'currency': 'USD', 'exchange': 'CCY', 'quoteType': 'CURRENCY'}",fx,fx_pair,Forex,USD,CRYPTOCURRENCY,True,OVERRIDABLE,add override: yahoo_ticker=AUDUSD=X.DE (then re-run ingest),AUDUSD=X.DE,LOW,empty OHLCV; region-based suffix guess from region=Forex
2026-08-10,UN01,UN0.DE,fail,yfinance_error[UN0.DE] YFPricesMissingError('$UN0.DE: possibly delisted; no price data found  (1d 2026-08-08 -> 2026-08-10)'),equity,stock,Cboe Europe,EUR,EQUITY,True,OVERRIDE,no-op (already overridden to UN0.DE),UN0.DE,HIGH,ticker has locked yahoo_ticker in universe_overrides.csv
2026-08-10,SAMPO,SAMPO.HE,fail,yfinance_error[SAMPO.HE] YFPricesMissingError('$SAMPO.HE: possibly delisted; no price data found  (1d 2026-08-08 -> 2026-08-10)'),equity,stock,Cboe Europe,EUR,EQUITY,True,INVESTIGATE,inspect reason/error; decide override or exclusion,,LOW,reason=fail; error=yfinance_error[SAMPO.HE] YFPricesMissingError('$SAMPO.HE: possibly delisted; no price data found  (1d 2026-08-08 -> 2026-08-10)')
2026-08-10,SAN,SAN.PA,fail,yfinance_error[SAN.PA] YFPricesMissingError('$SAN.PA: possibly delisted; no price data found  (1d 2026-08-08 -> 2026-08-10)'),equity,stock,Cboe Europe,EUR,EQUITY,True,OVERRIDE,no-op (already overridden to SAN.PA),SAN.PA,HIGH,ticker has locked yahoo_ticker in universe_overrides.csv
2026-08-10,CS,CS.PA,fail,yfinance_error[CS.PA] YFPricesMissingError('$CS.PA: possibly delisted; no price data found  (1d 2026-08-08 -> 2026-08-10)'),equity,stock,Cboe Europe,EUR,EQUITY,True,INVESTIGATE,inspect reason/error; decide override or exclusion,,LOW,reason=fail; error=yfinance_error[CS.PA] YFPricesMissingError('$CS.PA: possibly delisted; no price data found  (1d 2026-08-08 -> 2026-08-10)')
2026-08-10,HNR1,HNR1.DE,fail,yfinance_error[HNR1.DE] YFPricesMissingError('$HNR1.DE: possibly delisted; no price data found  (1d 2026-08-08 -> 2026-08-10)'),equity,stock,Cboe Europe,EUR,EQUITY,True,INVESTIGATE,inspect reason/error; decide override or exclusion,,LOW,reason=fail; error=yfinance_error[HNR1.DE] YFPricesMissingError('$HNR1.DE: possibly delisted; no price data found  (1d 2026-08-08 -> 2026-08-10)')
2026-08-10,ENG,ENG.MC,fail,yfinance_error[ENG.MC] YFPricesMissingError('$ENG.MC: possibly delisted; no price data found  (1d 2026-08-08 -> 2026-08-10)'),equity,stock,Cboe Europe,EUR,EQUITY,True,OVERRIDE,no-op (already overridden to ENG.MC),ENG.MC,HIGH,ticker has locked yahoo_ticker in universe_overrides.csv
2026-08-10,BOSS,BOSS.DE,fail,yfinance_error[BOSS.DE] YFPricesMissingError('$BOSS.DE: possibly delisted; no price data found  (1d 2026-08-08 -> 2026-08-10)'),equity,stock,Cboe Europe,EUR,EQUITY,True,OVERRIDE,no-op (already overridden to BOSS.DE),BOSS.DE,HIGH,ticker has locked yahoo_ticker in universe_overrides.csv
2026-08-10,SHA,SHA0.DE,fail,yfinance_error[SHA0.DE] YFPricesMissingError('$SHA0.DE: possibly delisted; no price data found  (1d 2026-08-08 -> 2026-08-10)'),equity,stock,Cboe Europe,EUR,EQUITY,True,OVERRIDE,no-op (already overridden to SHA0.DE),SHA0.DE,HIGH,ticker has locked yahoo_ticker in universe_overrides.csv
2026-08-10,GALP,GALP.LS,fail,yfinance_error[GALP.LS] YFPricesMissingError('$GALP.LS: possibly delisted; no price data found  (1d 2026-08-08 -> 2026-08-10)'),equity,stock,Cboe Europe,EUR,EQUITY,True,OVERRIDE,no-op (already overridden to GALP.LS),GALP.LS,HIGH,ticker has locked yahoo_ticker in universe_overrides.csv
